mtllib missle2.mtl
o Object_0.002
v 0.000272 8.62969 3.59234
v 0.000199 8.62969 3.59224
v 0 6.8933 3.59246
v 9.2e-05 8.62969 3.59218
v -3.1e-05 8.62969 3.59216
v -0.000145 8.62969 3.59221
v -0.000229 8.62969 3.59229
v -0.000277 8.62969 3.5924
v -0.000277 8.62969 3.59252
v -0.00023 8.62969 3.59263
v 0 6.8933 3.59246
v -0.00023 8.62969 3.59263
v 8.8e-05 8.62969 3.59273
v 8.8e-05 8.62969 3.59273
v 0.00019 8.62969 3.59267
v 0.000259 8.62969 3.59258
v 0.000291 8.62969 3.59246
vt 0.149647 0.282159
vt 0.111001 0.310207
vt 0.195633 0.386238
vt 0.087469 0.351197
vt 0.082503 0.398162
vt 0.099451 0.44174
vt 0.131943 0.473996
vt 0.173287 0.492384
vt 0.218194 0.492384
vt 0.259322 0.474072
vt 0.195633 0.386238
vt 0.259322 0.474072
vt 0.298831 0.352544
vt 0.298831 0.352544
vt 0.276378 0.313528
vt 0.239892 0.287015
vt 0.195741 0.27501
vn -0.923791 0.000199998 0.382896
vn -0.669241 0.000200012 0.743045
vn 0 1 0
vn -0.306009 0.000200006 0.952029
vn 0.129707 0.000200011 0.991552
vn 0.545807 0.000200003 0.837911
vn 0.825579 0.000199995 0.564286
vn 0.978001 0.0002 0.2086
vn 0.978888 0.000199998 -0.204397
vn 0.916943 0.000200009 -0.399019
vn 0.308116 0.000100005 -0.951349
vn 0.308116 0.000100005 -0.951349
vn 0.308116 0.000100005 -0.951349
vn -0.501525 0.00020001 -0.865143
vn -0.669401 0.0002 -0.742901
vn -0.90124 0.000200009 -0.433319
vn -0.998486 0.000199997 -0.0549993
usemtl blinn1SG.001
s off
f 1/1/1 2/2/2 3/3/3
f 2/2/2 4/4/4 3/3/3
f 4/4/4 5/5/5 3/3/3
f 5/5/5 6/6/6 3/3/3
f 6/6/6 7/7/7 3/3/3
f 7/7/7 8/8/8 3/3/3
f 8/8/8 9/9/9 3/3/3
f 9/9/9 10/10/10 3/3/3
f 11/11/11 12/12/12 13/13/13
f 14/14/14 15/15/15 3/3/3
f 15/15/15 16/16/16 3/3/3
f 16/16/16 17/17/17 3/3/3
f 17/17/17 1/1/1 3/3/3

o Object_0.003
v 0.022674 -4.83621 -0.215617
v 0.016738 -4.83621 -0.651145
v 0.022674 -5.88424 -0.215617
v -0.022674 -4.83621 -0.215617
v -0.022674 -5.88424 -0.215617
v -0.016738 -4.83621 -0.651145
v -0.215617 -4.83621 -0.022674
v -0.651145 -4.83621 -0.016738
v -0.215617 -5.88424 -0.022674
v -0.215617 -4.83621 0.022674
v -0.215617 -5.88424 0.022674
v -0.651145 -4.83621 0.016738
v 0.215617 -4.83621 0.022674
v 0.651145 -4.83621 0.016738
v 0.215617 -5.88424 0.022674
v 0.215617 -4.83621 -0.022674
v 0.215617 -5.88424 -0.022674
v 0.651145 -4.83621 -0.016738
v -0.022674 -4.83621 0.215617
v -0.016738 -4.83621 0.651145
v -0.022674 -5.88424 0.215617
v 0.022674 -4.83621 0.215617
v 0.022674 -5.88424 0.215617
v 0.016738 -4.83621 0.651145
v -0.22251 -0.249978 -0.01871
v -0.581897 -0.249978 -0.013812
v -0.581897 -0.682386 -0.016261
v -0.22251 -1.16774 -0.01871
v -0.22251 -0.249978 0.01871
v -0.22251 -1.16774 0.01871
v -0.581897 -0.682386 0.016261
v -0.581897 -0.249978 0.013812
v -0.581897 -0.682386 -0.016261
v -0.581897 -0.249978 -0.013812
v -0.581897 -0.249978 0.013812
v -0.581897 -0.682386 0.016261
v -0.22251 -1.16774 -0.01871
v -0.22251 -1.16774 0.01871
v -0.208553 -1.16774 0.01871
v -0.208553 -1.16774 -0.01871
v -0.581897 -0.249978 -0.013812
v -0.22251 -0.249978 -0.01871
v -0.22251 -0.249978 0.01871
v -0.581897 -0.249978 0.013812
v -0.208553 -0.249978 -0.01871
v -0.208553 -1.16774 -0.01871
v -0.208553 -1.16774 0.01871
v -0.208553 -0.249978 0.01871
v -0.22251 -0.249978 -0.01871
v -0.22251 -1.16774 -0.01871
v -0.208553 -1.16774 -0.01871
v -0.208553 -0.249978 -0.01871
v -0.208553 -0.249978 -0.01871
v -0.208553 -0.249978 0.01871
v -0.22251 -1.16774 0.01871
v -0.22251 -0.249978 0.01871
v -0.208553 -0.249978 0.01871
v -0.208553 -1.16774 0.01871
v -0.22251 -1.16774 -0.01871
v -0.581897 -0.682386 -0.016261
v -0.581897 -0.682386 0.016261
v -0.22251 -1.16774 0.01871
v 0.01871 -0.249977 -0.22251
v 0.013812 -0.249977 -0.581897
v 0.016261 -0.682386 -0.581897
v 0.01871 -1.16774 -0.22251
v -0.01871 -0.249977 -0.22251
v -0.01871 -1.16774 -0.22251
v -0.016261 -0.682386 -0.581897
v -0.013812 -0.249977 -0.581897
v 0.016261 -0.682386 -0.581897
v 0.013812 -0.249977 -0.581897
v -0.013812 -0.249977 -0.581897
v -0.016261 -0.682386 -0.581897
v 0.01871 -1.16774 -0.22251
v -0.01871 -1.16774 -0.22251
v -0.01871 -1.16774 -0.208553
v 0.01871 -1.16774 -0.208553
v 0.013812 -0.249977 -0.581897
v 0.01871 -0.249977 -0.22251
v -0.01871 -0.249977 -0.22251
v -0.013812 -0.249977 -0.581897
v 0.01871 -0.249977 -0.208553
v 0.01871 -1.16774 -0.208553
v -0.01871 -1.16774 -0.208553
v -0.01871 -0.249977 -0.208553
v 0.01871 -0.249977 -0.22251
v 0.01871 -1.16774 -0.22251
v 0.01871 -1.16774 -0.208553
v 0.01871 -0.249977 -0.208553
v 0.01871 -0.249977 -0.208553
v -0.01871 -0.249977 -0.208553
v -0.01871 -1.16774 -0.22251
v -0.01871 -0.249977 -0.22251
v -0.01871 -0.249977 -0.208553
v -0.01871 -1.16774 -0.208553
v 0.01871 -1.16774 -0.22251
v 0.016261 -0.682386 -0.581897
v -0.016261 -0.682386 -0.581897
v -0.01871 -1.16774 -0.22251
v 0.22251 -0.249977 0.01871
v 0.581897 -0.249977 0.013812
v 0.581897 -0.682385 0.016261
v 0.22251 -1.16774 0.01871
v 0.22251 -0.249977 -0.01871
v 0.22251 -1.16774 -0.01871
v 0.581897 -0.682385 -0.016261
v 0.581897 -0.249977 -0.013812
v 0.581897 -0.682385 0.016261
v 0.581897 -0.249977 0.013812
v 0.581897 -0.249977 -0.013812
v 0.581897 -0.682385 -0.016261
v 0.22251 -1.16774 0.01871
v 0.22251 -1.16774 -0.01871
v 0.208553 -1.16774 -0.01871
v 0.208553 -1.16774 0.01871
v 0.581897 -0.249977 0.013812
v 0.22251 -0.249977 0.01871
v 0.22251 -0.249977 -0.01871
v 0.581897 -0.249977 -0.013812
v 0.208553 -0.249977 0.01871
v 0.208553 -1.16774 0.01871
v 0.208553 -1.16774 -0.01871
v 0.208553 -0.249977 -0.01871
v 0.22251 -0.249977 0.01871
v 0.22251 -1.16774 0.01871
v 0.208553 -1.16774 0.01871
v 0.208553 -0.249977 0.01871
v 0.208553 -0.249977 0.01871
v 0.208553 -0.249977 -0.01871
v 0.22251 -1.16774 -0.01871
v 0.22251 -0.249977 -0.01871
v 0.208553 -0.249977 -0.01871
v 0.208553 -1.16774 -0.01871
v 0.22251 -1.16774 0.01871
v 0.581897 -0.682385 0.016261
v 0.581897 -0.682385 -0.016261
v 0.22251 -1.16774 -0.01871
v -0.01871 -0.249977 0.22251
v -0.013812 -0.249977 0.581897
v -0.016261 -0.682385 0.581897
v -0.01871 -1.16774 0.22251
v 0.01871 -0.249977 0.22251
v 0.01871 -1.16774 0.22251
v 0.016261 -0.682385 0.581897
v 0.013812 -0.249977 0.581897
v -0.016261 -0.682385 0.581897
v -0.013812 -0.249977 0.581897
v 0.013812 -0.249977 0.581897
v 0.016261 -0.682385 0.581897
v -0.01871 -1.16774 0.22251
v 0.01871 -1.16774 0.22251
v 0.01871 -1.16774 0.208553
v -0.01871 -1.16774 0.208553
v -0.013812 -0.249977 0.581897
v -0.01871 -0.249977 0.22251
v 0.01871 -0.249977 0.22251
v 0.013812 -0.249977 0.581897
v -0.01871 -0.249977 0.208553
v -0.01871 -1.16774 0.208553
v 0.01871 -1.16774 0.208553
v 0.01871 -0.249977 0.208553
v -0.01871 -0.249977 0.22251
v -0.01871 -1.16774 0.22251
v -0.01871 -1.16774 0.208553
v -0.01871 -0.249977 0.208553
v -0.01871 -0.249977 0.208553
v 0.01871 -0.249977 0.208553
v 0.01871 -1.16774 0.22251
v 0.01871 -0.249977 0.22251
v 0.01871 -0.249977 0.208553
v 0.01871 -1.16774 0.208553
v -0.01871 -1.16774 0.22251
v -0.016261 -0.682385 0.581897
v 0.016261 -0.682385 0.581897
v 0.01871 -1.16774 0.22251
v 0.022674 -5.88424 -0.215617
v 0.016738 -4.83621 -0.651145
v -0.016738 -4.83621 -0.651145
v -0.022674 -5.88424 -0.215617
v 0.022674 -5.88424 -0.215617
v -0.022674 -5.88424 -0.215617
v -0.022674 -5.88424 -0.198704
v 0.022674 -5.88424 -0.198704
v 0.016738 -4.83621 -0.651145
v 0.022674 -4.83621 -0.215617
v -0.022674 -4.83621 -0.215617
v -0.016738 -4.83621 -0.651145
v 0.022674 -4.83621 -0.198704
v 0.022674 -5.88424 -0.198704
v -0.022674 -5.88424 -0.198704
v -0.022674 -4.83621 -0.198704
v 0.022674 -4.83621 -0.215617
v 0.022674 -5.88424 -0.215617
v 0.022674 -5.88424 -0.198704
v 0.022674 -4.83621 -0.198704
v 0.022674 -4.83621 -0.198704
v -0.022674 -4.83621 -0.198704
v -0.022674 -5.88424 -0.215617
v -0.022674 -4.83621 -0.215617
v -0.022674 -4.83621 -0.198704
v -0.022674 -5.88424 -0.198704
v -0.215617 -5.88424 -0.022674
v -0.651145 -4.83621 -0.016738
v -0.651145 -4.83621 0.016738
v -0.215617 -5.88424 0.022674
v -0.215617 -5.88424 -0.022674
v -0.215617 -5.88424 0.022674
v -0.198704 -5.88424 0.022674
v -0.198704 -5.88424 -0.022674
v -0.651145 -4.83621 -0.016738
v -0.215617 -4.83621 -0.022674
v -0.215617 -4.83621 0.022674
v -0.651145 -4.83621 0.016738
v -0.198704 -4.83621 -0.022674
v -0.198704 -5.88424 -0.022674
v -0.198704 -5.88424 0.022674
v -0.198704 -4.83621 0.022674
v -0.215617 -4.83621 -0.022674
v -0.215617 -5.88424 -0.022674
v -0.198704 -5.88424 -0.022674
v -0.198704 -4.83621 -0.022674
v -0.198704 -4.83621 -0.022674
v -0.198704 -4.83621 0.022674
v -0.215617 -5.88424 0.022674
v -0.215617 -4.83621 0.022674
v -0.198704 -4.83621 0.022674
v -0.198704 -5.88424 0.022674
v 0.215617 -5.88424 0.022674
v 0.651145 -4.83621 0.016738
v 0.651145 -4.83621 -0.016738
v 0.215617 -5.88424 -0.022674
v 0.215617 -5.88424 0.022674
v 0.215617 -5.88424 -0.022674
v 0.198704 -5.88424 -0.022674
v 0.198704 -5.88424 0.022674
v 0.651145 -4.83621 0.016738
v 0.215617 -4.83621 0.022674
v 0.215617 -4.83621 -0.022674
v 0.651145 -4.83621 -0.016738
v 0.198704 -4.83621 0.022674
v 0.198704 -5.88424 0.022674
v 0.198704 -5.88424 -0.022674
v 0.198704 -4.83621 -0.022674
v 0.215617 -4.83621 0.022674
v 0.215617 -5.88424 0.022674
v 0.198704 -5.88424 0.022674
v 0.198704 -4.83621 0.022674
v 0.198704 -4.83621 0.022674
v 0.198704 -4.83621 -0.022674
v 0.215617 -5.88424 -0.022674
v 0.215617 -4.83621 -0.022674
v 0.198704 -4.83621 -0.022674
v 0.198704 -5.88424 -0.022674
v -0.022674 -5.88424 0.215617
v -0.016738 -4.83621 0.651145
v 0.016738 -4.83621 0.651145
v 0.022674 -5.88424 0.215617
v -0.022674 -5.88424 0.215617
v 0.022674 -5.88424 0.215617
v 0.022674 -5.88424 0.198704
v -0.022674 -5.88424 0.198704
v -0.016738 -4.83621 0.651145
v -0.022674 -4.83621 0.215617
v 0.022674 -4.83621 0.215617
v 0.016738 -4.83621 0.651145
v -0.022674 -4.83621 0.198704
v -0.022674 -5.88424 0.198704
v 0.022674 -5.88424 0.198704
v 0.022674 -4.83621 0.198704
v -0.022674 -4.83621 0.215617
v -0.022674 -5.88424 0.215617
v -0.022674 -5.88424 0.198704
v -0.022674 -4.83621 0.198704
v -0.022674 -4.83621 0.198704
v 0.022674 -4.83621 0.198704
v 0.022674 -5.88424 0.215617
v 0.022674 -4.83621 0.215617
v 0.022674 -4.83621 0.198704
v 0.022674 -5.88424 0.198704
v 0.013691 -7.6386 0.01369
v 0.007409 -7.6386 0.017887
v 0 -7.67786 -8.52651e-16
v -0.01369 -7.6386 -0.013691
v -0.007409 -7.6386 -0.017888
v 0 -7.67786 -8.52651e-16
v 0.017888 -7.6386 0.007409
v 0.013691 -7.6386 0.01369
v 0 -7.67786 -8.52651e-16
v -0.017887 -7.6386 -0.007409
v -0.01369 -7.6386 -0.013691
v 0 -7.67786 -8.52651e-16
v 0.019362 -7.6386 -8.52651e-16
v -0.019361 -7.6386 -8.52651e-16
v 0.017888 -7.6386 -0.007409
v -0.017887 -7.6386 0.007409
v 0.013691 -7.6386 -0.013691
v -0.01369 -7.6386 0.01369
v 0.007409 -7.6386 -0.017888
v 0.013691 -7.6386 -0.013691
v -0.007409 -7.6386 0.017887
v -0.01369 -7.6386 0.01369
v 0 -7.6386 -0.019361
v 0 -7.6386 0.019361
v -0.168698 -0.0696743 0.168698
v -0.168698 -0.19063 0.168698
v -0.202014 -0.0696743 0.202014
v 0.109329 -0.0696743 0.263943
v 0.091299 -0.19063 0.220415
v 0.091299 -0.0696743 0.220414
v -0.091299 -0.19063 0.220415
v -0.091299 -0.0696743 0.220414
v -0.109329 -0.0696743 0.263944
v -0 -0.0696743 0.28569
v -0 -0.0696743 0.238575
v -0 -0.19063 0.238575
v 0.202014 -0.0696743 0.202014
v 0.168698 -0.0696743 0.168698
v 0.168698 -0.19063 0.168698
v 0.263943 -0.0696743 0.109329
v 0.220414 -0.19063 0.091299
v 0.220414 -0.0696743 0.091299
v 0.263943 -0.0696743 -0.109329
v 0.220414 -0.19063 -0.091298
v 0.220414 -0.0696743 -0.091299
v 0.28569 -0.0696743 -8.52651e-16
v 0.238575 -0.0696743 -8.52651e-16
v 0.238575 -0.19063 -8.52651e-16
v 0.202014 -0.0696743 -0.202014
v 0.168698 -0.0696743 -0.168698
v 0.168698 -0.19063 -0.168698
v 0.109329 -0.0696743 -0.263943
v 0.091299 -0.19063 -0.220414
v 0.091299 -0.0696743 -0.220414
v 0 -0.0696743 -0.238575
v 0 -0.19063 -0.238575
v 0 -0.0696743 -0.28569
v -0.091299 -0.0696743 -0.220414
v -0.109329 -0.0696743 -0.263944
v -0.091299 -0.19063 -0.220414
v -0.168698 -0.0696743 -0.168698
v -0.168698 -0.19063 -0.168698
v -0.202014 -0.0696743 -0.202014
v -0.220414 -0.0696743 -0.091299
v -0.263943 -0.0696743 -0.109329
v -0.220414 -0.19063 -0.091298
v -0.238575 -0.0696743 -8.52651e-16
v -0.238575 -0.19063 -8.52651e-16
v -0.28569 -0.0696743 -8.52651e-16
v -0.220414 -0.0696743 0.091299
v -0.263943 -0.0696743 0.109329
v -0.220414 -0.19063 0.091299
v 0 -3.79865 0.212374
v 0 -6.41022 0.212374
v 0.081272 -6.41022 0.196208
v 0.081272 -3.79865 0.196208
v 0.150171 -6.41022 0.150171
v 0.150171 -3.79865 0.150171
v 0.150171 -3.79865 0.150171
v 0.150171 -6.41022 0.150171
v 0.196208 -6.41022 0.081272
v 0.196208 -3.79865 0.081272
v 0.212374 -6.41022 -8.52651e-16
v 0.212374 -3.79865 -8.52651e-16
v 0.196208 -6.41022 -0.081272
v 0.196208 -3.79865 -0.081272
v 0.150171 -6.41022 -0.150171
v 0.150171 -3.79865 -0.150171
v 0.150171 -3.79865 -0.150171
v 0.150171 -6.41022 -0.150171
v 0.081272 -6.41022 -0.196208
v 0.081272 -3.79865 -0.196208
v 0 -6.41022 -0.212374
v 0 -3.79865 -0.212374
v -0.081272 -6.41022 -0.196208
v -0.081272 -3.79865 -0.196208
v -0.150171 -6.41022 -0.150171
v -0.150171 -3.79865 -0.150171
v -0.150171 -3.79865 -0.150171
v -0.150171 -6.41022 -0.150171
v -0.196208 -6.41022 -0.081272
v -0.196208 -3.79865 -0.081272
v -0.212374 -6.41022 -8.52651e-16
v -0.212374 -3.79865 -8.52651e-16
v -0.196208 -6.41022 0.081272
v -0.196208 -3.79865 0.081272
v -0.150171 -6.41022 0.150171
v -0.150171 -3.79865 0.150171
v -0.150171 -3.79865 0.150171
v -0.150171 -6.41022 0.150171
v -0.081272 -6.41022 0.196208
v -0.081272 -3.79865 0.196208
v 0.095755 -1.24428 0.231174
v 0.176933 -1.24428 0.176933
v 0.176933 -0.609802 0.176933
v 0.095755 -0.609802 0.231174
v 0.212374 -6.41022 -8.52651e-16
v 0.196208 -6.41022 0.081272
v 0.188589 -6.41022 0.078116
v 0.204127 -6.41022 -8.52651e-16
v 0 -6.41022 0.212374
v -0.081272 -6.41022 0.196208
v -0.078116 -6.41022 0.188589
v 0 -6.41022 0.204127
v -0.196208 -6.41022 -0.081272
v -0.150171 -6.41022 -0.150171
v -0.144339 -6.41022 -0.14434
v -0.188589 -6.41022 -0.078116
v 0.150171 -6.41022 -0.150171
v 0.196208 -6.41022 -0.081272
v 0.188589 -6.41022 -0.078116
v 0.144339 -6.41022 -0.14434
v -0.196208 -6.41022 0.081272
v -0.212374 -6.41022 -8.52651e-16
v -0.204127 -6.41022 -8.52651e-16
v -0.188589 -6.41022 0.078116
v 0.081272 -6.41022 0.196208
v 0.078116 -6.41022 0.188588
v 0 -6.41022 -0.212374
v 0.081272 -6.41022 -0.196208
v 0.078116 -6.41022 -0.188589
v 0 -6.41022 -0.204127
v 0.150171 -6.41022 0.150171
v 0.144339 -6.41022 0.144339
v -0.150171 -6.41022 0.150171
v -0.144339 -6.41022 0.144339
v -0.081272 -6.41022 -0.196208
v -0.078116 -6.41022 -0.188589
v 0.196208 -3.63101 -0.081272
v 0.150171 -3.63101 -0.150171
v 0.163739 -3.63101 -0.163739
v 0.213935 -3.63101 -0.088615
v -0.081272 -3.63101 0.196208
v 0 -3.63101 0.212374
v -0.212374 -3.63101 -8.52651e-16
v -0.196208 -3.63101 0.081272
v -0.213935 -3.63101 0.088615
v -0.231562 -3.63101 -8.52651e-16
v -0.150171 -3.63101 0.150171
v -0.250221 -1.24428 -8.52651e-16
v -0.231174 -1.24428 -0.095755
v -0.213935 -1.25294 -0.088615
v -0.231562 -1.25294 -8.52651e-16
v -0.196208 -3.63101 0.081272
v -0.150171 -3.63101 0.150171
v 0.231174 -1.24428 0.095755
v 0.176933 -1.24428 0.176933
v 0.163739 -1.25294 0.163739
v 0.213935 -1.25294 0.088615
v -0.212374 -3.63101 -8.52651e-16
v 0.081272 -3.63101 -0.196208
v 0.088615 -3.63101 -0.213935
v -0.196208 -3.63101 -0.081272
v -0 -1.24428 0.250221
v -0.095755 -1.24428 0.231174
v -0.088615 -1.25294 0.213935
v -0 -1.25294 0.231562
v -0.150171 -3.63101 -0.150171
v 0.095755 -1.24428 -0.231174
v 0.176933 -1.24428 -0.176933
v 0.163739 -1.25294 -0.163739
v 0.088615 -1.25294 -0.213935
v -0.081272 -3.63101 -0.196208
v -0.150171 -3.63101 -0.150171
v -0.150171 -3.63101 0.150171
v -0.163739 -3.63101 0.163739
v 0 -3.63101 -0.212374
v 0 -3.63101 0.212374
v 0.081272 -3.63101 0.196208
v 0.088615 -3.63101 0.213935
v -0 -3.63101 0.231562
v 0.081272 -3.63101 -0.196208
v -0.176933 -1.24428 -0.176933
v -0.163739 -1.25294 -0.163739
v 0.150171 -3.63101 -0.150171
v 0.095755 -1.24428 0.231174
v 0.088615 -1.25294 0.213935
v 0.196208 -3.63101 -0.081272
v 0.150171 -3.63101 -0.150171
v 0 -3.63101 -0.212374
v 0 -3.63101 -0.231562
v 0.212374 -3.63101 -8.52651e-16
v -0.081272 -3.63101 0.196208
v -0.088615 -3.63101 0.213935
v 0.196208 -3.63101 0.081272
v -0.176933 -1.24428 0.176933
v -0.163739 -1.25294 0.163739
v 0.150171 -3.63101 0.150171
v 0.231174 -1.24428 -0.095755
v 0.213935 -1.25294 -0.088615
v 0.081272 -3.63101 0.196208
v 0.150171 -3.63101 0.150171
v 0.150171 -3.63101 0.150171
v 0.163739 -3.63101 0.163739
v -0.088615 -1.25294 0.213935
v -0.088615 -3.63101 0.213935
v -0 -3.63101 0.231562
v -0 -1.25294 0.231562
v -0.163739 -1.25294 0.163739
v -0.163739 -3.63101 0.163739
v -0.213935 -1.25294 0.088615
v -0.213935 -3.63101 0.088615
v -0.163739 -3.63101 0.163739
v -0.163739 -1.25294 0.163739
v -0.231562 -1.25294 -8.52651e-16
v -0.231562 -3.63101 -8.52651e-16
v -0.213935 -1.25294 -0.088615
v -0.213935 -3.63101 -0.088615
v -0.163739 -1.25294 -0.163739
v -0.163739 -3.63101 -0.163739
v -0.088615 -1.25294 -0.213935
v -0.088615 -3.63101 -0.213935
v -0.163739 -3.63101 -0.163739
v -0.163739 -1.25294 -0.163739
v 0 -1.25294 -0.231562
v 0 -3.63101 -0.231562
v 0.088615 -1.25294 -0.213935
v 0.088615 -3.63101 -0.213935
v 0.163739 -1.25294 -0.163739
v 0.163739 -3.63101 -0.163739
v 0.213935 -1.25294 -0.088615
v 0.213935 -3.63101 -0.088615
v 0.163739 -3.63101 -0.163739
v 0.163739 -1.25294 -0.163739
v 0.231562 -1.25294 -8.52651e-16
v 0.231562 -3.63101 -8.52651e-16
v 0.213935 -1.25294 0.088615
v 0.213935 -3.63101 0.088615
v 0.163739 -1.25294 0.163739
v 0.163739 -3.63101 0.163739
v 0.088615 -1.25294 0.213935
v 0.088615 -3.63101 0.213935
v 0.163739 -3.63101 0.163739
v 0.163739 -1.25294 0.163739
v 0 -1.24428 -0.250221
v 0 -1.25294 -0.231562
v -0.196208 -3.63101 -0.081272
v -0.213935 -3.63101 -0.088615
v 0.250221 -1.24428 -8.52651e-16
v 0.231562 -1.25294 -8.52651e-16
v 0.212374 -3.63101 -8.52651e-16
v 0.231562 -3.63101 -8.52651e-16
v -0.231174 -1.24428 0.095756
v -0.213935 -1.25294 0.088615
v -0.150171 -3.63101 -0.150171
v -0.163739 -3.63101 -0.163739
v -0.095755 -1.24428 -0.231174
v -0.088615 -1.25294 -0.213935
v 0.196208 -3.63101 0.081272
v 0.213935 -3.63101 0.088615
v -0.081272 -3.63101 -0.196208
v -0.088615 -3.63101 -0.213935
v 0.188589 -6.41022 -0.078116
v 0.204127 -6.41022 -8.52651e-16
v 0.204127 -6.95312 -8.52651e-16
v 0.188589 -6.95312 -0.078116
v 0.188589 -6.95312 0.078116
v 0.162816 -7.14568 0.067441
v 0.176231 -7.14568 -8.52651e-16
v -0.144339 -6.41022 -0.14434
v -0.078116 -6.41022 -0.188589
v -0.078116 -6.95312 -0.188589
v -0.144339 -6.95312 -0.14434
v -0.078116 -6.41022 0.188589
v -0.144339 -6.41022 0.144339
v -0.144339 -6.95312 0.144339
v -0.078116 -6.95312 0.188589
v 0.188589 -6.41022 0.078116
v 0.144339 -6.41022 0.144339
v 0.144339 -6.95312 0.144339
v 0 -6.41022 -0.204127
v 0.078116 -6.41022 -0.188589
v 0.078116 -6.95312 -0.188589
v 0 -6.95312 -0.204127
v 0.078116 -6.41022 0.188588
v 0 -6.41022 0.204127
v 0 -6.95312 0.204127
v 0.078116 -6.95312 0.188588
v -0.188589 -6.41022 0.078116
v -0.204127 -6.41022 -8.52651e-16
v -0.204127 -6.95312 -8.52651e-16
v -0.188589 -6.95312 0.078116
v 0.144339 -6.41022 -0.14434
v 0.144339 -6.95312 -0.14434
v -0.188589 -6.41022 -0.078116
v -0.144339 -6.41022 -0.14434
v -0.144339 -6.95312 -0.14434
v -0.188589 -6.95312 -0.078116
v -0.144339 -6.41022 0.144339
v -0.144339 -6.95312 0.144339
v 0.144339 -6.41022 0.144339
v 0.144339 -6.95312 0.144339
v 0.144339 -6.41022 -0.14434
v 0.144339 -6.95312 -0.14434
v -0.067441 -7.14568 -0.162816
v 0 -7.14568 -0.176231
v 0 -7.36856 -0.122962
v -0.047055 -7.36856 -0.113602
v -0.162816 -7.14568 -0.067441
v -0.176231 -7.14568 -8.52651e-16
v 0.162816 -7.14568 -0.067441
v -0.162816 -7.14568 0.067441
v 0.124614 -7.14568 -0.124614
v -0.124614 -7.14568 0.124614
v 0.124614 -7.14568 -0.124614
v 0.067441 -7.14568 -0.162816
v -0.124614 -7.14568 0.124614
v -0.06744 -7.14568 0.162816
v 0 -7.14568 0.176231
v 0.067441 -7.14568 0.162816
v 0.124614 -7.14568 0.124614
v -0.124614 -7.14568 -0.124614
v 0.124614 -7.14568 0.124614
v -0.124614 -7.14568 -0.124614
v -0.086947 -7.36856 0.086947
v -0.113602 -7.36856 0.047055
v -0.056372 -7.538 0.02335
v -0.043145 -7.538 0.043145
v 0.047056 -7.36856 0.113602
v 0.086947 -7.36856 0.086947
v -0.086947 -7.36856 -0.086947
v 0.086947 -7.36856 0.086947
v 0.113602 -7.36856 0.047055
v -0.086947 -7.36856 -0.086947
v -0.113602 -7.36856 -0.047056
v 0.122962 -7.36856 -8.52651e-16
v -0.122962 -7.36856 -8.52651e-16
v 0.113602 -7.36856 -0.047056
v 0.086947 -7.36856 -0.086947
v 0.086947 -7.36856 -0.086947
v 0.047056 -7.36856 -0.113602
v -0.086947 -7.36856 0.086947
v -0.047055 -7.36856 0.113602
v 0 -7.36856 0.122962
v -0.061017 -7.538 -8.52651e-16
v -0.056372 -7.538 -0.02335
v 0.043146 -7.538 -0.043146
v 0.02335 -7.538 -0.056372
v -0.043145 -7.538 0.043145
v -0.02335 -7.538 0.056372
v 0 -7.538 -0.061017
v 0 -7.538 0.061017
v 0.02335 -7.538 0.056372
v -0.02335 -7.538 -0.056372
v 0.043146 -7.538 0.043145
v -0.043145 -7.538 -0.043146
v 0.043146 -7.538 0.043145
v 0.056372 -7.538 0.02335
v -0.043145 -7.538 -0.043146
v 0.061017 -7.538 -8.52651e-16
v 0.056372 -7.538 -0.02335
v 0.043146 -7.538 -0.043146
v -0.250221 -0.609802 -8.52651e-16
v -0.231174 -0.609802 0.095756
v -0.220414 -0.609802 0.091299
v -0.238575 -0.609802 -8.52651e-16
v 0.176933 -1.24428 -0.176933
v 0.095755 -1.24428 -0.231174
v 0.095755 -0.609802 -0.231174
v 0.176933 -0.609802 -0.176933
v -0.231174 -1.24428 -0.095755
v -0.250221 -1.24428 -8.52651e-16
v -0.250221 -0.609802 -8.52651e-16
v -0.231174 -0.609802 -0.095755
v 0.250221 -1.24428 -8.52651e-16
v 0.231174 -1.24428 -0.095755
v 0.231174 -0.609802 -0.095755
v 0.250221 -0.609802 -8.52651e-16
v -0.095755 -1.24428 -0.231174
v -0.176933 -1.24428 -0.176933
v -0.176933 -0.609802 -0.176933
v -0.095755 -0.609802 -0.231174
v -0.176933 -1.24428 0.176933
v -0.095755 -1.24428 0.231174
v -0.095755 -0.609802 0.231174
v -0.176933 -0.609802 0.176933
v 0.176933 -1.24428 0.176933
v 0.231174 -1.24428 0.095755
v 0.231174 -0.609802 0.095756
v 0.176933 -0.609802 0.176933
v 0 -1.24428 -0.250221
v 0 -0.609802 -0.250221
v -0 -1.24428 0.250221
v -0 -0.609802 0.250221
v -0.231174 -1.24428 0.095756
v -0.231174 -0.609802 0.095756
v 0.176933 -1.24428 -0.176933
v 0.176933 -0.609802 -0.176933
v -0.176933 -1.24428 -0.176933
v -0.176933 -0.609802 -0.176933
v -0.176933 -1.24428 0.176933
v -0.176933 -0.609802 0.176933
v 0.238575 -0.19063 -8.52651e-16
v 0.220414 -0.19063 0.091299
v 0.232176 -0.19063 0.09617
v 0.251305 -0.19063 -8.52651e-16
v 0.231174 -0.609802 -0.095755
v 0.176933 -0.609802 -0.176933
v 0.168698 -0.609802 -0.168698
v 0.220414 -0.609802 -0.091298
v -0.176933 -0.609802 0.176933
v -0.168698 -0.609802 0.168698
v 0.095755 -0.609802 -0.231174
v 0.091299 -0.609802 -0.220414
v -0.095755 -0.609802 0.231174
v -0.091299 -0.609802 0.220415
v 0 -0.609802 -0.250221
v 0 -0.609802 -0.238575
v -0 -0.609802 0.250221
v 0.095755 -0.609802 0.231174
v 0.091299 -0.609802 0.220415
v -0 -0.609802 0.238575
v -0.095755 -0.609802 -0.231174
v -0.091299 -0.609802 -0.220414
v 0.176933 -0.609802 0.176933
v 0.168698 -0.609802 0.168698
v -0.176933 -0.609802 -0.176933
v -0.168698 -0.609802 -0.168698
v 0.231174 -0.609802 0.095756
v 0.220414 -0.609802 0.091299
v 0.176933 -0.609802 0.176933
v 0.220414 -0.609802 0.091299
v 0.168698 -0.609802 0.168698
v -0.231174 -0.609802 -0.095755
v -0.220414 -0.609802 -0.091298
v -0.176933 -0.609802 -0.176933
v -0.220414 -0.609802 -0.091298
v -0.168698 -0.609802 -0.168698
v 0.250221 -0.609802 -8.52651e-16
v 0.238575 -0.609802 -8.52651e-16
v 0.091299 -0.19063 0.220415
v 0.168698 -0.19063 0.168698
v 0.168698 -0.0696743 0.168698
v 0.091299 -0.0696743 0.220414
v 0.238575 -0.335175 -8.52651e-16
v 0.220414 -0.335175 -0.091298
v 0.232176 -0.335175 -0.09617
v 0.251305 -0.335175 -8.52651e-16
v 0.168698 -0.19063 0.168698
v 0.1777 -0.19063 0.1777
v -0 -0.19063 0.238575
v -0.091299 -0.19063 0.220415
v -0.09617 -0.19063 0.232176
v -0 -0.19063 0.251305
v -0.238575 -0.335175 -8.52651e-16
v -0.220414 -0.335175 0.091299
v -0.232176 -0.335175 0.096171
v -0.251305 -0.335175 -8.52651e-16
v 0.091299 -0.19063 0.220415
v 0.09617 -0.19063 0.232176
v -0.168698 -0.19063 0.168698
v -0.177699 -0.19063 0.1777
v 0.168698 -0.335175 -0.168698
v 0.1777 -0.335175 -0.177699
v -0.220414 -0.19063 0.091299
v -0.232176 -0.19063 0.096171
v -0.168698 -0.335175 0.168698
v -0.177699 -0.335175 0.1777
v -0.238575 -0.19063 -8.52651e-16
v -0.251305 -0.19063 -8.52651e-16
v 0.091299 -0.335175 -0.220414
v 0.09617 -0.335175 -0.232175
v -0.220414 -0.19063 -0.091298
v -0.232176 -0.19063 -0.09617
v -0.091299 -0.335175 0.220415
v -0.09617 -0.335175 0.232176
v -0.168698 -0.19063 -0.168698
v -0.177699 -0.19063 -0.177699
v -0.091299 -0.19063 0.220415
v -0 -0.19063 0.238575
v -0 -0.0696743 0.238575
v -0.091299 -0.0696743 0.220414
v -0.091299 -0.19063 -0.220414
v -0.168698 -0.19063 -0.168698
v -0.168698 -0.0696743 -0.168698
v -0.091299 -0.0696743 -0.220414
v 0.220414 -0.19063 0.091299
v 0.238575 -0.19063 -8.52651e-16
v 0.238575 -0.0696743 -8.52651e-16
v 0.220414 -0.0696743 0.091299
v -0.220414 -0.19063 -0.091298
v -0.238575 -0.19063 -8.52651e-16
v -0.238575 -0.0696743 -8.52651e-16
v -0.220414 -0.0696743 -0.091299
v 0.220414 -0.19063 -0.091298
v 0.168698 -0.19063 -0.168698
v 0.168698 -0.0696743 -0.168698
v 0.220414 -0.0696743 -0.091299
v -0.220414 -0.19063 0.091299
v -0.168698 -0.19063 0.168698
v -0.168698 -0.0696743 0.168698
v -0.220414 -0.0696743 0.091299
v 0.091299 -0.19063 -0.220414
v 0 -0.19063 -0.238575
v 0 -0.0696743 -0.238575
v 0.091299 -0.0696743 -0.220414
v 0.077141 -0.00214005 -0.186234
v 0.142537 -0.00214005 -0.142537
v 0.170686 -0.00214005 -0.170686
v 0.092375 -0.00214005 -0.223013
v 0.142537 -0.00214005 0.142537
v 0.077141 -0.00214005 0.186233
v 0.201578 -0.00214005 -8.52651e-16
v 0.186234 -0.00214005 0.07714
v 0.077141 -0.00214005 -0.186234
v 0.092375 -0.00214005 -0.223013
v 0.142537 -0.00214005 -0.142537
v 0.186234 -0.00214005 -0.077141
v -0.186234 -0.00214005 -0.077141
v -0.142537 -0.00214005 -0.142537
v -0.170686 -0.00214005 -0.170687
v -0.223012 -0.00214005 -0.092375
v 0 -0.00214005 -0.201578
v 0.077141 -0.00214005 -0.186234
v -0.142537 -0.00214005 -0.142537
v -0.07714 -0.00214005 -0.186234
v -0.186234 -0.00214005 -0.077141
v -0.223012 -0.00214005 -0.092375
v -0.201578 -0.00214005 -8.52651e-16
v -0.186234 -0.00214005 -0.077141
v 0.142537 -0.00214005 0.142537
v 0.170686 -0.00214005 0.170686
v -0.142537 -0.00214005 0.142537
v -0.186234 -0.00214005 0.07714
v -0.07714 -0.00214005 0.186234
v -0.142537 -0.00214005 0.142537
v -0.170686 -0.00214005 0.170686
v -0.092375 -0.00214005 0.223012
v -0 -0.00214005 0.201578
v -0.07714 -0.00214005 0.186234
v 0 -0.00214005 -0.201578
v -0.07714 -0.00214005 -0.186234
v -0.070331 -0.00214005 -0.169794
v 0 -0.00214005 -0.183783
v -0 -0.0696743 0.28569
v 0.109329 -0.0696743 0.263943
v 0.092375 -0.00214005 0.223012
v -0 -0.00214005 0.241387
v 0.202014 -0.0696743 0.202014
v 0.263943 -0.0696743 0.109329
v 0.223012 -0.00214005 0.092375
v 0.170686 -0.00214005 0.170686
v 0.28569 -0.0696743 -8.52651e-16
v 0.263943 -0.0696743 -0.109329
v 0.223012 -0.00214005 -0.092375
v 0.241387 -0.00214005 -8.52651e-16
v 0.202014 -0.0696743 -0.202014
v 0.109329 -0.0696743 -0.263943
v 0.092375 -0.00214005 -0.223013
v 0.170686 -0.00214005 -0.170686
v 0 -0.0696743 -0.28569
v -0.109329 -0.0696743 -0.263944
v -0.092375 -0.00214005 -0.223013
v 0 -0.00214005 -0.241387
v -0.202014 -0.0696743 -0.202014
v -0.263943 -0.0696743 -0.109329
v -0.223012 -0.00214005 -0.092375
v -0.170686 -0.00214005 -0.170687
v -0.28569 -0.0696743 -8.52651e-16
v -0.263943 -0.0696743 0.109329
v -0.223012 -0.00214005 0.092375
v -0.241387 -0.00214005 -8.52651e-16
v -0.202014 -0.0696743 0.202014
v -0.109329 -0.0696743 0.263944
v -0.092375 -0.00214005 0.223012
v -0.170686 -0.00214005 0.170686
v 0.186234 -0.00214005 0.07714
v 0.223012 -0.00214005 0.092375
v -0.201578 -0.00214005 -8.52651e-16
v -0.241387 -0.00214005 -8.52651e-16
v 0.186234 -0.00214005 0.07714
v 0.142537 -0.00214005 0.142537
v 0.170686 -0.00214005 0.170686
v 0.223012 -0.00214005 0.092375
v 0 -0.00214005 -0.201578
v 0 -0.00214005 -0.241387
v -0.220414 -0.19063 -0.091298
v -0.263943 -0.0696743 -0.109329
v -0.202014 -0.0696743 -0.202014
v -0.168698 -0.19063 -0.168698
v 0.201578 -0.00214005 -8.52651e-16
v 0.241387 -0.00214005 -8.52651e-16
v -0.186234 -0.00214005 0.07714
v -0.223012 -0.00214005 0.092375
v -0.091299 -0.19063 -0.220414
v -0.109329 -0.0696743 -0.263944
v 0 -0.0696743 -0.28569
v 0 -0.19063 -0.238575
v -0.186234 -0.00214005 0.07714
v -0.201578 -0.00214005 -8.52651e-16
v -0.241387 -0.00214005 -8.52651e-16
v -0.223012 -0.00214005 0.092375
v -0.07714 -0.00214005 -0.186234
v -0.092375 -0.00214005 -0.223013
v 0.091299 -0.19063 -0.220414
v 0.109329 -0.0696743 -0.263943
v 0.202014 -0.0696743 -0.202014
v 0.168698 -0.19063 -0.168698
v -0 -0.00214005 0.201578
v -0 -0.00214005 0.241387
v 0 -0.00214005 -0.241387
v -0.092375 -0.00214005 -0.223013
v 0.186234 -0.00214005 -0.077141
v 0.223012 -0.00214005 -0.092375
v -0.142537 -0.00214005 0.142537
v -0.170686 -0.00214005 0.170686
v 0.220414 -0.19063 -0.091298
v 0.263943 -0.0696743 -0.109329
v 0.28569 -0.0696743 -8.52651e-16
v 0.220414 -0.19063 -0.091298
v 0.28569 -0.0696743 -8.52651e-16
v 0.238575 -0.19063 -8.52651e-16
v 0.186234 -0.00214005 -0.077141
v 0.201578 -0.00214005 -8.52651e-16
v 0.241387 -0.00214005 -8.52651e-16
v 0.223012 -0.00214005 -0.092375
v 0.077141 -0.00214005 0.186233
v 0.092375 -0.00214005 0.223012
v -0.142537 -0.00214005 -0.142537
v -0.170686 -0.00214005 -0.170687
v 0.220414 -0.19063 0.091299
v 0.263943 -0.0696743 0.109329
v 0.202014 -0.0696743 0.202014
v 0.168698 -0.19063 0.168698
v 0.077141 -0.00214005 0.186233
v -0 -0.00214005 0.201578
v -0 -0.00214005 0.241387
v 0.092375 -0.00214005 0.223012
v 0.142537 -0.00214005 -0.142537
v 0.170686 -0.00214005 -0.170686
v -0.07714 -0.00214005 0.186234
v -0.092375 -0.00214005 0.223012
v 0.091299 -0.19063 0.220415
v 0.109329 -0.0696743 0.263943
v -0 -0.0696743 0.28569
v -0 -0.19063 0.238575
v -0.220414 -0.19063 0.091299
v -0.263943 -0.0696743 0.109329
v -0.28569 -0.0696743 -8.52651e-16
v -0.238575 -0.19063 -8.52651e-16
v -0.091299 -0.19063 0.220415
v -0.109329 -0.0696743 0.263944
v -0.202014 -0.0696743 0.202014
v -0.168698 -0.19063 0.168698
v 0.129954 -0.00214005 0.129954
v 0.169794 -0.00214005 0.070331
v 0.146086 -0.128818 0.060511
v 0.111809 -0.128818 0.111809
v -0.129954 -0.00214005 0.129954
v -0.169794 -0.00214005 0.070331
v 0.129954 -0.00214005 0.129954
v 0.070331 -0.00214005 0.169793
v 0.070331 -0.00214005 -0.169794
v 0.129954 -0.00214005 -0.129955
v -0.183783 -0.00214005 -8.52651e-16
v -0.169794 -0.00214005 -0.070331
v 0.169794 -0.00214005 -0.070331
v 0.183783 -0.00214005 -8.52651e-16
v -0.129954 -0.00214005 -0.129955
v -0.070331 -0.00214005 0.169794
v 0.169794 -0.00214005 0.070331
v -0 -0.00214005 0.183783
v 0.060511 -0.128818 -0.146086
v 0 -0.128818 -0.158122
v 0 -0.128818 -0.138446
v 0.052981 -0.128818 -0.127907
v -0.129954 -0.00214005 -0.129955
v -0.169794 -0.00214005 -0.070331
v -0.146086 -0.128818 -0.060511
v -0.111809 -0.128818 -0.111809
v 0.183783 -0.00214005 -8.52651e-16
v 0.158122 -0.128818 -8.52651e-16
v -0.183783 -0.00214005 -8.52651e-16
v -0.158122 -0.128818 -8.52651e-16
v 0.169794 -0.00214005 -0.070331
v 0.146086 -0.128818 -0.060511
v -0.169794 -0.00214005 0.070331
v -0.146086 -0.128818 0.060511
v 0.129954 -0.00214005 -0.129955
v 0.111809 -0.128818 -0.111809
v -0.129954 -0.00214005 0.129954
v -0.111809 -0.128818 0.111809
v 0.129954 -0.00214005 -0.129955
v 0.070331 -0.00214005 -0.169794
v 0.060511 -0.128818 -0.146086
v 0.111809 -0.128818 -0.111809
v -0.129954 -0.00214005 0.129954
v -0.070331 -0.00214005 0.169794
v -0.060511 -0.128818 0.146086
v -0.111809 -0.128818 0.111809
v 0 -0.00214005 -0.183783
v 0 -0.128818 -0.158122
v -0 -0.00214005 0.183783
v 0.070331 -0.00214005 0.169793
v 0.060511 -0.128818 0.146086
v -0 -0.128818 0.158122
v -0.070331 -0.00214005 -0.169794
v -0.060511 -0.128818 -0.146086
v 0.129954 -0.00214005 0.129954
v 0.111809 -0.128818 0.111809
v -0.129954 -0.00214005 -0.129955
v -0.111809 -0.128818 -0.111809
v -0.138446 -0.128818 -8.52651e-16
v -0.127907 -0.128818 0.052981
v -0.098804 -0.333641 0.040926
v -0.106945 -0.333641 -8.52651e-16
v -0 -0.128818 0.158122
v 0.060511 -0.128818 0.146086
v 0.052981 -0.128818 0.127907
v -0 -0.128818 0.138446
v -0.060511 -0.128818 0.146086
v -0.052981 -0.128818 0.127907
v -0.060511 -0.128818 -0.146086
v -0.052981 -0.128818 -0.127907
v 0.111809 -0.128818 0.111809
v 0.097896 -0.128818 0.097896
v -0.111809 -0.128818 -0.111809
v -0.097896 -0.128818 -0.097896
v 0.146086 -0.128818 0.060511
v 0.127907 -0.128818 0.052981
v -0.146086 -0.128818 -0.060511
v -0.127907 -0.128818 -0.052981
v 0.158122 -0.128818 -8.52651e-16
v 0.138446 -0.128818 -8.52651e-16
v -0.158122 -0.128818 -8.52651e-16
v -0.138446 -0.128818 -8.52651e-16
v 0.146086 -0.128818 -0.060511
v 0.127907 -0.128818 -0.052981
v -0.146086 -0.128818 0.060511
v -0.127907 -0.128818 0.052981
v 0.111809 -0.128818 -0.111809
v 0.097896 -0.128818 -0.097896
v -0.111809 -0.128818 0.111809
v -0.097896 -0.128818 0.097896
v 0.127907 -0.128818 -0.052981
v 0.097896 -0.128818 -0.097896
v 0.075621 -0.333641 -0.075622
v 0.098804 -0.333641 -0.040926
v -0.097896 -0.128818 0.097896
v -0.075621 -0.333641 0.075621
v 0.097896 -0.128818 -0.097896
v 0.052981 -0.128818 -0.127907
v 0.040926 -0.333641 -0.098804
v 0.075621 -0.333641 -0.075622
v -0.097896 -0.128818 0.097896
v -0.052981 -0.128818 0.127907
v -0.040926 -0.333641 0.098804
v -0.075621 -0.333641 0.075621
v 0 -0.128818 -0.138446
v 0 -0.333641 -0.106945
v -0 -0.128818 0.138446
v 0.052981 -0.128818 0.127907
v 0.040926 -0.333641 0.098804
v -0 -0.333641 0.106945
v -0.052981 -0.128818 -0.127907
v -0.040926 -0.333641 -0.098804
v 0.097896 -0.128818 0.097896
v 0.075621 -0.333641 0.075621
v -0.097896 -0.128818 -0.097896
v -0.075621 -0.333641 -0.075622
v 0.097896 -0.128818 0.097896
v 0.127907 -0.128818 0.052981
v 0.098804 -0.333641 0.040926
v 0.075621 -0.333641 0.075621
v -0.097896 -0.128818 -0.097896
v -0.127907 -0.128818 -0.052981
v -0.098804 -0.333641 -0.040926
v -0.075621 -0.333641 -0.075622
v 0.138446 -0.128818 -8.52651e-16
v 0.106945 -0.333641 -8.52651e-16
v 0.168698 -0.609802 0.168698
v 0.220414 -0.609802 0.091299
v 0.220414 -0.335175 0.091299
v 0.168698 -0.335175 0.168698
v -0.091299 -0.609802 -0.220414
v -0.168698 -0.609802 -0.168698
v -0.168698 -0.335175 -0.168698
v -0.091299 -0.335175 -0.220414
v 0.091299 -0.609802 0.220415
v 0.168698 -0.609802 0.168698
v 0.168698 -0.335175 0.168698
v 0.091299 -0.335175 0.220415
v 0 -0.609802 -0.238575
v 0 -0.335175 -0.238575
v -0.091299 -0.609802 0.220415
v -0 -0.609802 0.238575
v -0 -0.335175 0.238575
v -0.091299 -0.335175 0.220415
v 0.091299 -0.609802 -0.220414
v 0.091299 -0.335175 -0.220414
v -0.168698 -0.609802 0.168698
v -0.168698 -0.335175 0.168698
v 0.168698 -0.609802 -0.168698
v 0.168698 -0.335175 -0.168698
v -0.220414 -0.609802 0.091299
v -0.168698 -0.609802 0.168698
v -0.168698 -0.335175 0.168698
v -0.220414 -0.335175 0.091299
v 0.220414 -0.609802 -0.091298
v 0.168698 -0.609802 -0.168698
v 0.168698 -0.335175 -0.168698
v 0.220414 -0.335175 -0.091298
v -0.238575 -0.609802 -8.52651e-16
v -0.238575 -0.335175 -8.52651e-16
v 0.238575 -0.609802 -8.52651e-16
v 0.238575 -0.335175 -8.52651e-16
v -0.220414 -0.609802 -0.091298
v -0.220414 -0.335175 -0.091298
v -0.168698 -0.609802 -0.168698
v -0.168698 -0.335175 -0.168698
v -0.177699 -0.335175 -0.177699
v -0.232176 -0.335175 -0.09617
v -0.232176 -0.19063 -0.09617
v -0.177699 -0.19063 -0.177699
v 0.232176 -0.335175 0.09617
v 0.251305 -0.335175 -8.52651e-16
v 0.251305 -0.19063 -8.52651e-16
v 0.232176 -0.19063 0.09617
v -0.251305 -0.335175 -8.52651e-16
v -0.251305 -0.19063 -8.52651e-16
v 0.232176 -0.335175 -0.09617
v 0.232176 -0.19063 -0.09617
v -0.232176 -0.335175 0.096171
v -0.232176 -0.19063 0.096171
v 0.1777 -0.335175 -0.177699
v 0.1777 -0.19063 -0.177699
v -0.177699 -0.335175 0.1777
v -0.177699 -0.19063 0.1777
v 0.1777 -0.335175 -0.177699
v 0.09617 -0.335175 -0.232175
v 0.09617 -0.19063 -0.232175
v 0.1777 -0.19063 -0.177699
v -0.177699 -0.335175 0.1777
v -0.09617 -0.335175 0.232176
v -0.09617 -0.19063 0.232176
v -0.177699 -0.19063 0.1777
v 0 -0.335175 -0.251305
v 0 -0.19063 -0.251305
v -0 -0.335175 0.251305
v 0.09617 -0.335175 0.232176
v 0.09617 -0.19063 0.232176
v -0 -0.19063 0.251305
v -0.09617 -0.335175 -0.232175
v -0.09617 -0.19063 -0.232175
v 0.1777 -0.335175 0.1777
v 0.1777 -0.19063 0.1777
v -0.177699 -0.335175 -0.177699
v -0.177699 -0.19063 -0.177699
v 0.1777 -0.335175 0.1777
v 0.1777 -0.19063 0.1777
v -0.220414 -0.335175 -0.091298
v -0.232176 -0.335175 -0.09617
v 0.168698 -0.335175 0.168698
v 0.220414 -0.335175 0.091299
v 0.232176 -0.335175 0.09617
v 0.1777 -0.335175 0.1777
v 0.220414 -0.19063 -0.091298
v 0.232176 -0.19063 -0.09617
v -0.091299 -0.335175 -0.220414
v -0.168698 -0.335175 -0.168698
v -0.177699 -0.335175 -0.177699
v -0.09617 -0.335175 -0.232175
v 0.168698 -0.19063 -0.168698
v 0.1777 -0.19063 -0.177699
v 0.091299 -0.335175 0.220415
v 0.09617 -0.335175 0.232176
v 0.091299 -0.19063 -0.220414
v 0.09617 -0.19063 -0.232175
v 0 -0.335175 -0.238575
v 0 -0.335175 -0.251305
v 0 -0.19063 -0.238575
v 0 -0.19063 -0.251305
v -0 -0.335175 0.238575
v -0 -0.335175 0.251305
v -0.091299 -0.19063 -0.220414
v -0.09617 -0.19063 -0.232175
v -0.040926 -0.333641 -0.098804
v 0.040926 -0.333641 -0.098804
v 0 -0.333641 -0.106945
v -0.075621 -0.333641 -0.075622
v 0.075621 -0.333641 -0.075622
v -0.098804 -0.333641 -0.040926
v 0.098804 -0.333641 -0.040926
v -0.106945 -0.333641 -8.52651e-16
v 0.106945 -0.333641 -8.52651e-16
v -0.098804 -0.333641 0.040926
v 0.098804 -0.333641 0.040926
v -0.075621 -0.333641 0.075621
v 0.075621 -0.333641 0.075621
v -0.040926 -0.333641 0.098804
v 0.040926 -0.333641 0.098804
v -0 -0.333641 0.106945
vt 0.484195 0.639046
vt 0.405714 0.6391
vt 0.484195 0.450327
vt 0.085697 0.522549
vt 0.085697 0.711268
vt 0.007208 0.522519
vt 0.58014 0.639046
vt 0.501659 0.6391
vt 0.58014 0.450327
vt 0.653578 0.210428
vt 0.653578 0.399147
vt 0.575089 0.210398
vt 0.35985 0.639046
vt 0.281369 0.639099
vt 0.35985 0.450327
vt 0.676093 0.450356
vt 0.676093 0.639075
vt 0.597604 0.450326
vt 0.65357 0.195928
vt 0.575089 0.195982
vt 0.65357 0.007209
vt 0.18165 0.522549
vt 0.18165 0.711268
vt 0.103162 0.522519
vt 0.662367 0.818752
vt 0.597606 0.818797
vt 0.597604 0.740916
vt 0.662366 0.653492
vt 0.824763 0.630053
vt 0.824763 0.795313
vt 0.759998 0.707909
vt 0.759996 0.630028
vt 0.948505 0.914928
vt 0.948052 0.992792
vt 0.943074 0.992792
vt 0.942644 0.914928
vt 0.695742 0.420307
vt 0.695742 0.413564
vt 0.698258 0.413564
vt 0.698258 0.420307
vt 0.356064 0.907963
vt 0.356946 0.972727
vt 0.350203 0.972727
vt 0.351086 0.907963
vt 0.965057 0.615588
vt 0.965057 0.450327
vt 0.971801 0.450326
vt 0.971801 0.615587
vt 0.662367 0.818752
vt 0.662366 0.653492
vt 0.664882 0.653492
vt 0.664882 0.818752
vt 0.356946 0.975242
vt 0.350203 0.975242
vt 0.824763 0.795313
vt 0.824763 0.630053
vt 0.827278 0.630052
vt 0.827278 0.795313
vt 0.949212 0.830067
vt 0.948505 0.914928
vt 0.942644 0.914928
vt 0.942469 0.830067
vt 0.470476 0.818777
vt 0.405716 0.818821
vt 0.405714 0.740941
vt 0.470476 0.653517
vt 0.868687 0.169469
vt 0.868687 0.33473
vt 0.803921 0.247325
vt 0.803919 0.169445
vt 0.975251 0.223873
vt 0.975703 0.14601
vt 0.980681 0.14601
vt 0.981111 0.223873
vt 0.678811 0.420307
vt 0.678811 0.413564
vt 0.681326 0.413564
vt 0.681326 0.420307
vt 0.964561 0.416426
vt 0.963678 0.351662
vt 0.970422 0.351662
vt 0.969539 0.416426
vt 0.942469 0.81565
vt 0.942469 0.65039
vt 0.949212 0.650389
vt 0.949212 0.815649
vt 0.470476 0.818777
vt 0.470476 0.653517
vt 0.472991 0.653516
vt 0.472991 0.818777
vt 0.963678 0.349147
vt 0.970422 0.349147
vt 0.868687 0.33473
vt 0.868687 0.169469
vt 0.871202 0.169469
vt 0.871202 0.33473
vt 0.974544 0.308735
vt 0.975251 0.223873
vt 0.981111 0.223873
vt 0.981287 0.308735
vt 0.346131 0.818777
vt 0.281371 0.818821
vt 0.281369 0.740941
vt 0.346131 0.653516
vt 0.824763 0.450351
vt 0.824763 0.615611
vt 0.759998 0.528207
vt 0.759996 0.450326
vt 0.985497 0.728252
vt 0.985951 0.650389
vt 0.990929 0.650389
vt 0.991358 0.728252
vt 0.661879 0.420307
vt 0.661879 0.413564
vt 0.664394 0.413564
vt 0.664394 0.420307
vt 0.079984 0.972665
vt 0.079102 0.907901
vt 0.085845 0.907901
vt 0.084962 0.972665
vt 0.963629 0.81565
vt 0.963629 0.65039
vt 0.970372 0.650389
vt 0.970372 0.815649
vt 0.346131 0.818777
vt 0.346131 0.653516
vt 0.348646 0.653516
vt 0.348646 0.818777
vt 0.079102 0.905386
vt 0.085845 0.905386
vt 0.824763 0.615611
vt 0.824763 0.450351
vt 0.827278 0.450351
vt 0.827278 0.615611
vt 0.984789 0.813114
vt 0.985497 0.728252
vt 0.991358 0.728252
vt 0.991532 0.813114
vt 0.55217 0.818777
vt 0.48741 0.818821
vt 0.487408 0.740941
vt 0.55217 0.653517
vt 0.071976 0.725709
vt 0.071976 0.890969
vt 0.00721 0.803565
vt 0.007208 0.725684
vt 0.990825 0.912392
vt 0.990372 0.990255
vt 0.985394 0.990255
vt 0.984964 0.912392
vt 0.647463 0.413564
vt 0.647463 0.420307
vt 0.644947 0.420307
vt 0.644947 0.413564
vt 0.732459 0.966131
vt 0.731577 0.901367
vt 0.73832 0.901367
vt 0.737437 0.966131
vt 0.960127 0.14601
vt 0.960127 0.31127
vt 0.953384 0.311271
vt 0.953384 0.146011
vt 0.55217 0.818777
vt 0.55217 0.653517
vt 0.554685 0.653516
vt 0.554685 0.818777
vt 0.731577 0.898852
vt 0.73832 0.898852
vt 0.071976 0.890969
vt 0.071976 0.725709
vt 0.074491 0.725708
vt 0.074491 0.890969
vt 0.991532 0.82753
vt 0.990825 0.912392
vt 0.984964 0.912392
vt 0.984789 0.82753
vt 0.908207 0.331656
vt 0.909611 0.14601
vt 0.915643 0.14601
vt 0.916379 0.331656
vt 0.613066 0.413564
vt 0.613066 0.421736
vt 0.610018 0.421736
vt 0.610018 0.413564
vt 0.259124 0.836949
vt 0.260194 0.915434
vt 0.252022 0.915434
vt 0.253092 0.836949
vt 0.377314 0.639046
vt 0.377314 0.450327
vt 0.385486 0.450326
vt 0.385486 0.639045
vt 0.484195 0.639046
vt 0.484195 0.450327
vt 0.487243 0.450326
vt 0.487243 0.639045
vt 0.260194 0.918482
vt 0.252022 0.918482
vt 0.085697 0.711268
vt 0.085697 0.522549
vt 0.088745 0.522548
vt 0.088745 0.711267
vt 0.950641 0.450326
vt 0.949236 0.635972
vt 0.943203 0.635972
vt 0.942469 0.450326
vt 0.592554 0.421736
vt 0.592554 0.413564
vt 0.595602 0.413564
vt 0.595602 0.421736
vt 0.913163 0.708705
vt 0.914233 0.78719
vt 0.906061 0.78719
vt 0.907131 0.708705
vt 0.577274 0.653516
vt 0.577274 0.842235
vt 0.569102 0.842236
vt 0.569102 0.653517
vt 0.58014 0.639046
vt 0.58014 0.450327
vt 0.583188 0.450326
vt 0.583188 0.639045
vt 0.914233 0.790238
vt 0.906061 0.790238
vt 0.653578 0.399147
vt 0.653578 0.210428
vt 0.656626 0.210428
vt 0.656626 0.399147
vt 0.930795 0.331656
vt 0.932201 0.14601
vt 0.938234 0.14601
vt 0.938967 0.331656
vt 0.578137 0.413564
vt 0.578137 0.421736
vt 0.575089 0.421736
vt 0.575089 0.413564
vt 0.962644 0.00720799
vt 0.963714 0.085694
vt 0.955542 0.085694
vt 0.956611 0.00720799
vt 0.885618 0.33473
vt 0.885618 0.146011
vt 0.89379 0.14601
vt 0.89379 0.334729
vt 0.35985 0.639046
vt 0.35985 0.450327
vt 0.362898 0.450326
vt 0.362897 0.639045
vt 0.963714 0.088742
vt 0.955542 0.088742
vt 0.676093 0.639075
vt 0.676093 0.450356
vt 0.679141 0.450356
vt 0.679141 0.639075
vt 0.91988 0.635972
vt 0.921285 0.450326
vt 0.927318 0.450326
vt 0.928052 0.635972
vt 0.630531 0.413564
vt 0.630531 0.421736
vt 0.627483 0.421736
vt 0.627483 0.413564
vt 0.948192 0.349147
vt 0.949262 0.427632
vt 0.94109 0.427632
vt 0.942159 0.349147
vt 0.385486 0.653463
vt 0.385486 0.842182
vt 0.377314 0.842183
vt 0.377314 0.653464
vt 0.65357 0.195928
vt 0.65357 0.007209
vt 0.656618 0.00720799
vt 0.656618 0.195927
vt 0.949262 0.43068
vt 0.94109 0.43068
vt 0.18165 0.711268
vt 0.18165 0.522549
vt 0.184698 0.522548
vt 0.184698 0.711267
vt 0.238567 0.745055
vt 0.239695 0.745025
vt 0.241043 0.752221
vt 0.721944 0.457492
vt 0.720815 0.457522
vt 0.719467 0.450326
vt 0.764916 0.391951
vt 0.766051 0.391981
vt 0.763594 0.399147
vt 0.695629 0.176641
vt 0.694494 0.176611
vt 0.696952 0.169445
vt 0.76358 0.391941
vt 0.696966 0.176651
vt 0.762246 0.391952
vt 0.6983 0.17664
vt 0.761117 0.391981
vt 0.699429 0.176611
vt 0.718144 0.457522
vt 0.717009 0.457493
vt 0.242366 0.745025
vt 0.243501 0.745054
vt 0.719481 0.457532
vt 0.24103 0.745015
vt 0.013236 0.918894
vt 0.014895 0.940611
vt 0.007208 0.919119
vt 0.69563 0.968649
vt 0.707252 0.948493
vt 0.703358 0.969922
vt 0.263615 0.932898
vt 0.25973 0.95433
vt 0.252022 0.952805
vt 0.103162 0.940062
vt 0.111493 0.938425
vt 0.115691 0.959797
vt 0.69563 0.912585
vt 0.701657 0.912359
vt 0.703317 0.934076
vt 0.156117 0.945112
vt 0.167709 0.925206
vt 0.163825 0.946637
vt 0.862863 0.959075
vt 0.874486 0.938919
vt 0.870591 0.960348
vt 0.628486 0.937559
vt 0.636817 0.935921
vt 0.641015 0.957293
vt 0.043155 0.919119
vt 0.049182 0.918894
vt 0.050842 0.940611
vt 0.182126 0.945112
vt 0.193719 0.925206
vt 0.189835 0.946637
vt 0.448304 0.921674
vt 0.452502 0.943046
vt 0.439973 0.923312
vt 0.92267 0.960349
vt 0.914941 0.959075
vt 0.926564 0.938919
vt 0.883179 0.099182
vt 0.884839 0.120899
vt 0.877152 0.099407
vt 0.137816 0.946637
vt 0.130107 0.945112
vt 0.1417 0.925206
vt 0.663763 0.935921
vt 0.667961 0.957293
vt 0.655432 0.937559
vt 0.89663 0.960348
vt 0.888902 0.959075
vt 0.900525 0.938919
vt 0.034226 0.037395
vt 0.034226 0.507659
vt 0.019592 0.507776
vt 0.019592 0.037511
vt 0.007208 0.508102
vt 0.007208 0.037838
vt 0.266952 0.03783
vt 0.266952 0.508094
vt 0.254504 0.507771
vt 0.254504 0.037507
vt 0.239847 0.507659
vt 0.239847 0.037395
vt 0.225213 0.507775
vt 0.225212 0.037511
vt 0.212829 0.508102
vt 0.212829 0.037838
vt 0.198412 0.03783
vt 0.198412 0.508094
vt 0.185964 0.507771
vt 0.185964 0.037507
vt 0.171307 0.507659
vt 0.171307 0.037395
vt 0.156672 0.507776
vt 0.156672 0.037511
vt 0.144289 0.508102
vt 0.144289 0.037838
vt 0.075749 0.477481
vt 0.075749 0.00721699
vt 0.088197 0.00753999
vt 0.088197 0.477803
vt 0.102854 0.00765097
vt 0.102854 0.477915
vt 0.117488 0.00753498
vt 0.117488 0.477799
vt 0.129872 0.00720799
vt 0.129872 0.477472
vt 0.061332 0.03783
vt 0.061332 0.508094
vt 0.048883 0.507771
vt 0.048883 0.037507
vt 0.856286 0.693903
vt 0.841695 0.694288
vt 0.841695 0.580037
vt 0.856286 0.579652
vt 0.666962 0.849487
vt 0.672676 0.863283
vt 0.671219 0.863573
vt 0.665726 0.850313
vt 0.656403 0.902571
vt 0.642607 0.908286
vt 0.642317 0.906828
vt 0.655577 0.901335
vt 0.597604 0.878216
vt 0.597604 0.863283
vt 0.599062 0.863573
vt 0.599062 0.877926
vt 0.642607 0.833214
vt 0.656403 0.838928
vt 0.655577 0.840164
vt 0.642317 0.834671
vt 0.613878 0.902571
vt 0.603319 0.892012
vt 0.604555 0.891186
vt 0.614704 0.901335
vt 0.666962 0.892012
vt 0.665726 0.891186
vt 0.613878 0.838928
vt 0.627674 0.833214
vt 0.627964 0.834671
vt 0.614704 0.840164
vt 0.672676 0.878216
vt 0.671219 0.877926
vt 0.627674 0.908286
vt 0.627964 0.906828
vt 0.603319 0.849487
vt 0.604555 0.850313
vt 0.165351 0.83804
vt 0.151555 0.832326
vt 0.15223 0.828935
vt 0.167272 0.835165
vt 0.048883 0.00731999
vt 0.034226 0.00720799
vt 0.112267 0.891124
vt 0.122827 0.901683
vt 0.120906 0.904558
vt 0.109392 0.893045
vt 0.061332 0.00764298
vt 0.766729 0.828903
vt 0.77917 0.816463
vt 0.781038 0.819258
vt 0.769525 0.830772
vt 0.117489 0.507986
vt 0.129872 0.507659
vt 0.829273 0.891447
vt 0.813018 0.89818
vt 0.812362 0.894882
vt 0.827405 0.888651
vt 0.102854 0.508102
vt 0.136623 0.832326
vt 0.135948 0.828935
vt 0.088197 0.50799
vt 0.77917 0.891447
vt 0.766729 0.879007
vt 0.769525 0.877138
vt 0.781038 0.888651
vt 0.075749 0.507667
vt 0.841714 0.828903
vt 0.848446 0.845158
vt 0.845149 0.845814
vt 0.838918 0.830772
vt 0.156672 0.00732499
vt 0.144289 0.00765097
vt 0.136623 0.907398
vt 0.135948 0.910789
vt 0.171307 0.00720799
vt 0.165351 0.901683
vt 0.175911 0.891124
vt 0.178786 0.893045
vt 0.167272 0.904558
vt 0.185964 0.00731999
vt 0.795424 0.80973
vt 0.79608 0.813028
vt 0.198412 0.00764298
vt 0.795424 0.89818
vt 0.79608 0.894882
vt 0.225212 0.00732499
vt 0.212829 0.00765097
vt 0.122827 0.83804
vt 0.120906 0.835165
vt 0.239847 0.00720799
vt 0.151555 0.907398
vt 0.15223 0.910789
vt 0.254504 0.00731999
vt 0.759996 0.862752
vt 0.763294 0.862096
vt 0.266952 0.00764298
vt 0.848446 0.862752
vt 0.845149 0.862096
vt 0.019592 0.00732499
vt 0.007208 0.00765097
vt 0.181625 0.877328
vt 0.185016 0.878003
vt 0.441802 0.435788
vt 0.441802 0.00756902
vt 0.457784 0.00769103
vt 0.457784 0.43591
vt 0.428229 0.435436
vt 0.428229 0.00721699
vt 0.40031 0.435783
vt 0.40031 0.00756502
vt 0.413813 0.00720799
vt 0.413813 0.435426
vt 0.384354 0.43591
vt 0.384354 0.00769103
vt 0.368372 0.435788
vt 0.368372 0.00756902
vt 0.354799 0.435435
vt 0.354799 0.00721699
vt 0.32688 0.435783
vt 0.32688 0.00756502
vt 0.340383 0.00720799
vt 0.340383 0.435427
vt 0.310924 0.43591
vt 0.310924 0.00769103
vt 0.294942 0.435788
vt 0.294942 0.00756902
vt 0.281369 0.435436
vt 0.281369 0.00721699
vt 0.515162 0.00733501
vt 0.515162 0.435553
vt 0.501659 0.435909
vt 0.501659 0.00769103
vt 0.531118 0.00720799
vt 0.531118 0.435426
vt 0.5471 0.00733
vt 0.5471 0.435548
vt 0.560673 0.00768203
vt 0.560673 0.4359
vt 0.47374 0.435783
vt 0.47374 0.00756502
vt 0.487243 0.00720799
vt 0.487243 0.435427
vt 0.829273 0.816463
vt 0.827405 0.819258
vt 0.106553 0.877328
vt 0.103162 0.878003
vt 0.841714 0.879007
vt 0.838918 0.877138
vt 0.175911 0.848599
vt 0.178785 0.846678
vt 0.759996 0.845158
vt 0.763294 0.845814
vt 0.106553 0.862396
vt 0.103162 0.861721
vt 0.813018 0.80973
vt 0.812362 0.813028
vt 0.181625 0.862396
vt 0.185016 0.861721
vt 0.112267 0.848599
vt 0.109392 0.846678
vt 0.749384 0.169557
vt 0.76345 0.169445
vt 0.76345 0.267203
vt 0.749384 0.267315
vt 0.777538 0.267311
vt 0.775632 0.302167
vt 0.763469 0.302074
vt 0.745579 0.679603
vt 0.733677 0.679917
vt 0.733677 0.582158
vt 0.745579 0.581844
vt 0.254987 0.522626
vt 0.266952 0.522936
vt 0.266952 0.620695
vt 0.254987 0.620384
vt 0.777538 0.169552
vt 0.789503 0.169863
vt 0.789503 0.267621
vt 0.719611 0.680028
vt 0.705523 0.679921
vt 0.705523 0.582163
vt 0.719611 0.58227
vt 0.226834 0.52263
vt 0.2409 0.522519
vt 0.2409 0.620277
vt 0.226834 0.620389
vt 0.711162 0.399035
vt 0.697096 0.399147
vt 0.697096 0.301389
vt 0.711162 0.301277
vt 0.737481 0.169871
vt 0.737481 0.267629
vt 0.683008 0.39904
vt 0.671043 0.398729
vt 0.671043 0.300971
vt 0.683008 0.301281
vt 0.723064 0.398721
vt 0.723064 0.300963
vt 0.214931 0.522945
vt 0.214931 0.620703
vt 0.693558 0.679611
vt 0.693558 0.581852
vt 0.731735 0.547303
vt 0.719591 0.547399
vt 0.719554 0.50689
vt 0.728027 0.506822
vt 0.684913 0.266425
vt 0.697076 0.266518
vt 0.751326 0.302171
vt 0.70922 0.266421
vt 0.74105 0.302442
vt 0.719496 0.26615
vt 0.697098 0.547038
vt 0.707428 0.547306
vt 0.263412 0.655509
vt 0.253082 0.655241
vt 0.240919 0.655148
vt 0.228775 0.655244
vt 0.218499 0.655515
vt 0.742011 0.547032
vt 0.785962 0.302435
vt 0.674583 0.266157
vt 0.712682 0.225752
vt 0.705512 0.225941
vt 0.701199 0.195027
vt 0.704757 0.194933
vt 0.232484 0.695725
vt 0.225314 0.695914
vt 0.735197 0.506633
vt 0.779201 0.342835
vt 0.771993 0.342648
vt 0.681345 0.225757
vt 0.688552 0.225944
vt 0.763507 0.342583
vt 0.697039 0.226008
vt 0.755034 0.342651
vt 0.747864 0.34284
vt 0.70386 0.506638
vt 0.711067 0.506825
vt 0.25665 0.695909
vt 0.249443 0.695722
vt 0.240957 0.695657
vt 0.696995 0.19506
vt 0.692784 0.195028
vt 0.711722 0.475817
vt 0.715299 0.475909
vt 0.248788 0.72673
vt 0.245211 0.726638
vt 0.71951 0.475942
vt 0.241 0.726605
vt 0.236796 0.726639
vt 0.723714 0.475908
vt 0.233238 0.726733
vt 0.727272 0.475814
vt 0.771338 0.373657
vt 0.767762 0.373564
vt 0.689207 0.194935
vt 0.763551 0.373532
vt 0.759346 0.373565
vt 0.755788 0.373659
vt 0.781018 0.076485
vt 0.774285 0.060231
vt 0.776343 0.059821
vt 0.782763 0.075319
vt 0.841695 0.450336
vt 0.856362 0.450716
vt 0.856362 0.564967
vt 0.841695 0.564587
vt 0.730913 0.808827
vt 0.713643 0.808696
vt 0.713643 0.694445
vt 0.730913 0.694577
vt 0.894696 0.92398
vt 0.877454 0.924117
vt 0.877454 0.809867
vt 0.894696 0.80973
vt 0.890873 0.450711
vt 0.905464 0.450326
vt 0.905464 0.564577
vt 0.890873 0.564962
vt 0.905464 0.694278
vt 0.890797 0.693898
vt 0.890797 0.579647
vt 0.905464 0.580028
vt 0.926632 0.924492
vt 0.911965 0.924112
vt 0.911965 0.809862
vt 0.926632 0.810242
vt 0.873631 0.450848
vt 0.873631 0.565099
vt 0.873528 0.693766
vt 0.873528 0.579515
vt 0.696401 0.808833
vt 0.696401 0.694582
vt 0.862863 0.924502
vt 0.862863 0.810252
vt 0.745579 0.809208
vt 0.745579 0.694957
vt 0.681811 0.809218
vt 0.681811 0.694967
vt 0.691566 0.015878
vt 0.679704 0.02774
vt 0.677797 0.026465
vt 0.690291 0.01397
vt 0.862735 0.042637
vt 0.862735 0.06023
vt 0.860677 0.059821
vt 0.860677 0.043046
vt 0.774285 0.042637
vt 0.776343 0.043046
vt 0.856002 0.076485
vt 0.854257 0.075319
vt 0.781018 0.026382
vt 0.782763 0.027548
vt 0.843562 0.088926
vt 0.842396 0.087181
vt 0.793458 0.013941
vt 0.809713 0.00720799
vt 0.810122 0.00926697
vt 0.794624 0.015686
vt 0.827307 0.095659
vt 0.826898 0.0936
vt 0.827307 0.00720799
vt 0.826897 0.00926697
vt 0.809713 0.095659
vt 0.810122 0.0936
vt 0.843562 0.013941
vt 0.842396 0.015686
vt 0.827307 0.00720799
vt 0.842396 0.015686
vt 0.826897 0.00926697
vt 0.793458 0.088926
vt 0.794624 0.087181
vt 0.809713 0.095659
vt 0.794624 0.087181
vt 0.810122 0.0936
vt 0.856002 0.026382
vt 0.854257 0.027548
vt 0.71716 0.93265
vt 0.703317 0.934076
vt 0.701657 0.912359
vt 0.7155 0.910933
vt 0.105412 0.761714
vt 0.105412 0.778489
vt 0.103162 0.778936
vt 0.103162 0.761266
vt 0.673284 0.043238
vt 0.671034 0.04279
vt 0.679704 0.075511
vt 0.691566 0.087372
vt 0.690291 0.08928
vt 0.677796 0.076785
vt 0.189745 0.778489
vt 0.189745 0.761714
vt 0.191995 0.761266
vt 0.191995 0.778936
vt 0.673284 0.060013
vt 0.671034 0.06046
vt 0.707064 0.093792
vt 0.706616 0.096042
vt 0.111831 0.793987
vt 0.109924 0.795261
vt 0.723839 0.093792
vt 0.724286 0.096042
vt 0.183326 0.746216
vt 0.185233 0.744941
vt 0.739337 0.087373
vt 0.740611 0.08928
vt 0.123693 0.805849
vt 0.122418 0.807756
vt 0.751199 0.075511
vt 0.753106 0.076785
vt 0.171464 0.734354
vt 0.172739 0.732446
vt 0.757618 0.060013
vt 0.759868 0.06046
vt 0.844731 0.946403
vt 0.828266 0.946277
vt 0.828266 0.924497
vt 0.844731 0.924622
vt 0.898682 0.119473
vt 0.884839 0.120899
vt 0.883179 0.099182
vt 0.897022 0.097755
vt 0.227523 0.94922
vt 0.211058 0.949094
vt 0.211058 0.927314
vt 0.227523 0.92744
vt 0.597604 0.922702
vt 0.61407 0.922828
vt 0.61407 0.944608
vt 0.597604 0.944483
vt 0.064685 0.939185
vt 0.050842 0.940611
vt 0.049182 0.918894
vt 0.063025 0.917467
vt 0.028738 0.939185
vt 0.014895 0.940611
vt 0.013236 0.918894
vt 0.027079 0.917467
vt 0.554264 0.917907
vt 0.57073 0.918032
vt 0.57073 0.939813
vt 0.554264 0.939687
vt 0.810955 0.384724
vt 0.810955 0.398897
vt 0.803919 0.400297
vt 0.803919 0.383324
vt 0.705464 0.900056
vt 0.71716 0.898852
vt 0.211084 0.915414
vt 0.224996 0.91552
vt 0.193719 0.959801
vt 0.187206 0.958512
vt 0.052989 0.906591
vt 0.064685 0.905386
vt 0.85367 0.356183
vt 0.839496 0.356183
vt 0.838097 0.349147
vt 0.85507 0.349147
vt 0.570704 0.951712
vt 0.556792 0.951606
vt 0.886986 0.086879
vt 0.898682 0.085674
vt 0.1417 0.959801
vt 0.135187 0.958512
vt 0.614044 0.956508
vt 0.600132 0.956402
vt 0.705464 0.900056
vt 0.700371 0.900247
vt 0.017042 0.906591
vt 0.028738 0.905386
vt 0.882211 0.398897
vt 0.882211 0.384724
vt 0.889247 0.383324
vt 0.889247 0.400297
vt 0.828292 0.912597
vt 0.842204 0.912703
vt 0.816379 0.371629
vt 0.826402 0.361607
vt 0.828183 0.364273
vt 0.819046 0.37341
vt 0.489767 0.923552
vt 0.47008 0.923707
vt 0.473165 0.911835
vt 0.489799 0.911704
vt 0.281369 0.930505
vt 0.298117 0.930845
vt 0.301211 0.942699
vt 0.28706 0.942412
vt 0.813817 0.924445
vt 0.794131 0.9246
vt 0.797216 0.912728
vt 0.813849 0.912597
vt 0.405714 0.930505
vt 0.422462 0.930845
vt 0.425556 0.942699
vt 0.411405 0.942412
vt 0.530731 0.923552
vt 0.511044 0.923707
vt 0.514129 0.911835
vt 0.530763 0.911704
vt 0.315627 0.930505
vt 0.332375 0.930845
vt 0.335469 0.942699
vt 0.321318 0.942412
vt 0.779682 0.924445
vt 0.759996 0.9246
vt 0.763081 0.912728
vt 0.779714 0.912597
vt 0.371363 0.930012
vt 0.388111 0.930352
vt 0.391205 0.942206
vt 0.377054 0.941919
vt 0.167709 0.959801
vt 0.161196 0.958512
vt 0.667961 0.922702
vt 0.660922 0.924086
vt 0.839496 0.427438
vt 0.85367 0.427438
vt 0.85507 0.434474
vt 0.838097 0.434474
vt 0.452502 0.908455
vt 0.445463 0.909839
vt 0.335469 0.908739
vt 0.332375 0.930845
vt 0.315627 0.930505
vt 0.321483 0.908455
vt 0.641015 0.922702
vt 0.633976 0.924086
vt 0.900525 0.973314
vt 0.893995 0.972237
vt 0.514323 0.945795
vt 0.511044 0.923707
vt 0.530731 0.923552
vt 0.530763 0.945665
vt 0.876787 0.371629
vt 0.866765 0.361607
vt 0.87075 0.355642
vt 0.882752 0.367643
vt 0.926564 0.973314
vt 0.920034 0.972237
vt 0.425556 0.908739
vt 0.422462 0.930845
vt 0.405714 0.930505
vt 0.41157 0.908455
vt 0.115691 0.925206
vt 0.108652 0.92659
vt 0.810414 0.367643
vt 0.822416 0.355642
vt 0.874486 0.973314
vt 0.867956 0.972237
vt 0.017042 0.906591
vt 0.011949 0.906782
vt 0.79741 0.946688
vt 0.794131 0.9246
vt 0.813817 0.924445
vt 0.79741 0.946688
vt 0.813817 0.924445
vt 0.813849 0.946558
vt 0.816379 0.411992
vt 0.826402 0.422014
vt 0.822416 0.427979
vt 0.810415 0.415978
vt 0.707252 0.982888
vt 0.700723 0.981811
vt 0.886986 0.086879
vt 0.881893 0.08707
vt 0.301211 0.908739
vt 0.298117 0.930845
vt 0.281369 0.930505
vt 0.287225 0.908455
vt 0.866765 0.422014
vt 0.876787 0.411992
vt 0.882752 0.415978
vt 0.87075 0.427979
vt 0.052989 0.906591
vt 0.047896 0.906782
vt 0.263615 0.967493
vt 0.257102 0.966204
vt 0.473359 0.945795
vt 0.47008 0.923707
vt 0.489767 0.923552
vt 0.489799 0.945665
vt 0.763275 0.946688
vt 0.759996 0.9246
vt 0.779682 0.924445
vt 0.779714 0.946558
vt 0.391205 0.908246
vt 0.388111 0.930352
vt 0.371363 0.930012
vt 0.377219 0.907963
vt 0.941125 0.068462
vt 0.940844 0.079235
vt 0.918201 0.080984
vt 0.918442 0.071716
vt 0.879066 0.385349
vt 0.874121 0.37341
vt 0.853044 0.424293
vt 0.864983 0.419348
vt 0.8141 0.385349
vt 0.8141 0.398272
vt 0.864983 0.364273
vt 0.853044 0.359328
vt 0.819046 0.41021
vt 0.828183 0.419348
vt 0.840122 0.359328
vt 0.879066 0.398272
vt 0.840122 0.424293
vt 0.874121 0.41021
vt 0.262698 0.810416
vt 0.254836 0.818277
vt 0.252866 0.815329
vt 0.259749 0.808446
vt 0.926673 0.349147
vt 0.926392 0.359919
vt 0.903749 0.361669
vt 0.90399 0.3524
vt 0.940745 0.091918
vt 0.918116 0.091897
vt 0.926293 0.372603
vt 0.903664 0.372581
vt 0.940844 0.104583
vt 0.918201 0.102793
vt 0.926392 0.385267
vt 0.903749 0.383477
vt 0.941125 0.115299
vt 0.918442 0.112013
vt 0.926673 0.395984
vt 0.90399 0.392698
vt 0.577274 0.856653
vt 0.576993 0.867425
vt 0.554349 0.869175
vt 0.554591 0.859906
vt 0.941125 0.00720799
vt 0.940844 0.017981
vt 0.918201 0.01973
vt 0.918442 0.010462
vt 0.576894 0.880109
vt 0.554264 0.880088
vt 0.940745 0.030665
vt 0.940844 0.043329
vt 0.918201 0.041539
vt 0.918116 0.030643
vt 0.576993 0.892774
vt 0.554349 0.890984
vt 0.941125 0.054045
vt 0.918443 0.050759
vt 0.577274 0.90349
vt 0.554591 0.900204
vt 0.790567 0.147119
vt 0.781027 0.147193
vt 0.783226 0.110516
vt 0.790595 0.110459
vt 0.223174 0.770892
vt 0.233446 0.766637
vt 0.234138 0.770115
vt 0.225144 0.77384
vt 0.215313 0.778754
vt 0.218261 0.780724
vt 0.244564 0.822532
vt 0.243872 0.819054
vt 0.244564 0.766637
vt 0.243872 0.770115
vt 0.233446 0.822532
vt 0.234138 0.819054
vt 0.254836 0.770892
vt 0.252866 0.77384
vt 0.223174 0.818277
vt 0.225144 0.815329
vt 0.262698 0.778754
vt 0.259749 0.780724
vt 0.215313 0.810416
vt 0.218261 0.808446
vt 0.266952 0.789026
vt 0.263475 0.789717
vt 0.211058 0.800144
vt 0.214536 0.799452
vt 0.266952 0.800144
vt 0.263475 0.799452
vt 0.211058 0.789026
vt 0.214536 0.789717
vt 0.731328 0.147193
vt 0.723255 0.147405
vt 0.72729 0.11068
vt 0.733526 0.110516
vt 0.772954 0.147405
vt 0.77699 0.11068
vt 0.857937 0.147405
vt 0.849822 0.147193
vt 0.847676 0.110516
vt 0.853944 0.11068
vt 0.385486 0.893546
vt 0.377371 0.893334
vt 0.375225 0.856657
vt 0.381493 0.856821
vt 0.840267 0.147119
vt 0.840295 0.110459
vt 0.367816 0.89326
vt 0.358276 0.893334
vt 0.360474 0.856657
vt 0.367844 0.8566
vt 0.830727 0.147193
vt 0.832925 0.110516
vt 0.350203 0.893546
vt 0.354238 0.856821
vt 0.822654 0.147405
vt 0.826689 0.11068
vt 0.758538 0.147405
vt 0.750423 0.147193
vt 0.748277 0.110516
vt 0.754545 0.11068
vt 0.808237 0.147405
vt 0.800122 0.147193
vt 0.797976 0.110516
vt 0.804245 0.11068
vt 0.740868 0.147119
vt 0.740896 0.110459
vt 0.405724 0.894039
vt 0.406086 0.880055
vt 0.455538 0.880055
vt 0.455175 0.894039
vt 0.281736 0.847149
vt 0.281369 0.833238
vt 0.330821 0.833238
vt 0.331188 0.847149
vt 0.695997 0.837546
vt 0.69563 0.823634
vt 0.745082 0.823634
vt 0.745449 0.837546
vt 0.281867 0.863589
vt 0.331319 0.863589
vt 0.696002 0.870451
vt 0.696128 0.853985
vt 0.745579 0.853985
vt 0.745454 0.870451
vt 0.281741 0.880054
vt 0.331193 0.880054
vt 0.695639 0.884435
vt 0.745091 0.884435
vt 0.281378 0.894039
vt 0.33083 0.894039
vt 0.842062 0.722616
vt 0.841695 0.708705
vt 0.891147 0.708705
vt 0.891514 0.722616
vt 0.406081 0.847149
vt 0.405714 0.833238
vt 0.455166 0.833238
vt 0.455533 0.847149
vt 0.842193 0.739056
vt 0.891645 0.739056
vt 0.406212 0.863589
vt 0.455664 0.863589
vt 0.842067 0.755521
vt 0.891519 0.755521
vt 0.841704 0.769505
vt 0.891156 0.769505
vt 0.496628 0.833242
vt 0.496243 0.847972
vt 0.470215 0.847968
vt 0.4706 0.833238
vt 0.903315 0.021943
vt 0.90318 0.039287
vt 0.877152 0.039283
vt 0.877287 0.021939
vt 0.496109 0.865316
vt 0.47008 0.865312
vt 0.903315 0.056604
vt 0.877287 0.0566
vt 0.496243 0.882633
vt 0.470215 0.882629
vt 0.903699 0.071257
vt 0.877671 0.071253
vt 0.496628 0.897287
vt 0.4706 0.897283
vt 0.537592 0.833242
vt 0.537208 0.847972
vt 0.511179 0.847968
vt 0.511564 0.833238
vt 0.237605 0.836953
vt 0.237221 0.851683
vt 0.211193 0.851679
vt 0.211577 0.836949
vt 0.537073 0.865316
vt 0.511044 0.865312
vt 0.237086 0.869027
vt 0.237221 0.886344
vt 0.211193 0.88634
vt 0.211058 0.869023
vt 0.537208 0.882633
vt 0.51118 0.882629
vt 0.237605 0.900998
vt 0.211577 0.900994
vt 0.537592 0.897287
vt 0.511564 0.897283
vt 0.903699 0.00721198
vt 0.877671 0.00720799
vt 0.183326 0.793987
vt 0.185233 0.795261
vt 0.123693 0.734354
vt 0.111831 0.746216
vt 0.109924 0.744941
vt 0.122418 0.732446
vt 0.707064 0.00945801
vt 0.706616 0.00720799
vt 0.155966 0.812268
vt 0.171464 0.805848
vt 0.172739 0.807756
vt 0.156414 0.814518
vt 0.723839 0.00945801
vt 0.724286 0.00720799
vt 0.139191 0.727934
vt 0.138743 0.725684
vt 0.739337 0.015878
vt 0.740611 0.01397
vt 0.139191 0.812268
vt 0.138743 0.814518
vt 0.751199 0.02774
vt 0.753106 0.026465
vt 0.155966 0.727934
vt 0.156414 0.725684
vt 0.757618 0.043238
vt 0.759868 0.04279
vt 0.700643 0.145385
vt 0.708838 0.13312
vt 0.705961 0.140068
vt 0.693696 0.148263
vt 0.708838 0.125601
vt 0.686177 0.148263
vt 0.705961 0.118654
vt 0.679229 0.145385
vt 0.700643 0.113336
vt 0.673912 0.140068
vt 0.693696 0.110459
vt 0.671034 0.13312
vt 0.686177 0.110459
vt 0.671034 0.125601
vt 0.679229 0.113336
vt 0.673912 0.118653
vn -0.999908 0 0.0136001
vn -0.999908 0 0.0136001
vn -0.999908 0 0.0136001
vn 0.999908 0 0.0136001
vn 0.999908 0 0.0136001
vn 0.999908 0 0.0136001
vn 0.0136001 0 0.999908
vn 0.0136001 0 0.999908
vn 0.0136001 0 0.999908
vn 0.0136001 0 -0.999908
vn 0.0136001 0 -0.999908
vn 0.0136001 0 -0.999908
vn -0.0136001 0 -0.999908
vn -0.0136001 0 -0.999908
vn -0.0136001 0 -0.999908
vn -0.0136001 0 0.999908
vn -0.0136001 0 0.999908
vn -0.0136001 0 0.999908
vn 0.999908 0 -0.0136001
vn 0.999908 0 -0.0136001
vn 0.999908 0 -0.0136001
vn -0.999908 0 -0.0136001
vn -0.999908 0 -0.0136001
vn -0.999908 0 -0.0136001
vn 0.00899962 -0.00179992 0.999958
vn 0.00899962 -0.00179992 0.999958
vn 0.00899962 -0.00179992 0.999958
vn 0.00899962 -0.00179992 0.999958
vn 0.00899962 -0.00179992 -0.999958
vn 0.00899962 -0.00179992 -0.999958
vn 0.00899962 -0.00179992 -0.999958
vn 0.00899962 -0.00179992 -0.999958
vn 1 0 0
vn 1 0 0
vn 1 0 0
vn 1 0 0
vn 0 1 0
vn 0 1 0
vn 0 1 0
vn 0 1 0
vn 0 -1 0
vn 0 -1 0
vn 0 -1 0
vn 0 -1 0
vn -1 0 0
vn -1 0 0
vn -1 0 0
vn -1 0 0
vn 0 0 1
vn 0 0 1
vn 0 0 1
vn 0 0 1
vn 0 -1 0
vn 0 -1 0
vn 0 0 -1
vn 0 0 -1
vn 0 0 -1
vn 0 0 -1
vn 0.803669 0.595077 0
vn 0.803669 0.595077 0
vn 0.803669 0.595077 0
vn 0.803669 0.595077 0
vn -0.999958 -0.00179992 0.00899962
vn -0.999958 -0.00179992 0.00899962
vn -0.999961 -0.00159994 0.00869966
vn -0.999958 -0.00179992 0.00899962
vn 0.999958 -0.00179992 0.00899962
vn 0.999958 -0.00179992 0.00899962
vn 0.999961 -0.00159994 0.00869966
vn 0.999958 -0.00179992 0.00899962
vn 0 0 1
vn 0 0 1
vn 0 0 1
vn 0 0 1
vn 0 1 0
vn 0 1 0
vn 0 1 0
vn 0 1 0
vn 0 -1 0
vn 0 -1 0
vn 0 -1 0
vn 0 -1 0
vn 0 0 -1
vn 0 0 -1
vn 0 0 -1
vn 0 0 -1
vn -1 0 0
vn -1 0 0
vn -1 0 0
vn -1 0 0
vn 0 -1 0
vn 0 -1 0
vn 1 0 0
vn 1 0 0
vn 1 0 0
vn 1 0 0
vn 0 0.595077 0.803669
vn 0 0.595077 0.803669
vn 0 0.595077 0.803669
vn 0 0.595077 0.803669
vn -0.00899962 -0.00179992 -0.999958
vn -0.00899962 -0.00179992 -0.999958
vn -0.00899962 -0.00179992 -0.999958
vn -0.00899962 -0.00179992 -0.999958
vn -0.00899962 -0.00179992 0.999958
vn -0.00899962 -0.00179992 0.999958
vn -0.00899962 -0.00179992 0.999958
vn -0.00899962 -0.00179992 0.999958
vn -1 0 0
vn -1 0 0
vn -1 0 0
vn -1 0 0
vn 0 1 0
vn 0 1 0
vn 0 1 0
vn 0 1 0
vn 0 -1 0
vn 0 -1 0
vn 0 -1 0
vn 0 -1 0
vn 1 0 0
vn 1 0 0
vn 1 0 0
vn 1 0 0
vn 0 0 -1
vn 0 0 -1
vn 0 0 -1
vn 0 0 -1
vn 0 -1 0
vn 0 -1 0
vn 0 0 1
vn 0 0 1
vn 0 0 1
vn 0 0 1
vn -0.803669 0.595077 0
vn -0.803669 0.595077 0
vn -0.803669 0.595077 0
vn -0.803669 0.595077 0
vn 0.999958 -0.00179992 -0.00899962
vn 0.999958 -0.00179992 -0.00899962
vn 0.999958 -0.00179992 -0.00899962
vn 0.999958 -0.00179992 -0.00899962
vn -0.999958 -0.00179992 -0.00899962
vn -0.999958 -0.00179992 -0.00899962
vn -0.999958 -0.00179992 -0.00899962
vn -0.999958 -0.00179992 -0.00899962
vn 0 0 -1
vn 0 0 -1
vn 0 0 -1
vn 0 0 -1
vn 0 1 0
vn 0 1 0
vn 0 1 0
vn 0 1 0
vn 0 -1 0
vn 0 -1 0
vn 0 -1 0
vn 0 -1 0
vn 0 0 1
vn 0 0 1
vn 0 0 1
vn 0 0 1
vn 1 0 0
vn 1 0 0
vn 1 0 0
vn 1 0 0
vn 0 -1 0
vn 0 -1 0
vn -1 0 0
vn -1 0 0
vn -1 0 0
vn -1 0 0
vn 0 0.595077 -0.803669
vn 0 0.595077 -0.803669
vn 0 0.595077 -0.803669
vn 0 0.595077 -0.803669
vn 0 0.383721 0.923449
vn 0 0.383721 0.923449
vn 0 0.383721 0.923449
vn 0 0.383721 0.923449
vn 0 1 0
vn 0 1 0
vn 0 1 0
vn 0 1 0
vn 0 -1 0
vn 0 -1 0
vn 0 -1 0
vn 0 -1 0
vn 0 0 -1
vn 0 0 -1
vn 0 0 -1
vn 0 0 -1
vn -1 0 0
vn -1 0 0
vn -1 0 0
vn -1 0 0
vn 0 -1 0
vn 0 -1 0
vn 1 0 0
vn 1 0 0
vn 1 0 0
vn 1 0 0
vn 0.923449 0.383721 0
vn 0.923449 0.383721 0
vn 0.923449 0.383721 0
vn 0.923449 0.383721 0
vn 0 1 0
vn 0 1 0
vn 0 1 0
vn 0 1 0
vn 0 -1 0
vn 0 -1 0
vn 0 -1 0
vn 0 -1 0
vn -1 0 0
vn -1 0 0
vn -1 0 0
vn -1 0 0
vn 0 0 1
vn 0 0 1
vn 0 0 1
vn 0 0 1
vn 0 -1 0
vn 0 -1 0
vn 0 0 -1
vn 0 0 -1
vn 0 0 -1
vn 0 0 -1
vn -0.923449 0.383721 0
vn -0.923449 0.383721 0
vn -0.923449 0.383721 0
vn -0.923449 0.383721 0
vn 0 1 0
vn 0 1 0
vn 0 1 0
vn 0 1 0
vn 0 -1 0
vn 0 -1 0
vn 0 -1 0
vn 0 -1 0
vn 1 0 0
vn 1 0 0
vn 1 0 0
vn 1 0 0
vn 0 0 -1
vn 0 0 -1
vn 0 0 -1
vn 0 0 -1
vn 0 -1 0
vn 0 -1 0
vn 0 0 1
vn 0 0 1
vn 0 0 1
vn 0 0 1
vn 0 0.383721 -0.923449
vn 0 0.383721 -0.923449
vn 0 0.383721 -0.923449
vn 0 0.383721 -0.923449
vn 0 1 0
vn 0 1 0
vn 0 1 0
vn 0 1 0
vn 0 -1 0
vn 0 -1 0
vn 0 -1 0
vn 0 -1 0
vn 0 0 1
vn 0 0 1
vn 0 0 1
vn 0 0 1
vn 1 0 0
vn 1 0 0
vn 1 0 0
vn 1 0 0
vn 0 -1 0
vn 0 -1 0
vn -1 0 0
vn -1 0 0
vn -1 0 0
vn -1 0 0
vn 0.644593 -0.411096 0.644593
vn 0.348806 -0.411107 0.842215
vn -0.0001 -1 0
vn -0.644593 -0.411096 -0.644593
vn -0.348806 -0.411107 -0.842215
vn 0.0002 -1 0
vn 0.842185 -0.411093 0.348894
vn 0.644593 -0.411096 0.644593
vn 0 -1 0.0001
vn -0.842215 -0.411107 -0.348806
vn -0.644593 -0.411096 -0.644593
vn 0 -1 -0.0002
vn 0.911592 -0.411096 0
vn -0.911592 -0.411096 0
vn 0.842215 -0.411107 -0.348806
vn -0.842185 -0.411093 0.348894
vn 0.644593 -0.411096 -0.644593
vn -0.644593 -0.411096 0.644593
vn 0.348806 -0.411107 -0.842215
vn 0.644593 -0.411096 -0.644593
vn -0.348894 -0.411093 0.842185
vn -0.644593 -0.411096 0.644593
vn 0 -0.411096 -0.911592
vn 0 -0.411096 0.911592
vn -0.707107 0 -0.707107
vn -0.707107 0 -0.707107
vn -0.707107 0 -0.707107
vn 0.923877 0 -0.38269
vn 0.923877 0 -0.38269
vn 0.923877 0 -0.38269
vn 0.923877 0 0.38269
vn 0.923877 0 0.38269
vn 0.923877 0 0.38269
vn -1 0 0
vn -1 0 0
vn -1 0 0
vn -0.707107 0 0.707107
vn -0.707107 0 0.707107
vn -0.707107 0 0.707107
vn 0.38269 0 -0.923877
vn 0.38269 0 -0.923877
vn 0.38269 0 -0.923877
vn -0.38269 0 -0.923877
vn -0.38269 0 -0.923877
vn -0.38269 0 -0.923877
vn 0 0 1
vn 0 0 1
vn 0 0 1
vn 0.707107 0 0.707107
vn 0.707107 0 0.707107
vn 0.707107 0 0.707107
vn -0.923877 0 -0.38269
vn -0.923877 0 -0.38269
vn -0.923877 0 -0.38269
vn 1 0 0
vn 1 0 0
vn 1 0 0
vn -0.923877 0 0.38269
vn -0.923877 0 0.38269
vn -0.923877 0 0.38269
vn 0.707107 0 -0.707107
vn 0.707107 0 -0.707107
vn 0.707107 0 -0.707107
vn -0.38269 0 0.923877
vn -0.38269 0 0.923877
vn -0.38269 0 0.923877
vn 0 0 -1
vn 0 0 -1
vn 0 0 -1
vn 0.38269 0 0.923877
vn 0.38269 0 0.923877
vn 0.38269 0 0.923877
vn 0 0 1
vn 0 0 1
vn 0.38269 0 0.923877
vn 0.38269 0 0.923877
vn 0.707107 0 0.707107
vn 0.707107 0 0.707107
vn 0.707107 0 0.707107
vn 0.707107 0 0.707107
vn 0.923877 0 0.38269
vn 0.923877 0 0.38269
vn 1 0 0
vn 1 0 0
vn 0.923877 0 -0.38269
vn 0.923877 0 -0.38269
vn 0.707107 0 -0.707107
vn 0.707107 0 -0.707107
vn 0.707107 0 -0.707107
vn 0.707107 0 -0.707107
vn 0.38269 0 -0.923877
vn 0.38269 0 -0.923877
vn 0 0 -1
vn 0 0 -1
vn -0.38269 0 -0.923877
vn -0.38269 0 -0.923877
vn -0.707107 0 -0.707107
vn -0.707107 0 -0.707107
vn -0.707107 0 -0.707107
vn -0.707107 0 -0.707107
vn -0.923877 0 -0.38269
vn -0.923877 0 -0.38269
vn -1 0 0
vn -1 0 0
vn -0.923877 0 0.38269
vn -0.923877 0 0.38269
vn -0.707107 0 0.707107
vn -0.707107 0 0.707107
vn -0.707107 0 0.707107
vn -0.707107 0 0.707107
vn -0.38269 0 0.923877
vn -0.38269 0 0.923877
vn 0.38269 0 0.923877
vn 0.707107 0 0.707107
vn 0.707107 0 0.707107
vn 0.38269 0 0.923877
vn 0 -1 0
vn 0 -1 0
vn 0 -1 0
vn 0 -1 0
vn 0 -1 0
vn 0 -1 0
vn 0 -1 0
vn 0 -1 0
vn 0 -1 0
vn 0 -1 0
vn 0 -1 0
vn 0 -1 0
vn 0 -1 0
vn 0 -1 0
vn 0 -1 0
vn 0 -1 0
vn 0 -1 0
vn 0 -1 0
vn 0 -1 0
vn 0 -1 0
vn 0 -1 0
vn 0 -1 0
vn 0 -1 0
vn 0 -1 0
vn 0 -1 0
vn 0 -1 0
vn 0 -1 0
vn 0 -1 0
vn 0 -1 0
vn 0 -1 0
vn 0 -1 0
vn 0 -1 0
vn 0 -1 0
vn 0 -1 0
vn 0 -1 0
vn 0 -1 0
vn -0.38269 0 0.923877
vn 0 0 1
vn 0 -1 0
vn 0 -1 0
vn 0 -1 0
vn 0 -1 0
vn -0.707107 0 0.707107
vn -0.4207 -0.9072 0
vn -0.388611 -0.907226 -0.161005
vn -0.388611 -0.907226 -0.161005
vn -0.4207 -0.9072 0
vn -0.923877 0 0.38269
vn -0.707107 0 0.707107
vn 0.388611 -0.907226 0.161005
vn 0.297496 -0.907189 0.297496
vn 0.297496 -0.907189 0.297496
vn 0.388611 -0.907226 0.161005
vn -1 0 0
vn 0 -1 0
vn 0 -1 0
vn -0.923877 0 -0.38269
vn 0 -0.9072 0.4207
vn -0.161005 -0.907226 0.388611
vn -0.161005 -0.907226 0.388611
vn 0 -0.9072 0.4207
vn -0.707107 0 -0.707107
vn 0.161005 -0.907226 -0.388611
vn 0.297496 -0.907189 -0.297496
vn 0.297496 -0.907189 -0.297496
vn 0.161005 -0.907226 -0.388611
vn -0.38269 0 -0.923877
vn -0.707107 0 -0.707107
vn 0 -1 0
vn 0 -1 0
vn 0 0 -1
vn 0 -1 0
vn 0 -1 0
vn 0 -1 0
vn 0 -1 0
vn 0.38269 0 -0.923877
vn -0.297496 -0.907189 -0.297496
vn -0.297496 -0.907189 -0.297496
vn 0.707107 0 -0.707107
vn 0.161005 -0.907226 0.388611
vn 0.161005 -0.907226 0.388611
vn 0.923877 0 -0.38269
vn 0.707107 0 -0.707107
vn 0 -1 0
vn 0 -1 0
vn 1 0 0
vn 0 -1 0
vn 0 -1 0
vn 0.923877 0 0.38269
vn -0.297496 -0.907189 0.297496
vn -0.297496 -0.907189 0.297496
vn 0.707107 0 0.707107
vn 0.388611 -0.907226 -0.161005
vn 0.388611 -0.907226 -0.161005
vn 0.38269 0 0.923877
vn 0.707107 0 0.707107
vn 0 -1 0
vn 0 -1 0
vn -0.38269 0 0.923877
vn -0.38269 0 0.923877
vn 0 0 1
vn 0 0 1
vn -0.707107 0 0.707107
vn -0.707107 0 0.707107
vn -0.923877 0 0.38269
vn -0.923877 0 0.38269
vn -0.707107 0 0.707107
vn -0.707107 0 0.707107
vn -1 0 0
vn -1 0 0
vn -0.923877 0 -0.38269
vn -0.923877 0 -0.38269
vn -0.707107 0 -0.707107
vn -0.707107 0 -0.707107
vn -0.38269 0 -0.923877
vn -0.38269 0 -0.923877
vn -0.707107 0 -0.707107
vn -0.707107 0 -0.707107
vn 0 0 -1
vn 0 0 -1
vn 0.38269 0 -0.923877
vn 0.38269 0 -0.923877
vn 0.707107 0 -0.707107
vn 0.707107 0 -0.707107
vn 0.923877 0 -0.38269
vn 0.923877 0 -0.38269
vn 0.707107 0 -0.707107
vn 0.707107 0 -0.707107
vn 1 0 0
vn 1 0 0
vn 0.923877 0 0.38269
vn 0.923877 0 0.38269
vn 0.707107 0 0.707107
vn 0.707107 0 0.707107
vn 0.38269 0 0.923877
vn 0.38269 0 0.923877
vn 0.707107 0 0.707107
vn 0.707107 0 0.707107
vn 0 -0.9072 -0.4207
vn 0 -0.9072 -0.4207
vn 0 -1 0
vn 0 -1 0
vn 0.4207 -0.9072 0
vn 0.4207 -0.9072 0
vn 0 -1 0
vn 0 -1 0
vn -0.388611 -0.907226 0.161005
vn -0.388611 -0.907226 0.161005
vn 0 -1 0
vn 0 -1 0
vn -0.161005 -0.907226 -0.388611
vn -0.161005 -0.907226 -0.388611
vn 0 -1 0
vn 0 -1 0
vn 0 -1 0
vn 0 -1 0
vn 0.923877 0 -0.38269
vn 1 0 0
vn 0.997462 -0.0711973 0
vn 0.921534 -0.0712026 -0.381714
vn 0.921534 -0.0712026 0.381714
vn 0.90758 -0.187096 0.375892
vn 0.982339 -0.187108 0
vn -0.707107 0 -0.707107
vn -0.38269 0 -0.923877
vn -0.381714 -0.0712026 -0.921534
vn -0.705312 -0.0712012 -0.705312
vn -0.38269 0 0.923877
vn -0.707107 0 0.707107
vn -0.705212 -0.0712012 0.705412
vn -0.381714 -0.0712026 0.921534
vn 0.923877 0 0.38269
vn 0.707107 0 0.707107
vn 0.705412 -0.0712012 0.705212
vn 0 0 -1
vn 0.38269 0 -0.923877
vn 0.381714 -0.0712026 -0.921534
vn 0 -0.0711973 -0.997462
vn 0.38269 0 0.923877
vn 0 0 1
vn 0 -0.0711973 0.997462
vn 0.381714 -0.0712026 0.921534
vn -0.923877 0 0.38269
vn -1 0 0
vn -0.997462 -0.0711973 0
vn -0.921534 -0.0712026 0.381714
vn 0.707107 0 -0.707107
vn 0.705312 -0.0712012 -0.705312
vn -0.923877 0 -0.38269
vn -0.707107 0 -0.707107
vn -0.705312 -0.0712012 -0.705312
vn -0.921534 -0.0712026 -0.381714
vn -0.707107 0 0.707107
vn -0.705312 -0.0712012 0.705312
vn 0.707107 0 0.707107
vn 0.705212 -0.0712012 0.705412
vn 0.707107 0 -0.707107
vn 0.705312 -0.0712012 -0.705312
vn -0.375892 -0.187096 -0.90758
vn 0 -0.187108 -0.982339
vn 0 -0.286403 -0.958109
vn -0.366687 -0.28639 -0.885168
vn -0.90758 -0.187096 -0.375892
vn -0.982339 -0.187108 0
vn 0.90758 -0.187096 -0.375892
vn -0.90758 -0.187096 0.375892
vn 0.694619 -0.187105 -0.694619
vn -0.694619 -0.187105 0.694619
vn 0.694571 -0.187092 -0.694671
vn 0.375892 -0.187096 -0.90758
vn -0.694571 -0.187092 0.694671
vn -0.375892 -0.187096 0.90758
vn 0 -0.187108 0.982339
vn 0.375892 -0.187096 0.90758
vn 0.694619 -0.187105 0.694619
vn -0.694619 -0.187105 -0.694619
vn 0.694671 -0.187092 0.694571
vn -0.694671 -0.187092 -0.694571
vn -0.677487 -0.286395 0.677487
vn -0.885168 -0.28639 0.366687
vn -0.861162 -0.362184 0.356684
vn -0.659095 -0.362197 0.659095
vn 0.366687 -0.28639 0.885168
vn 0.677487 -0.286395 0.677487
vn -0.677487 -0.286395 -0.677487
vn 0.677487 -0.286395 0.677487
vn 0.8852 -0.2864 0.3666
vn -0.677487 -0.286395 -0.677487
vn -0.885168 -0.28639 -0.366687
vn 0.958109 -0.286403 0
vn -0.958109 -0.286403 0
vn 0.885168 -0.28639 -0.366687
vn 0.677487 -0.286395 -0.677487
vn 0.677487 -0.286395 -0.677487
vn 0.366687 -0.28639 -0.885168
vn -0.677487 -0.286395 0.677487
vn -0.3666 -0.2864 0.8852
vn 0 -0.286403 0.958109
vn -0.9321 -0.3622 0
vn -0.861162 -0.362184 -0.356684
vn 0.659095 -0.362197 -0.659095
vn 0.356684 -0.362184 -0.861162
vn -0.659095 -0.362197 0.659095
vn -0.356684 -0.362184 0.861162
vn 0 -0.3622 -0.9321
vn 0 -0.3622 0.9321
vn 0.356684 -0.362184 0.861162
vn -0.356684 -0.362184 -0.861162
vn 0.659095 -0.362197 0.659095
vn -0.659095 -0.362197 -0.659095
vn 0.659095 -0.362197 0.659095
vn 0.861162 -0.362184 0.356684
vn -0.659095 -0.362197 -0.659095
vn 0.9321 -0.3622 0
vn 0.861162 -0.362184 -0.356684
vn 0.659095 -0.362197 -0.659095
vn 0 1 0
vn 0 1 0
vn 0 1 0
vn 0 1 0
vn 0.707107 0 -0.707107
vn 0.38269 0 -0.923877
vn 0.38269 0 -0.923877
vn 0.707107 0 -0.707107
vn -0.923877 0 -0.38269
vn -1 0 0
vn -1 0 0
vn -0.923877 0 -0.38269
vn 1 0 0
vn 0.923877 0 -0.38269
vn 0.923877 0 -0.38269
vn 1 0 0
vn -0.38269 0 -0.923877
vn -0.707107 0 -0.707107
vn -0.707107 0 -0.707107
vn -0.38269 0 -0.923877
vn -0.707107 0 0.707107
vn -0.38269 0 0.923877
vn -0.38269 0 0.923877
vn -0.707107 0 0.707107
vn 0.707107 0 0.707107
vn 0.923877 0 0.38269
vn 0.923877 0 0.38269
vn 0.707107 0 0.707107
vn 0 0 -1
vn 0 0 -1
vn 0 0 1
vn 0 0 1
vn -0.923877 0 0.38269
vn -0.923877 0 0.38269
vn 0.707107 0 -0.707107
vn 0.707107 0 -0.707107
vn -0.707107 0 -0.707107
vn -0.707107 0 -0.707107
vn -0.707107 0 0.707107
vn -0.707107 0 0.707107
vn 0 1 0
vn 0 1 0
vn 0 1 0
vn 0 1 0
vn 0 1 0
vn 0 1 0
vn 0 1 0
vn 0 1 0
vn 0 1 0
vn 0 1 0
vn 0 1 0
vn 0 1 0
vn 0 1 0
vn 0 1 0
vn 0 1 0
vn 0 1 0
vn 0 1 0
vn 0 1 0
vn 0 1 0
vn 0 1 0
vn 0 1 0
vn 0 1 0
vn 0 1 0
vn 0 1 0
vn 0 1 0
vn 0 1 0
vn 0 1 0
vn 0 1 0
vn 0.0001 1 0
vn 0.0001 1 0
vn 0.0001 1 0
vn 0 1 0
vn 0 1 0
vn -0.0001 1 0
vn -0.0001 1 0
vn -0.0001 1 0
vn 0 1 0
vn 0 1 0
vn 0.555577 0 0.831465
vn 0.555577 0 0.831465
vn 0.539795 0.236498 0.807893
vn 0.539795 0.236498 0.807893
vn 0 -1 0
vn 0 -1 0
vn 0 -1 0
vn 0 -1 0
vn 0 1 0
vn 0 1 0
vn 0 1 0
vn 0 1 0
vn 0 1 0
vn 0 1 0
vn 0 -1 0
vn 0 -1 0
vn 0 -1 0
vn 0 -1 0
vn 0 1 0
vn 0 1 0
vn 0 1 0
vn 0 1 0
vn 0 -1 0
vn 0 -1 0
vn 0 1 0
vn 0 1 0
vn 0 -1 0
vn 0 -1 0
vn 0 1 0
vn 0 1 0
vn 0 -1 0
vn 0 -1 0
vn 0 1 0
vn 0 1 0
vn 0 -1 0
vn 0 -1 0
vn 0 1 0
vn 0 1 0
vn -0.195097 0 0.980784
vn -0.195097 0 0.980784
vn -0.189592 0.236489 0.952957
vn -0.189592 0.236489 0.952957
vn -0.555577 0 -0.831465
vn -0.555577 0 -0.831465
vn -0.539795 0.236498 -0.807893
vn -0.539795 0.236498 -0.807893
vn 0.980784 0 0.195097
vn 0.980784 0 0.195097
vn 0.952957 0.236489 0.189592
vn 0.952957 0.236489 0.189592
vn -0.980784 0 -0.195097
vn -0.980784 0 -0.195097
vn -0.952957 0.236489 -0.189592
vn -0.952957 0.236489 -0.189592
vn 0.831465 0 -0.555577
vn 0.831465 0 -0.555577
vn 0.807893 0.236498 -0.539795
vn 0.807893 0.236498 -0.539795
vn -0.831465 0 0.555577
vn -0.831465 0 0.555577
vn -0.807893 0.236498 0.539795
vn -0.807893 0.236498 0.539795
vn 0.195097 0 -0.980784
vn 0.195097 0 -0.980784
vn 0.189592 0.236489 -0.952957
vn 0.189592 0.236489 -0.952957
vn 0 1 0
vn 0 1 0
vn 0 1 0
vn 0 1 0
vn 0.489416 0.473315 0.732424
vn 0.489416 0.473315 0.732424
vn 0.863975 0.473286 0.171895
vn 0.863975 0.473286 0.171895
vn -0.923877 0 -0.38269
vn -0.923877 0 -0.38269
vn 0.732424 0.473315 -0.489416
vn 0.732424 0.473315 -0.489416
vn 0 1 0
vn 0 1 0
vn 0 1 0
vn 0 1 0
vn 0.171895 0.473286 -0.863975
vn 0.171895 0.473286 -0.863975
vn -0.489416 0.473315 -0.732424
vn -0.489416 0.473315 -0.732424
vn -0.38269 0 0.923877
vn -0.38269 0 0.923877
vn -0.863975 0.473286 -0.171895
vn -0.863975 0.473286 -0.171895
vn -0.707107 0 0.707107
vn -0.707107 0 0.707107
vn -0.732424 0.473315 0.489416
vn -0.732424 0.473315 0.489416
vn 0 1 0
vn 0 1 0
vn 0 1 0
vn 0 1 0
vn -0.171895 0.473286 0.863975
vn -0.171895 0.473286 0.863975
vn 0 1 0
vn 0 1 0
vn 0 1 0
vn 0 1 0
vn 0.164099 0.541096 0.824795
vn 0.164099 0.541096 0.824795
vn 0.164099 0.541096 0.824795
vn 0.164099 0.541096 0.824795
vn 0.699219 0.541115 0.467213
vn 0.699219 0.541115 0.467213
vn 0.699219 0.541115 0.467213
vn 0.699219 0.541115 0.467213
vn 0.824795 0.541096 -0.164099
vn 0.824795 0.541096 -0.164099
vn 0.824795 0.541096 -0.164099
vn 0.824795 0.541096 -0.164099
vn 0.467213 0.541115 -0.699219
vn 0.467213 0.541115 -0.699219
vn 0.467213 0.541115 -0.699219
vn 0.467213 0.541115 -0.699219
vn -0.164099 0.541096 -0.824795
vn -0.164099 0.541096 -0.824795
vn -0.164099 0.541096 -0.824795
vn -0.164099 0.541096 -0.824795
vn -0.699219 0.541115 -0.467213
vn -0.699219 0.541115 -0.467213
vn -0.699219 0.541115 -0.467213
vn -0.699219 0.541115 -0.467213
vn -0.824795 0.541096 0.164099
vn -0.824795 0.541096 0.164099
vn -0.824795 0.541096 0.164099
vn -0.824795 0.541096 0.164099
vn -0.467213 0.541115 0.699219
vn -0.467213 0.541115 0.699219
vn -0.467213 0.541115 0.699219
vn -0.467213 0.541115 0.699219
vn 0.38269 0 -0.923877
vn 0.38269 0 -0.923877
vn 0 0 -1
vn 0 0 -1
vn 0 1 0
vn 0 1 0
vn 0 1 0
vn 0 1 0
vn 1 0 0
vn 1 0 0
vn -0.776699 -0.3569 -0.519
vn -0.776699 -0.3569 -0.519
vn -0.776699 -0.3569 -0.519
vn -0.776699 -0.3569 -0.519
vn 0 0 1
vn 0 0 1
vn 0.38269 0 0.923877
vn 0.38269 0 0.923877
vn -0.1822 -0.356901 -0.916201
vn -0.1822 -0.356901 -0.916201
vn -0.1822 -0.356901 -0.916201
vn -0.1822 -0.356901 -0.916201
vn 0 1 0
vn 0 1 0
vn 0 1 0
vn 0 1 0
vn -0.923877 0 0.38269
vn -0.923877 0 0.38269
vn 0.519 -0.3569 -0.776699
vn 0.519 -0.3569 -0.776699
vn 0.519 -0.3569 -0.776699
vn 0.519 -0.3569 -0.776699
vn -1 0 0
vn -1 0 0
vn 0 1 0
vn 0 1 0
vn -0.38269 0 -0.923877
vn -0.38269 0 -0.923877
vn -0.707107 0 -0.707107
vn -0.707107 0 -0.707107
vn 0.916201 -0.356901 -0.1822
vn 0.916201 -0.356901 -0.1822
vn 0.916201 -0.356901 -0.1822
vn 0.916185 -0.356894 -0.182297
vn 0.916185 -0.356894 -0.182297
vn 0.916185 -0.356894 -0.182297
vn 0 1 0
vn 0 1 0
vn 0 1 0
vn 0 1 0
vn 0.923877 0 -0.38269
vn 0.923877 0 -0.38269
vn 0.707107 0 -0.707107
vn 0.707107 0 -0.707107
vn 0.776699 -0.3569 0.519
vn 0.776699 -0.3569 0.519
vn 0.776699 -0.3569 0.519
vn 0.776699 -0.3569 0.519
vn 0 1 0
vn 0 1 0
vn 0 1 0
vn 0 1 0
vn 0.707107 0 0.707107
vn 0.707107 0 0.707107
vn 0.923877 0 0.38269
vn 0.923877 0 0.38269
vn 0.1822 -0.356901 0.916201
vn 0.1822 -0.356901 0.916201
vn 0.1822 -0.356901 0.916201
vn 0.1822 -0.356901 0.916201
vn -0.916201 -0.356901 0.1822
vn -0.916201 -0.356901 0.1822
vn -0.916201 -0.356901 0.1822
vn -0.916201 -0.356901 0.1822
vn -0.519 -0.3569 0.776699
vn -0.519 -0.3569 0.776699
vn -0.519 -0.3569 0.776699
vn -0.519 -0.3569 0.776699
vn -0.693087 0.198496 -0.692987
vn -0.905485 0.198497 -0.375094
vn -0.905485 0.198497 -0.375094
vn -0.693087 0.198496 -0.692987
vn 0 1 0
vn 0 1 0
vn 0 1 0
vn 0 1 0
vn 0 1 0
vn 0 1 0
vn 0 1 0
vn 0 1 0
vn 0 1 0
vn 0 1 0
vn 0 1 0
vn 0 1 0
vn 0 1 0
vn 0 1 0
vn 0 1 0
vn 0 1 0
vn 0 1 0
vn 0 1 0
vn 0.693087 0.198496 0.692987
vn 0.905485 0.198497 0.375094
vn 0.905485 0.198497 0.375094
vn 0.693087 0.198496 0.692987
vn -0.980101 0.1985 0
vn -0.980101 0.1985 0
vn 0.980101 0.1985 0
vn 0.980101 0.1985 0
vn -0.905485 0.198497 0.375094
vn -0.905485 0.198497 0.375094
vn 0.905485 0.198497 -0.375094
vn 0.905485 0.198497 -0.375094
vn -0.693087 0.198496 0.692987
vn -0.693087 0.198496 0.692987
vn 0.693087 0.198496 -0.692987
vn 0.693087 0.198496 -0.692987
vn -0.692987 0.198496 0.693087
vn -0.375094 0.198497 0.905485
vn -0.375094 0.198497 0.905485
vn -0.692987 0.198496 0.693087
vn 0.692987 0.198496 -0.693087
vn 0.375094 0.198497 -0.905485
vn 0.375094 0.198497 -0.905485
vn 0.692987 0.198496 -0.693087
vn 0 0.1985 0.980101
vn 0 0.1985 0.980101
vn 0 0.1985 -0.980101
vn -0.375094 0.198497 -0.905485
vn -0.375094 0.198497 -0.905485
vn 0 0.1985 -0.980101
vn 0.375094 0.198497 0.905485
vn 0.375094 0.198497 0.905485
vn -0.692987 0.198496 -0.693087
vn -0.692987 0.198496 -0.693087
vn 0.692987 0.198496 0.693087
vn 0.692987 0.198496 0.693087
vn 0.988381 0.151997 0
vn 0.91315 0.152008 -0.378221
vn 0.91315 0.152008 -0.378221
vn 0.988381 0.151997 0
vn 0 1 0
vn 0 1 0
vn 0 1 0
vn 0 1 0
vn 0 1 0
vn 0 1 0
vn 0 1 0
vn 0 1 0
vn 0 1 0
vn 0 1 0
vn 0 1 0
vn 0 1 0
vn 0 1 0
vn 0 1 0
vn 0 1 0
vn 0 1 0
vn 0 1 0
vn 0 1 0
vn 0 1 0
vn 0 1 0
vn 0 1 0
vn 0 1 0
vn 0 1 0
vn 0 1 0
vn 0 1 0
vn 0 1 0
vn 0 1 0
vn 0 1 0
vn -0.91315 0.152008 0.378221
vn -0.698891 0.151998 0.698891
vn -0.698891 0.151998 0.698891
vn -0.91315 0.152008 0.378221
vn 0.698891 0.151998 -0.698891
vn 0.698991 0.151998 -0.698791
vn -0.698891 0.151998 0.698891
vn -0.378221 0.152008 0.91315
vn -0.378221 0.152008 0.91315
vn -0.698891 0.151998 0.698891
vn 0.698891 0.151998 -0.698891
vn 0.378221 0.152008 -0.91315
vn 0.378221 0.152008 -0.91315
vn 0.698791 0.151998 -0.698991
vn 0 0.151997 0.988381
vn 0 0.151997 0.988381
vn 0 0.151997 -0.988381
vn -0.378221 0.152008 -0.91315
vn -0.378221 0.152008 -0.91315
vn 0 0.151997 -0.988381
vn 0.378221 0.152008 0.91315
vn 0.378221 0.152008 0.91315
vn -0.698891 0.151998 -0.698891
vn -0.698791 0.151998 -0.698991
vn 0.698891 0.151998 0.698891
vn 0.698891 0.151998 0.698891
vn -0.698891 0.151998 -0.698891
vn -0.91315 0.152008 -0.378221
vn -0.91315 0.152008 -0.378221
vn -0.698991 0.151998 -0.698791
vn 0.698891 0.151998 0.698891
vn 0.91315 0.152008 0.378221
vn 0.91315 0.152008 0.378221
vn 0.698891 0.151998 0.698891
vn -0.988381 0.151997 0
vn -0.988381 0.151997 0
vn 0.707107 0 0.707107
vn 0.923877 0 0.38269
vn 0.923877 0 0.38269
vn 0.707107 0 0.707107
vn -0.38269 0 -0.923877
vn -0.707107 0 -0.707107
vn -0.707107 0 -0.707107
vn -0.38269 0 -0.923877
vn 0.38269 0 0.923877
vn 0.707107 0 0.707107
vn 0.707107 0 0.707107
vn 0.38269 0 0.923877
vn 0 0 -1
vn 0 0 -1
vn -0.38269 0 0.923877
vn 0 0 1
vn 0 0 1
vn -0.38269 0 0.923877
vn 0.38269 0 -0.923877
vn 0.38269 0 -0.923877
vn -0.707107 0 0.707107
vn -0.707107 0 0.707107
vn 0.707107 0 -0.707107
vn 0.707107 0 -0.707107
vn -0.923877 0 0.38269
vn -0.707107 0 0.707107
vn -0.707107 0 0.707107
vn -0.923877 0 0.38269
vn 0.923877 0 -0.38269
vn 0.707107 0 -0.707107
vn 0.707107 0 -0.707107
vn 0.923877 0 -0.38269
vn -1 0 0
vn -1 0 0
vn 1 0 0
vn 1 0 0
vn -0.923877 0 -0.38269
vn -0.923877 0 -0.38269
vn -0.707107 0 -0.707107
vn -0.707107 0 -0.707107
vn -0.707107 0 -0.707107
vn -0.923877 0 -0.38269
vn -0.923877 0 -0.38269
vn -0.707107 0 -0.707107
vn 0.923877 0 0.38269
vn 1 0 0
vn 1 0 0
vn 0.923877 0 0.38269
vn -1 0 0
vn -1 0 0
vn 0.923877 0 -0.38269
vn 0.923877 0 -0.38269
vn -0.923877 0 0.38269
vn -0.923877 0 0.38269
vn 0.707107 0 -0.707107
vn 0.707107 0 -0.707107
vn -0.707107 0 0.707107
vn -0.707107 0 0.707107
vn 0.707107 0 -0.707107
vn 0.38269 0 -0.923877
vn 0.38269 0 -0.923877
vn 0.707107 0 -0.707107
vn -0.707107 0 0.707107
vn -0.38269 0 0.923877
vn -0.38269 0 0.923877
vn -0.707107 0 0.707107
vn 0 0 -1
vn 0 0 -1
vn 0 0 1
vn 0.38269 0 0.923877
vn 0.38269 0 0.923877
vn 0 0 1
vn -0.38269 0 -0.923877
vn -0.38269 0 -0.923877
vn 0.707107 0 0.707107
vn 0.707107 0 0.707107
vn -0.707107 0 -0.707107
vn -0.707107 0 -0.707107
vn 0.707107 0 0.707107
vn 0.707107 0 0.707107
vn 0 -1 0
vn 0 -1 0
vn 0 -1 0
vn 0 -1 0
vn 0 -1 0
vn 0 -1 0
vn 0 1 0
vn 0 1 0
vn 0 -1 0
vn 0 -1 0
vn 0 -1 0
vn 0 -1 0
vn 0 1 0
vn 0 1 0
vn 0 -1 0
vn 0 -1 0
vn 0 1 0
vn 0 1 0
vn 0 -1 0
vn 0 -1 0
vn 0 1 0
vn 0 1 0
vn 0 -1 0
vn 0 -1 0
vn 0 1 0
vn 0 1 0
vn 0 1 0
vn 0 1 0
vn 0 1 0
vn 0 1 0
vn 0 1 0
vn 0 1 0
vn 0 1 0
vn 0 1 0
vn 0 1 0
vn 0 1 0
vn 0 1 0
vn 0 1 0
vn 0 1 0
vn 0 1 0
vn 0 1 0
vn 0 1 0
usemtl None.001
s off
f 18/18/18 19/19/19 20/20/20
f 21/21/21 22/22/22 23/23/23
f 24/24/24 25/25/25 26/26/26
f 27/27/27 28/28/28 29/29/29
f 30/30/30 31/31/31 32/32/32
f 33/33/33 34/34/34 35/35/35
f 36/36/36 37/37/37 38/38/38
f 39/39/39 40/40/40 41/41/41
f 42/42/42 43/43/43 44/44/44
f 42/42/42 44/44/44 45/45/45
f 46/46/46 47/47/47 48/48/48
f 46/46/46 48/48/48 49/49/49
f 50/50/50 51/51/51 52/52/52
f 50/50/50 52/52/52 53/53/53
f 54/54/54 55/55/55 56/56/56
f 54/54/54 56/56/56 57/57/57
f 58/58/58 59/59/59 60/60/60
f 58/58/58 60/60/60 61/61/61
f 62/62/62 63/63/63 64/64/64
f 62/62/62 64/64/64 65/65/65
f 66/66/66 67/67/67 68/68/68
f 66/66/66 68/68/68 69/69/69
f 60/60/60 59/59/59 70/70/70
f 60/60/60 70/70/70 71/71/71
f 72/72/72 73/73/73 74/74/74
f 72/72/72 74/74/74 75/75/75
f 76/76/76 77/77/77 78/78/78
f 76/76/76 78/78/78 79/79/79
f 80/80/80 81/81/81 82/82/82
f 80/80/80 82/82/82 83/83/83
f 84/84/84 85/85/85 86/86/86
f 84/84/84 86/86/86 87/87/87
f 88/88/88 89/89/89 90/90/90
f 88/88/88 90/90/90 91/91/91
f 92/92/92 93/93/93 94/94/94
f 92/92/92 94/94/94 95/95/95
f 96/96/96 97/97/97 98/98/98
f 96/96/96 98/98/98 99/99/99
f 100/100/100 101/101/101 102/102/102
f 100/100/100 102/102/102 103/103/103
f 104/104/104 105/105/105 106/106/106
f 104/104/104 106/106/106 107/107/107
f 98/98/98 97/97/97 108/108/108
f 98/98/98 108/108/108 109/109/109
f 110/110/110 111/111/111 112/112/112
f 110/110/110 112/112/112 113/113/113
f 114/114/114 115/115/115 116/116/116
f 114/114/114 116/116/116 117/117/117
f 118/118/118 119/119/119 120/120/120
f 118/118/118 120/120/120 121/121/121
f 122/122/122 123/123/123 124/124/124
f 122/122/122 124/124/124 125/125/125
f 126/126/126 127/127/127 128/128/128
f 126/126/126 128/128/128 129/129/129
f 130/130/130 131/131/131 132/132/132
f 130/130/130 132/132/132 133/133/133
f 134/134/134 135/135/135 136/136/136
f 134/134/134 136/136/136 137/137/137
f 138/138/138 139/139/139 140/140/140
f 138/138/138 140/140/140 141/141/141
f 142/142/142 143/143/143 144/144/144
f 142/142/142 144/144/144 145/145/145
f 136/136/136 135/135/135 146/146/146
f 136/136/136 146/146/146 147/147/147
f 148/148/148 149/149/149 150/150/150
f 148/148/148 150/150/150 151/151/151
f 152/152/152 153/153/153 154/154/154
f 152/152/152 154/154/154 155/155/155
f 156/156/156 157/157/157 158/158/158
f 156/156/156 158/158/158 159/159/159
f 160/160/160 161/161/161 162/162/162
f 160/160/160 162/162/162 163/163/163
f 164/164/164 165/165/165 166/166/166
f 164/164/164 166/166/166 167/167/167
f 168/168/168 169/169/169 170/170/170
f 168/168/168 170/170/170 171/171/171
f 172/172/172 173/173/173 174/174/174
f 172/172/172 174/174/174 175/175/175
f 176/176/176 177/177/177 178/178/178
f 176/176/176 178/178/178 179/179/179
f 180/180/180 181/181/181 182/182/182
f 180/180/180 182/182/182 183/183/183
f 174/174/174 173/173/173 184/184/184
f 174/174/174 184/184/184 185/185/185
f 186/186/186 187/187/187 188/188/188
f 186/186/186 188/188/188 189/189/189
f 190/190/190 191/191/191 192/192/192
f 190/190/190 192/192/192 193/193/193
f 194/194/194 195/195/195 196/196/196
f 194/194/194 196/196/196 197/197/197
f 198/198/198 199/199/199 200/200/200
f 198/198/198 200/200/200 201/201/201
f 202/202/202 203/203/203 204/204/204
f 202/202/202 204/204/204 205/205/205
f 206/206/206 207/207/207 208/208/208
f 206/206/206 208/208/208 209/209/209
f 210/210/210 211/211/211 212/212/212
f 210/210/210 212/212/212 213/213/213
f 204/204/204 203/203/203 214/214/214
f 204/204/204 214/214/214 215/215/215
f 216/216/216 217/217/217 218/218/218
f 216/216/216 218/218/218 219/219/219
f 220/220/220 221/221/221 222/222/222
f 220/220/220 222/222/222 223/223/223
f 224/224/224 225/225/225 226/226/226
f 224/224/224 226/226/226 227/227/227
f 228/228/228 229/229/229 230/230/230
f 228/228/228 230/230/230 231/231/231
f 232/232/232 233/233/233 234/234/234
f 232/232/232 234/234/234 235/235/235
f 236/236/236 237/237/237 238/238/238
f 236/236/236 238/238/238 239/239/239
f 230/230/230 229/229/229 240/240/240
f 230/230/230 240/240/240 241/241/241
f 242/242/242 243/243/243 244/244/244
f 242/242/242 244/244/244 245/245/245
f 246/246/246 247/247/247 248/248/248
f 246/246/246 248/248/248 249/249/249
f 250/250/250 251/251/251 252/252/252
f 250/250/250 252/252/252 253/253/253
f 254/254/254 255/255/255 256/256/256
f 254/254/254 256/256/256 257/257/257
f 258/258/258 259/259/259 260/260/260
f 258/258/258 260/260/260 261/261/261
f 262/262/262 263/263/263 264/264/264
f 262/262/262 264/264/264 265/265/265
f 256/256/256 255/255/255 266/266/266
f 256/256/256 266/266/266 267/267/267
f 268/268/268 269/269/269 270/270/270
f 268/268/268 270/270/270 271/271/271
f 272/272/272 273/273/273 274/274/274
f 272/272/272 274/274/274 275/275/275
f 276/276/276 277/277/277 278/278/278
f 276/276/276 278/278/278 279/279/279
f 280/280/280 281/281/281 282/282/282
f 280/280/280 282/282/282 283/283/283
f 284/284/284 285/285/285 286/286/286
f 284/284/284 286/286/286 287/287/287
f 288/288/288 289/289/289 290/290/290
f 288/288/288 290/290/290 291/291/291
f 282/282/282 281/281/281 292/292/292
f 282/282/282 292/292/292 293/293/293
f 294/294/294 295/295/295 296/296/296
f 294/294/294 296/296/296 297/297/297
f 298/298/298 299/299/299 300/300/300
f 301/301/301 302/302/302 303/303/303
f 304/304/304 305/305/305 306/306/306
f 307/307/307 308/308/308 309/309/309
f 310/310/310 304/304/304 306/306/306
f 311/311/311 307/307/307 309/309/309
f 312/312/312 310/310/310 306/306/306
f 313/313/313 311/311/311 309/309/309
f 314/314/314 312/312/312 306/306/306
f 315/315/315 313/313/313 309/309/309
f 316/316/316 317/317/317 303/303/303
f 318/318/318 319/319/319 300/300/300
f 320/320/320 316/316/316 303/303/303
f 299/299/299 321/321/321 300/300/300
f 321/321/321 318/318/318 300/300/300
f 302/302/302 320/320/320 303/303/303
f 322/322/322 323/323/323 324/324/324
f 325/325/325 326/326/326 327/327/327
f 328/328/328 329/329/329 330/330/330
f 331/331/331 332/332/332 333/333/333
f 334/334/334 335/335/335 336/336/336
f 337/337/337 338/338/338 339/339/339
f 340/340/340 341/341/341 342/342/342
f 343/343/343 344/344/344 345/345/345
f 346/346/346 347/347/347 348/348/348
f 349/349/349 350/350/350 351/351/351
f 352/352/352 353/353/353 354/354/354
f 355/355/355 356/356/356 357/357/357
f 358/358/358 359/359/359 360/360/360
f 361/361/361 362/362/362 363/363/363
f 364/364/364 365/365/365 366/366/366
f 367/367/367 368/368/368 369/369/369
f 370/370/370 371/371/371 372/372/372
f 370/370/370 372/372/372 373/373/373
f 373/373/373 372/372/372 374/374/374
f 373/373/373 374/374/374 375/375/375
f 376/376/376 377/377/377 378/378/378
f 376/376/376 378/378/378 379/379/379
f 379/379/379 378/378/378 380/380/380
f 379/379/379 380/380/380 381/381/381
f 381/381/381 380/380/380 382/382/382
f 381/381/381 382/382/382 383/383/383
f 383/383/383 382/382/382 384/384/384
f 383/383/383 384/384/384 385/385/385
f 386/386/386 387/387/387 388/388/388
f 386/386/386 388/388/388 389/389/389
f 389/389/389 388/388/388 390/390/390
f 389/389/389 390/390/390 391/391/391
f 391/391/391 390/390/390 392/392/392
f 391/391/391 392/392/392 393/393/393
f 393/393/393 392/392/392 394/394/394
f 393/393/393 394/394/394 395/395/395
f 396/396/396 397/397/397 398/398/398
f 396/396/396 398/398/398 399/399/399
f 399/399/399 398/398/398 400/400/400
f 399/399/399 400/400/400 401/401/401
f 401/401/401 400/400/400 402/402/402
f 401/401/401 402/402/402 403/403/403
f 403/403/403 402/402/402 404/404/404
f 403/403/403 404/404/404 405/405/405
f 406/406/406 407/407/407 408/408/408
f 406/406/406 408/408/408 409/409/409
f 409/409/409 408/408/408 371/371/371
f 409/409/409 371/371/371 370/370/370
f 410/410/410 411/411/411 412/412/412
f 410/410/410 412/412/412 413/413/413
f 414/414/414 415/415/415 416/416/416
f 414/414/414 416/416/416 417/417/417
f 418/418/418 419/419/419 420/420/420
f 418/418/418 420/420/420 421/421/421
f 422/422/422 423/423/423 424/424/424
f 422/422/422 424/424/424 425/425/425
f 426/426/426 427/427/427 428/428/428
f 426/426/426 428/428/428 429/429/429
f 430/430/430 431/431/431 432/432/432
f 430/430/430 432/432/432 433/433/433
f 434/434/434 418/418/418 421/421/421
f 434/434/434 421/421/421 435/435/435
f 436/436/436 437/437/437 438/438/438
f 436/436/436 438/438/438 439/439/439
f 415/415/415 440/440/440 441/441/441
f 415/415/415 441/441/441 416/416/416
f 419/419/419 442/442/442 443/443/443
f 419/419/419 443/443/443 420/420/420
f 423/423/423 444/444/444 445/445/445
f 423/423/423 445/445/445 424/424/424
f 427/427/427 414/414/414 417/417/417
f 427/427/427 417/417/417 428/428/428
f 431/431/431 422/422/422 425/425/425
f 431/431/431 425/425/425 432/432/432
f 437/437/437 426/426/426 429/429/429
f 437/437/437 429/429/429 438/438/438
f 440/440/440 434/434/434 435/435/435
f 440/440/440 435/435/435 441/441/441
f 442/442/442 430/430/430 433/433/433
f 442/442/442 433/433/433 443/443/443
f 444/444/444 436/436/436 439/439/439
f 444/444/444 439/439/439 445/445/445
f 446/446/446 447/447/447 448/448/448
f 446/446/446 448/448/448 449/449/449
f 450/450/450 409/409/409 370/370/370
f 450/450/450 370/370/370 451/451/451
f 452/452/452 453/453/453 454/454/454
f 452/452/452 454/454/454 455/455/455
f 456/456/456 406/406/406 409/409/409
f 456/456/456 409/409/409 450/450/450
f 457/457/457 458/458/458 459/459/459
f 457/457/457 459/459/459 460/460/460
f 461/461/461 403/403/403 405/405/405
f 461/461/461 405/405/405 462/462/462
f 463/463/463 464/464/464 465/465/465
f 463/463/463 465/465/465 466/466/466
f 467/467/467 401/401/401 403/403/403
f 467/467/467 403/403/403 461/461/461
f 447/447/447 468/468/468 469/469/469
f 447/447/447 469/469/469 448/448/448
f 470/470/470 399/399/399 401/401/401
f 470/470/470 401/401/401 467/467/467
f 471/471/471 472/472/472 473/473/473
f 471/471/471 473/473/473 474/474/474
f 475/475/475 396/396/396 399/399/399
f 475/475/475 399/399/399 470/470/470
f 476/476/476 477/477/477 478/478/478
f 476/476/476 478/478/478 479/479/479
f 480/480/480 393/393/393 395/395/395
f 480/480/480 395/395/395 481/481/481
f 453/453/453 482/482/482 483/483/483
f 453/453/453 483/483/483 454/454/454
f 484/484/484 391/391/391 393/393/393
f 484/484/484 393/393/393 480/480/480
f 485/485/485 486/486/486 487/487/487
f 485/485/485 487/487/487 488/488/488
f 489/489/489 389/389/389 391/391/391
f 489/489/489 391/391/391 484/484/484
f 458/458/458 490/490/490 491/491/491
f 458/458/458 491/491/491 459/459/459
f 492/492/492 386/386/386 389/389/389
f 492/492/492 389/389/389 489/489/489
f 464/464/464 493/493/493 494/494/494
f 464/464/464 494/494/494 465/465/465
f 495/495/495 383/383/383 385/385/385
f 495/495/495 385/385/385 496/496/496
f 468/468/468 497/497/497 498/498/498
f 468/468/468 498/498/498 469/469/469
f 499/499/499 381/381/381 383/383/383
f 499/499/499 383/383/383 495/495/495
f 482/482/482 500/500/500 501/501/501
f 482/482/482 501/501/501 483/483/483
f 502/502/502 379/379/379 381/381/381
f 502/502/502 381/381/381 499/499/499
f 472/472/472 503/503/503 504/504/504
f 472/472/472 504/504/504 473/473/473
f 505/505/505 376/376/376 379/379/379
f 505/505/505 379/379/379 502/502/502
f 477/477/477 506/506/506 507/507/507
f 477/477/477 507/507/507 478/478/478
f 508/508/508 373/373/373 375/375/375
f 508/508/508 375/375/375 509/509/509
f 486/486/486 510/510/510 511/511/511
f 486/486/486 511/511/511 487/487/487
f 451/451/451 370/370/370 373/373/373
f 451/451/451 373/373/373 508/508/508
f 512/512/512 513/513/513 514/514/514
f 512/512/512 514/514/514 515/515/515
f 516/516/516 517/517/517 513/513/513
f 516/516/516 513/513/513 512/512/512
f 518/518/518 519/519/519 520/520/520
f 518/518/518 520/520/520 521/521/521
f 522/522/522 523/523/523 519/519/519
f 522/522/522 519/519/519 518/518/518
f 524/524/524 525/525/525 523/523/523
f 524/524/524 523/523/523 522/522/522
f 526/526/526 527/527/527 525/525/525
f 526/526/526 525/525/525 524/524/524
f 528/528/528 529/529/529 530/530/530
f 528/528/528 530/530/530 531/531/531
f 532/532/532 533/533/533 529/529/529
f 532/532/532 529/529/529 528/528/528
f 534/534/534 535/535/535 533/533/533
f 534/534/534 533/533/533 532/532/532
f 536/536/536 537/537/537 535/535/535
f 536/536/536 535/535/535 534/534/534
f 538/538/538 539/539/539 540/540/540
f 538/538/538 540/540/540 541/541/541
f 542/542/542 543/543/543 539/539/539
f 542/542/542 539/539/539 538/538/538
f 544/544/544 545/545/545 543/543/543
f 544/544/544 543/543/543 542/542/542
f 546/546/546 547/547/547 545/545/545
f 546/546/546 545/545/545 544/544/544
f 548/548/548 549/549/549 550/550/550
f 548/548/548 550/550/550 551/551/551
f 515/515/515 514/514/514 549/549/549
f 515/515/515 549/549/549 548/548/548
f 552/552/552 476/476/476 479/479/479
f 552/552/552 479/479/479 553/553/553
f 554/554/554 452/452/452 455/455/455
f 554/554/554 455/455/455 555/555/555
f 556/556/556 463/463/463 466/466/466
f 556/556/556 466/466/466 557/557/557
f 558/558/558 446/446/446 449/449/449
f 558/558/558 449/449/449 559/559/559
f 560/560/560 457/457/457 460/460/460
f 560/560/560 460/460/460 561/561/561
f 562/562/562 554/554/554 555/555/555
f 562/562/562 555/555/555 563/563/563
f 564/564/564 552/552/552 553/553/553
f 564/564/564 553/553/553 565/565/565
f 566/566/566 558/558/558 559/559/559
f 566/566/566 559/559/559 567/567/567
f 506/506/506 556/556/556 557/557/557
f 506/506/506 557/557/557 507/507/507
f 503/503/503 560/560/560 561/561/561
f 503/503/503 561/561/561 504/504/504
f 568/568/568 562/562/562 563/563/563
f 568/568/568 563/563/563 569/569/569
f 493/493/493 471/471/471 474/474/474
f 493/493/493 474/474/474 494/494/494
f 510/510/510 566/566/566 567/567/567
f 510/510/510 567/567/567 511/511/511
f 490/490/490 564/564/564 565/565/565
f 490/490/490 565/565/565 491/491/491
f 500/500/500 485/485/485 488/488/488
f 500/500/500 488/488/488 501/501/501
f 497/497/497 568/568/568 569/569/569
f 497/497/497 569/569/569 498/498/498
f 570/570/570 571/571/571 572/572/572
f 570/570/570 572/572/572 573/573/573
f 572/572/572 574/574/574 575/575/575
f 572/572/572 575/575/575 576/576/576
f 577/577/577 578/578/578 579/579/579
f 577/577/577 579/579/579 580/580/580
f 581/581/581 582/582/582 583/583/583
f 581/581/581 583/583/583 584/584/584
f 585/585/585 586/586/586 587/587/587
f 585/585/585 587/587/587 574/574/574
f 588/588/588 589/589/589 590/590/590
f 588/588/588 590/590/590 591/591/591
f 592/592/592 593/593/593 594/594/594
f 592/592/592 594/594/594 595/595/595
f 596/596/596 597/597/597 598/598/598
f 596/596/596 598/598/598 599/599/599
f 600/600/600 570/570/570 573/573/573
f 600/600/600 573/573/573 601/601/601
f 602/602/602 603/603/603 604/604/604
f 602/602/602 604/604/604 605/605/605
f 593/593/593 581/581/581 584/584/584
f 593/593/593 584/584/584 594/594/594
f 571/571/571 585/585/585 574/574/574
f 571/571/571 574/574/574 572/572/572
f 578/578/578 588/588/588 591/591/591
f 578/578/578 591/591/591 579/579/579
f 606/606/606 596/596/596 599/599/599
f 606/606/606 599/599/599 607/607/607
f 608/608/608 592/592/592 595/595/595
f 608/608/608 595/595/595 609/609/609
f 589/589/589 610/610/610 611/611/611
f 589/589/589 611/611/611 590/590/590
f 597/597/597 602/602/602 605/605/605
f 597/597/597 605/605/605 598/598/598
f 612/612/612 613/613/613 614/614/614
f 612/612/612 614/614/614 615/615/615
f 598/598/598 605/605/605 616/616/616
f 598/598/598 616/616/616 617/617/617
f 573/573/573 572/572/572 576/576/576
f 573/573/573 576/576/576 618/618/618
f 599/599/599 598/598/598 617/617/617
f 599/599/599 617/617/617 619/619/619
f 601/601/601 573/573/573 618/618/618
f 601/601/601 618/618/618 620/620/620
f 607/607/607 599/599/599 619/619/619
f 607/607/607 619/619/619 621/621/621
f 590/590/590 611/611/611 622/622/622
f 590/590/590 622/622/622 623/623/623
f 584/584/584 583/583/583 624/624/624
f 584/584/584 624/624/624 625/625/625
f 591/591/591 590/590/590 623/623/623
f 591/591/591 623/623/623 613/613/613
f 595/595/595 594/594/594 626/626/626
f 595/595/595 626/626/626 627/627/627
f 594/594/594 584/584/584 625/625/625
f 594/594/594 625/625/625 626/626/626
f 579/579/579 591/591/591 613/613/613
f 579/579/579 613/613/613 612/612/612
f 609/609/609 595/595/595 627/627/627
f 609/609/609 627/627/627 628/628/628
f 580/580/580 579/579/579 612/612/612
f 580/580/580 612/612/612 629/629/629
f 574/574/574 587/587/587 630/630/630
f 574/574/574 630/630/630 575/575/575
f 605/605/605 604/604/604 631/631/631
f 605/605/605 631/631/631 616/616/616
f 632/632/632 633/633/633 634/634/634
f 632/632/632 634/634/634 635/635/635
f 628/628/628 627/627/627 636/636/636
f 628/628/628 636/636/636 637/637/637
f 629/629/629 612/612/612 615/615/615
f 629/629/629 615/615/615 638/638/638
f 575/575/575 630/630/630 639/639/639
f 575/575/575 639/639/639 640/640/640
f 616/616/616 631/631/631 641/641/641
f 616/616/616 641/641/641 642/642/642
f 576/576/576 575/575/575 640/640/640
f 576/576/576 640/640/640 643/643/643
f 617/617/617 616/616/616 642/642/642
f 617/617/617 642/642/642 644/644/644
f 618/618/618 576/576/576 643/643/643
f 618/618/618 643/643/643 645/645/645
f 619/619/619 617/617/617 644/644/644
f 619/619/619 644/644/644 633/633/633
f 620/620/620 618/618/618 645/645/645
f 620/620/620 645/645/645 646/646/646
f 621/621/621 619/619/619 633/633/633
f 621/621/621 633/633/633 632/632/632
f 623/623/623 622/622/622 647/647/647
f 623/623/623 647/647/647 648/648/648
f 625/625/625 624/624/624 649/649/649
f 625/625/625 649/649/649 650/650/650
f 613/613/613 623/623/623 648/648/648
f 613/613/613 648/648/648 614/614/614
f 627/627/627 626/626/626 651/651/651
f 627/627/627 651/651/651 636/636/636
f 626/626/626 625/625/625 650/650/650
f 626/626/626 650/650/650 651/651/651
f 652/652/652 653/653/653 307/307/307
f 652/652/652 307/307/307 311/311/311
f 648/648/648 647/647/647 654/654/654
f 648/648/648 654/654/654 655/655/655
f 650/650/650 649/649/649 656/656/656
f 650/650/650 656/656/656 657/657/657
f 614/614/614 648/648/648 655/655/655
f 614/614/614 655/655/655 658/658/658
f 636/636/636 651/651/651 659/659/659
f 636/636/636 659/659/659 660/660/660
f 651/651/651 650/650/650 657/657/657
f 651/651/651 657/657/657 659/659/659
f 615/615/615 614/614/614 658/658/658
f 615/615/615 658/658/658 661/661/661
f 637/637/637 636/636/636 660/660/660
f 637/637/637 660/660/660 662/662/662
f 638/638/638 615/615/615 661/661/661
f 638/638/638 661/661/661 663/663/663
f 640/640/640 639/639/639 664/664/664
f 640/640/640 664/664/664 665/665/665
f 642/642/642 641/641/641 666/666/666
f 642/642/642 666/666/666 653/653/653
f 643/643/643 640/640/640 665/665/665
f 643/643/643 665/665/665 667/667/667
f 644/644/644 642/642/642 653/653/653
f 644/644/644 653/653/653 652/652/652
f 645/645/645 643/643/643 667/667/667
f 645/645/645 667/667/667 668/668/668
f 633/633/633 644/644/644 652/652/652
f 633/633/633 652/652/652 634/634/634
f 646/646/646 645/645/645 668/668/668
f 646/646/646 668/668/668 669/669/669
f 668/668/668 667/667/667 310/310/310
f 668/668/668 310/310/310 312/312/312
f 634/634/634 652/652/652 311/311/311
f 634/634/634 311/311/311 313/313/313
f 669/669/669 668/668/668 312/312/312
f 669/669/669 312/312/312 314/314/314
f 635/635/635 634/634/634 313/313/313
f 635/635/635 313/313/313 315/315/315
f 655/655/655 654/654/654 317/317/317
f 655/655/655 317/317/317 316/316/316
f 657/657/657 656/656/656 319/319/319
f 657/657/657 319/319/319 318/318/318
f 658/658/658 655/655/655 316/316/316
f 658/658/658 316/316/316 320/320/320
f 660/660/660 659/659/659 321/321/321
f 660/660/660 321/321/321 299/299/299
f 659/659/659 657/657/657 318/318/318
f 659/659/659 318/318/318 321/321/321
f 661/661/661 658/658/658 320/320/320
f 661/661/661 320/320/320 302/302/302
f 662/662/662 660/660/660 299/299/299
f 662/662/662 299/299/299 298/298/298
f 663/663/663 661/661/661 302/302/302
f 663/663/663 302/302/302 301/301/301
f 665/665/665 664/664/664 305/305/305
f 665/665/665 305/305/305 304/304/304
f 653/653/653 666/666/666 308/308/308
f 653/653/653 308/308/308 307/307/307
f 667/667/667 665/665/665 304/304/304
f 667/667/667 304/304/304 310/310/310
f 670/670/670 671/671/671 672/672/672
f 670/670/670 672/672/672 673/673/673
f 674/674/674 675/675/675 676/676/676
f 674/674/674 676/676/676 677/677/677
f 678/678/678 679/679/679 680/680/680
f 678/678/678 680/680/680 681/681/681
f 682/682/682 683/683/683 684/684/684
f 682/682/682 684/684/684 685/685/685
f 686/686/686 687/687/687 688/688/688
f 686/686/686 688/688/688 689/689/689
f 690/690/690 691/691/691 692/692/692
f 690/690/690 692/692/692 693/693/693
f 694/694/694 695/695/695 696/696/696
f 694/694/694 696/696/696 697/697/697
f 675/675/675 698/698/698 699/699/699
f 675/675/675 699/699/699 676/676/676
f 700/700/700 410/410/410 413/413/413
f 700/700/700 413/413/413 701/701/701
f 679/679/679 702/702/702 703/703/703
f 679/679/679 703/703/703 680/680/680
f 683/683/683 704/704/704 705/705/705
f 683/683/683 705/705/705 684/684/684
f 706/706/706 678/678/678 681/681/681
f 706/706/706 681/681/681 707/707/707
f 691/691/691 700/700/700 701/701/701
f 691/691/691 701/701/701 692/692/692
f 695/695/695 682/682/682 685/685/685
f 695/695/695 685/685/685 696/696/696
f 698/698/698 686/686/686 689/689/689
f 698/698/698 689/689/689 699/699/699
f 702/702/702 708/708/708 709/709/709
f 702/702/702 709/709/709 703/703/703
f 710/710/710 711/711/711 712/712/712
f 710/710/710 712/712/712 713/713/713
f 714/714/714 715/715/715 716/716/716
f 714/714/714 716/716/716 717/717/717
f 671/671/671 718/718/718 719/719/719
f 671/671/671 719/719/719 672/672/672
f 715/715/715 720/720/720 721/721/721
f 715/715/715 721/721/721 716/716/716
f 718/718/718 722/722/722 723/723/723
f 718/718/718 723/723/723 719/719/719
f 720/720/720 724/724/724 725/725/725
f 720/720/720 725/725/725 721/721/721
f 726/726/726 727/727/727 728/728/728
f 726/726/726 728/728/728 729/729/729
f 722/722/722 726/726/726 729/729/729
f 722/722/722 729/729/729 723/723/723
f 724/724/724 730/730/730 731/731/731
f 724/724/724 731/731/731 725/725/725
f 727/727/727 732/732/732 733/733/733
f 727/727/727 733/733/733 728/728/728
f 730/730/730 734/734/734 735/735/735
f 730/730/730 735/735/735 731/731/731
f 732/732/732 736/736/736 737/737/737
f 738/738/738 739/739/739 740/740/740
f 734/734/734 741/741/741 742/742/742
f 743/743/743 744/744/744 745/745/745
f 736/736/736 746/746/746 747/747/747
f 736/736/736 747/747/747 737/737/737
f 741/741/741 670/670/670 673/673/673
f 741/741/741 673/673/673 742/742/742
f 746/746/746 714/714/714 717/717/717
f 746/746/746 717/717/717 747/747/747
f 748/748/748 749/749/749 750/750/750
f 748/748/748 750/750/750 751/751/751
f 752/752/752 753/753/753 754/754/754
f 752/752/752 754/754/754 755/755/755
f 711/711/711 756/756/756 757/757/757
f 711/711/711 757/757/757 712/712/712
f 758/758/758 759/759/759 760/760/760
f 758/758/758 760/760/760 761/761/761
f 762/762/762 763/763/763 764/764/764
f 762/762/762 764/764/764 765/765/765
f 756/756/756 766/766/766 767/767/767
f 756/756/756 767/767/767 757/757/757
f 759/759/759 768/768/768 769/769/769
f 759/759/759 769/769/769 760/760/760
f 753/753/753 770/770/770 771/771/771
f 753/753/753 771/771/771 754/754/754
f 766/766/766 758/758/758 761/761/761
f 766/766/766 761/761/761 767/767/767
f 768/768/768 772/772/772 773/773/773
f 768/768/768 773/773/773 769/769/769
f 763/763/763 774/774/774 775/775/775
f 763/763/763 775/775/775 764/764/764
f 772/772/772 776/776/776 777/777/777
f 772/772/772 777/777/777 773/773/773
f 770/770/770 778/778/778 779/779/779
f 770/770/770 779/779/779 771/771/771
f 776/776/776 780/780/780 781/781/781
f 776/776/776 781/781/781 777/777/777
f 774/774/774 782/782/782 783/783/783
f 774/774/774 783/783/783 775/775/775
f 780/780/780 784/784/784 785/785/785
f 780/780/780 785/785/785 781/781/781
f 786/786/786 787/787/787 788/788/788
f 786/786/786 788/788/788 789/789/789
f 790/790/790 791/791/791 792/792/792
f 790/790/790 792/792/792 793/793/793
f 794/794/794 795/795/795 796/796/796
f 794/794/794 796/796/796 797/797/797
f 798/798/798 799/799/799 800/800/800
f 798/798/798 800/800/800 801/801/801
f 802/802/802 803/803/803 804/804/804
f 802/802/802 804/804/804 805/805/805
f 806/806/806 807/807/807 808/808/808
f 806/806/806 808/808/808 809/809/809
f 810/810/810 811/811/811 812/812/812
f 810/810/810 812/812/812 813/813/813
f 814/814/814 815/815/815 816/816/816
f 814/814/814 816/816/816 817/817/817
f 751/751/751 750/750/750 818/818/818
f 751/751/751 818/818/818 819/819/819
f 797/797/797 796/796/796 820/820/820
f 797/797/797 820/820/820 821/821/821
f 351/351/351 822/822/822 823/823/823
f 351/351/351 823/823/823 349/349/349
f 805/805/805 804/804/804 824/824/824
f 805/805/805 824/824/824 825/825/825
f 826/826/826 827/827/827 828/828/828
f 826/826/826 828/828/828 829/829/829
f 813/813/813 812/812/812 830/830/830
f 813/813/813 830/830/830 831/831/831
f 793/793/793 792/792/792 832/832/832
f 793/793/793 832/832/832 833/833/833
f 361/361/361 834/834/834 835/835/835
f 361/361/361 835/835/835 362/362/362
f 801/801/801 800/800/800 836/836/836
f 801/801/801 836/836/836 837/837/837
f 838/838/838 335/335/335 334/334/334
f 838/838/838 334/334/334 839/839/839
f 809/809/809 808/808/808 840/840/840
f 809/809/809 840/840/840 841/841/841
f 842/842/842 843/843/843 844/844/844
f 842/842/842 844/844/844 845/845/845
f 789/789/789 788/788/788 846/846/846
f 789/789/789 846/846/846 847/847/847
f 848/848/848 849/849/849 850/850/850
f 848/848/848 850/850/850 851/851/851
f 852/852/852 853/853/853 854/854/854
f 852/852/852 854/854/854 855/855/855
f 856/856/856 857/857/857 858/858/858
f 856/856/856 858/858/858 859/859/859
f 860/860/860 861/861/861 862/862/862
f 860/860/860 862/862/862 863/863/863
f 864/864/864 865/865/865 866/866/866
f 864/864/864 866/866/866 867/867/867
f 868/868/868 869/869/869 870/870/870
f 868/868/868 870/870/870 871/871/871
f 872/872/872 873/873/873 874/874/874
f 872/872/872 874/874/874 875/875/875
f 876/876/876 877/877/877 878/878/878
f 876/876/876 878/878/878 879/879/879
f 880/880/880 881/881/881 882/882/882
f 880/880/880 882/882/882 883/883/883
f 339/339/339 884/884/884 885/885/885
f 339/339/339 885/885/885 337/337/337
f 886/886/886 364/364/364 366/366/366
f 886/886/886 366/366/366 887/887/887
f 888/888/888 889/889/889 890/890/890
f 888/888/888 890/890/890 891/891/891
f 892/892/892 352/352/352 354/354/354
f 892/892/892 354/354/354 893/893/893
f 894/894/894 895/895/895 896/896/896
f 894/894/894 896/896/896 897/897/897
f 898/898/898 344/344/344 343/343/343
f 898/898/898 343/343/343 899/899/899
f 367/367/367 900/900/900 901/901/901
f 367/367/367 901/901/901 368/368/368
f 902/902/902 903/903/903 904/904/904
f 902/902/902 904/904/904 905/905/905
f 906/906/906 907/907/907 908/908/908
f 906/906/906 908/908/908 909/909/909
f 355/355/355 910/910/910 911/911/911
f 355/355/355 911/911/911 356/356/356
f 912/912/912 913/913/913 914/914/914
f 912/912/912 914/914/914 915/915/915
f 916/916/916 332/332/332 331/331/331
f 916/916/916 331/331/331 917/917/917
f 849/849/849 848/848/848 918/918/918
f 849/849/849 918/918/918 919/919/919
f 342/342/342 920/920/920 921/921/921
f 342/342/342 921/921/921 340/340/340
f 922/922/922 322/322/322 324/324/324
f 922/922/922 324/324/324 923/923/923
f 924/924/924 925/925/925 926/926/926
f 927/927/927 928/928/928 929/929/929
f 930/930/930 931/931/931 932/932/932
f 930/930/930 932/932/932 933/933/933
f 327/327/327 934/934/934 935/935/935
f 327/327/327 935/935/935 325/325/325
f 936/936/936 358/358/358 360/360/360
f 936/936/936 360/360/360 937/937/937
f 938/938/938 939/939/939 940/940/940
f 938/938/938 940/940/940 941/941/941
f 942/942/942 943/943/943 944/944/944
f 942/942/942 944/944/944 945/945/945
f 946/946/946 347/347/347 346/346/346
f 946/946/946 346/346/346 947/947/947
f 329/329/329 948/948/948 949/949/949
f 329/329/329 949/949/949 330/330/330
f 950/950/950 951/951/951 952/952/952
f 950/950/950 952/952/952 953/953/953
f 954/954/954 955/955/955 956/956/956
f 954/954/954 956/956/956 957/957/957
f 958/958/958 959/959/959 960/960/960
f 958/958/958 960/960/960 961/961/961
f 962/962/962 963/963/963 964/964/964
f 962/962/962 964/964/964 965/965/965
f 906/906/906 843/843/843 966/966/966
f 906/906/906 966/966/966 967/967/967
f 942/942/942 889/889/889 968/968/968
f 942/942/942 968/968/968 969/969/969
f 815/815/815 814/814/814 970/970/970
f 815/815/815 970/970/970 971/971/971
f 826/826/826 907/907/907 972/972/972
f 826/826/826 972/972/972 973/973/973
f 931/931/931 930/930/930 974/974/974
f 931/931/931 974/974/974 975/975/975
f 849/849/849 827/827/827 976/976/976
f 849/849/849 976/976/976 850/850/850
f 843/843/843 842/842/842 977/977/977
f 843/843/843 977/977/977 966/966/966
f 889/889/889 888/888/888 978/978/978
f 889/889/889 978/978/978 968/968/968
f 814/814/814 848/848/848 851/851/851
f 814/814/814 851/851/851 970/970/970
f 907/907/907 906/906/906 967/967/967
f 907/907/907 967/967/967 972/972/972
f 842/842/842 943/943/943 979/979/979
f 842/842/842 979/979/979 977/977/977
f 943/943/943 942/942/942 969/969/969
f 943/943/943 969/969/969 979/979/979
f 930/930/930 815/815/815 971/971/971
f 930/930/930 971/971/971 974/974/974
f 827/827/827 826/826/826 973/973/973
f 827/827/827 973/973/973 976/976/976
f 888/888/888 931/931/931 975/975/975
f 888/888/888 975/975/975 978/978/978
f 980/980/980 981/981/981 982/982/982
f 980/980/980 982/982/982 983/983/983
f 984/984/984 985/985/985 986/986/986
f 984/984/984 986/986/986 987/987/987
f 963/963/963 988/988/988 989/989/989
f 963/963/963 989/989/989 964/964/964
f 985/985/985 990/990/990 991/991/991
f 985/985/985 991/991/991 986/986/986
f 988/988/988 992/992/992 993/993/993
f 988/988/988 993/993/993 989/989/989
f 990/990/990 994/994/994 995/995/995
f 990/990/990 995/995/995 991/991/991
f 992/992/992 996/996/996 997/997/997
f 992/992/992 997/997/997 993/993/993
f 994/994/994 998/998/998 999/999/999
f 994/994/994 999/999/999 995/995/995
f 1000/1000/1000 1001/1001/1001 1002/1002/1002
f 1000/1000/1000 1002/1002/1002 1003/1003/1003
f 1004/1004/1004 1005/1005/1005 1006/1006/1006
f 1004/1004/1004 1006/1006/1006 1007/1007/1007
f 1001/1001/1001 1008/1008/1008 1009/1009/1009
f 1001/1001/1001 1009/1009/1009 1002/1002/1002
f 1010/1010/1010 1011/1011/1011 1012/1012/1012
f 1010/1010/1010 1012/1012/1012 1013/1013/1013
f 1005/1005/1005 1010/1010/1010 1013/1013/1013
f 1005/1005/1005 1013/1013/1013 1006/1006/1006
f 1008/1008/1008 1014/1014/1014 1015/1015/1015
f 1008/1008/1008 1015/1015/1015 1009/1009/1009
f 1011/1011/1011 1016/1016/1016 1017/1017/1017
f 1011/1011/1011 1017/1017/1017 1012/1012/1012
f 1014/1014/1014 1018/1018/1018 1019/1019/1019
f 1014/1014/1014 1019/1019/1019 1015/1015/1015
f 1020/1020/1020 1021/1021/1021 1022/1022/1022
f 1020/1020/1020 1022/1022/1022 1023/1023/1023
f 1024/1024/1024 1025/1025/1025 1026/1026/1026
f 1024/1024/1024 1026/1026/1026 1027/1027/1027
f 1028/1028/1028 1024/1024/1024 1027/1027/1027
f 1028/1028/1028 1027/1027/1027 1029/1029/1029
f 981/981/981 1030/1030/1030 1031/1031/1031
f 981/981/981 1031/1031/1031 982/982/982
f 1025/1025/1025 1032/1032/1032 1033/1033/1033
f 1025/1025/1025 1033/1033/1033 1026/1026/1026
f 1030/1030/1030 1034/1034/1034 1035/1035/1035
f 1030/1030/1030 1035/1035/1035 1031/1031/1031
f 1032/1032/1032 1036/1036/1036 1037/1037/1037
f 1032/1032/1032 1037/1037/1037 1033/1033/1033
f 1034/1034/1034 1038/1038/1038 1039/1039/1039
f 1034/1034/1034 1039/1039/1039 1035/1035/1035
f 1036/1036/1036 1040/1040/1040 1041/1041/1041
f 1036/1036/1036 1041/1041/1041 1037/1037/1037
f 1038/1038/1038 1042/1042/1042 1043/1043/1043
f 1038/1038/1038 1043/1043/1043 1039/1039/1039
f 1040/1040/1040 1044/1044/1044 1045/1045/1045
f 1040/1040/1040 1045/1045/1045 1041/1041/1041
f 1042/1042/1042 1046/1046/1046 1047/1047/1047
f 1042/1042/1042 1047/1047/1047 1043/1043/1043
f 1044/1044/1044 1048/1048/1048 1049/1049/1049
f 1044/1044/1044 1049/1049/1049 1045/1045/1045
f 1046/1046/1046 1050/1050/1050 1051/1051/1051
f 1046/1046/1046 1051/1051/1051 1047/1047/1047
f 1048/1048/1048 980/980/980 983/983/983
f 1048/1048/1048 983/983/983 1049/1049/1049
f 1050/1050/1050 1028/1028/1028 1029/1029/1029
f 1050/1050/1050 1029/1029/1029 1051/1051/1051
f 1052/1052/1052 1053/1053/1053 1054/1054/1054
f 1052/1052/1052 1054/1054/1054 1055/1055/1055
f 1021/1021/1021 1056/1056/1056 1057/1057/1057
f 1021/1021/1021 1057/1057/1057 1022/1022/1022
f 1058/1058/1058 1059/1059/1059 1060/1060/1060
f 1058/1058/1058 1060/1060/1060 1061/1061/1061
f 1062/1062/1062 1063/1063/1063 1064/1064/1064
f 1062/1062/1062 1064/1064/1064 1065/1065/1065
f 1059/1059/1059 1066/1066/1066 1067/1067/1067
f 1059/1059/1059 1067/1067/1067 1060/1060/1060
f 1068/1068/1068 1069/1069/1069 1070/1070/1070
f 1068/1068/1068 1070/1070/1070 1071/1071/1071
f 1063/1063/1063 1068/1068/1068 1071/1071/1071
f 1063/1063/1063 1071/1071/1071 1064/1064/1064
f 1066/1066/1066 1072/1072/1072 1073/1073/1073
f 1066/1066/1066 1073/1073/1073 1067/1067/1067
f 1069/1069/1069 1074/1074/1074 1075/1075/1075
f 1069/1069/1069 1075/1075/1075 1070/1070/1070
f 1072/1072/1072 1076/1076/1076 1077/1077/1077
f 1072/1072/1072 1077/1077/1077 1073/1073/1073
f 1078/1078/1078 1079/1079/1079 1080/1080/1080
f 1078/1078/1078 1080/1080/1080 1081/1081/1081
f 1082/1082/1082 1083/1083/1083 1084/1084/1084
f 1082/1082/1082 1084/1084/1084 1085/1085/1085
f 1079/1079/1079 1086/1086/1086 1087/1087/1087
f 1079/1079/1079 1087/1087/1087 1080/1080/1080
f 1083/1083/1083 1020/1020/1020 1023/1023/1023
f 1083/1083/1083 1023/1023/1023 1084/1084/1084
f 1086/1086/1086 1052/1052/1052 1055/1055/1055
f 1086/1086/1086 1055/1055/1055 1087/1087/1087
f 1088/1088/1088 1089/1089/1089 1090/1090/1090
f 1088/1088/1088 1090/1090/1090 1091/1091/1091
f 1092/1092/1092 1093/1093/1093 1094/1094/1094
f 1092/1092/1092 1094/1094/1094 1095/1095/1095
f 1096/1096/1096 1097/1097/1097 1098/1098/1098
f 1096/1096/1096 1098/1098/1098 1099/1099/1099
f 1100/1100/1100 1092/1092/1092 1095/1095/1095
f 1100/1100/1100 1095/1095/1095 1101/1101/1101
f 1102/1102/1102 1103/1103/1103 1104/1104/1104
f 1102/1102/1102 1104/1104/1104 1105/1105/1105
f 1103/1103/1103 1096/1096/1096 1099/1099/1099
f 1103/1103/1103 1099/1099/1099 1104/1104/1104
f 1106/1106/1106 1100/1100/1100 1101/1101/1101
f 1106/1106/1106 1101/1101/1101 1107/1107/1107
f 1108/1108/1108 1102/1102/1102 1105/1105/1105
f 1108/1108/1108 1105/1105/1105 1109/1109/1109
f 1110/1110/1110 1106/1106/1106 1107/1107/1107
f 1110/1110/1110 1107/1107/1107 1111/1111/1111
f 1112/1112/1112 1113/1113/1113 1114/1114/1114
f 1112/1112/1112 1114/1114/1114 1115/1115/1115
f 1116/1116/1116 1117/1117/1117 1118/1118/1118
f 1116/1116/1116 1118/1118/1118 1119/1119/1119
f 1120/1120/1120 1112/1112/1112 1115/1115/1115
f 1120/1120/1120 1115/1115/1115 1121/1121/1121
f 1122/1122/1122 1116/1116/1116 1119/1119/1119
f 1122/1122/1122 1119/1119/1119 1123/1123/1123
f 1124/1124/1124 1120/1120/1120 1121/1121/1121
f 1124/1124/1124 1121/1121/1121 1125/1125/1125
f 1089/1089/1089 1122/1122/1122 1123/1123/1123
f 1089/1089/1089 1123/1123/1123 1090/1090/1090
f 1126/1126/1126 1124/1124/1124 1125/1125/1125
f 1126/1126/1126 1125/1125/1125 1127/1127/1127
f 1128/1128/1128 1129/1129/1129 1130/1130/1130
f 1128/1128/1128 1130/1130/1130 1131/1131/1131
f 1132/1132/1132 1133/1133/1133 1134/1134/1134
f 1132/1132/1132 1134/1134/1134 1135/1135/1135
f 1129/1129/1129 1136/1136/1136 1137/1137/1137
f 1129/1129/1129 1137/1137/1137 1130/1130/1130
f 1133/1133/1133 1138/1138/1138 1139/1139/1139
f 1133/1133/1133 1139/1139/1139 1134/1134/1134
f 1136/1136/1136 1140/1140/1140 1141/1141/1141
f 1136/1136/1136 1141/1141/1141 1137/1137/1137
f 1138/1138/1138 1142/1142/1142 1143/1143/1143
f 1138/1138/1138 1143/1143/1143 1139/1139/1139
f 1140/1140/1140 1144/1144/1144 1145/1145/1145
f 1140/1140/1140 1145/1145/1145 1141/1141/1141
f 1146/1146/1146 1147/1147/1147 1148/1148/1148
f 1146/1146/1146 1148/1148/1148 1149/1149/1149
f 1150/1150/1150 1151/1151/1151 1152/1152/1152
f 1150/1150/1150 1152/1152/1152 1153/1153/1153
f 1147/1147/1147 1154/1154/1154 1155/1155/1155
f 1147/1147/1147 1155/1155/1155 1148/1148/1148
f 1156/1156/1156 1157/1157/1157 1158/1158/1158
f 1156/1156/1156 1158/1158/1158 1159/1159/1159
f 1151/1151/1151 1156/1156/1156 1159/1159/1159
f 1151/1151/1151 1159/1159/1159 1152/1152/1152
f 1154/1154/1154 1160/1160/1160 1161/1161/1161
f 1154/1154/1154 1161/1161/1161 1155/1155/1155
f 1157/1157/1157 1162/1162/1162 1163/1163/1163
f 1157/1157/1157 1163/1163/1163 1158/1158/1158
f 1160/1160/1160 1164/1164/1164 1165/1165/1165
f 1160/1160/1160 1165/1165/1165 1161/1161/1161
f 1166/1166/1166 1132/1132/1132 1135/1135/1135
f 1166/1166/1166 1135/1135/1135 1167/1167/1167
f 1168/1168/1168 762/762/762 765/765/765
f 1168/1168/1168 765/765/765 1169/1169/1169
f 1170/1170/1170 1171/1171/1171 1172/1172/1172
f 1170/1170/1170 1172/1172/1172 1173/1173/1173
f 1174/1174/1174 710/710/710 713/713/713
f 1174/1174/1174 713/713/713 1175/1175/1175
f 1171/1171/1171 752/752/752 755/755/755
f 1171/1171/1171 755/755/755 1172/1172/1172
f 1176/1176/1176 1177/1177/1177 1178/1178/1178
f 1176/1176/1176 1178/1178/1178 1179/1179/1179
f 1180/1180/1180 1174/1174/1174 1175/1175/1175
f 1180/1180/1180 1175/1175/1175 1181/1181/1181
f 1177/1177/1177 1168/1168/1168 1169/1169/1169
f 1177/1177/1177 1169/1169/1169 1178/1178/1178
f 1182/1182/1182 1170/1170/1170 1173/1173/1173
f 1182/1182/1182 1173/1173/1173 1183/1183/1183
f 1184/1184/1184 1180/1180/1180 1181/1181/1181
f 1184/1184/1184 1181/1181/1181 1185/1185/1185
f 1186/1186/1186 1176/1176/1176 1179/1179/1179
f 1186/1186/1186 1179/1179/1179 1187/1187/1187
f 1188/1188/1188 1184/1184/1184 1185/1185/1185
f 1188/1188/1188 1185/1185/1185 1189/1189/1189
f 782/782/782 1190/1190/1190 1191/1191/1191
f 782/782/782 1191/1191/1191 783/783/783
f 1192/1192/1192 1188/1188/1188 1189/1189/1189
f 1192/1192/1192 1189/1189/1189 1193/1193/1193
f 1190/1190/1190 1182/1182/1182 1183/1183/1183
f 1190/1190/1190 1183/1183/1183 1191/1191/1191
f 784/784/784 1192/1192/1192 1193/1193/1193
f 784/784/784 1193/1193/1193 785/785/785
f 778/778/778 1186/1186/1186 1187/1187/1187
f 778/778/778 1187/1187/1187 779/779/779
f 1194/1194/1194 1195/1195/1195 1196/1196/1196
f 1195/1195/1195 1194/1194/1194 1197/1197/1197
f 1195/1195/1195 1197/1197/1197 1198/1198/1198
f 1198/1198/1198 1197/1197/1197 1199/1199/1199
f 1198/1198/1198 1199/1199/1199 1200/1200/1200
f 1200/1200/1200 1199/1199/1199 1201/1201/1201
f 1200/1200/1200 1201/1201/1201 1202/1202/1202
f 1202/1202/1202 1201/1201/1201 1203/1203/1203
f 1202/1202/1202 1203/1203/1203 1204/1204/1204
f 1204/1204/1204 1203/1203/1203 1205/1205/1205
f 1204/1204/1204 1205/1205/1205 1206/1206/1206
f 1206/1206/1206 1205/1205/1205 1207/1207/1207
f 1206/1206/1206 1207/1207/1207 1208/1208/1208
f 1208/1208/1208 1207/1207/1207 1209/1209/1209

# BEGIN_MODEL_TREE
# MODELNODE ROOT
# LOCALTRANS 1 0 0 0 0 1 0 0 0 0 1 0 0 0 0 1
# MESH 0
# CHILDREN 2
#     MODELNODE Object_2
#     LOCALTRANS 1 0 0 0 0 1 0 0 0 0 1 0 0 0 0 1
#     MESH 1 0
#     CHILDREN 0
#     MODELNODE Sketchfab_model
#     LOCALTRANS 1 0 0 0 0 5.36442e-07 -1 0 0 1 5.36442e-07 0 0.14 0 0 1
#     MESH 0
#     CHILDREN 1
#         MODELNODE Missle.obj.cleaner.materialmerger.gles
#         LOCALTRANS 1 0 0 0 0 1 0 0 0 0 1 0 0 0 0 1
#         MESH 0
#         CHILDREN 1
#             MODELNODE Object_2.001
#             LOCALTRANS 0 0 -0.7 0 -0.7 0 0 0 0 0.7 0 0 -0.14 0 0 1
#             MESH 1 1
#             CHILDREN 0
# END_MODEL_TREE
