mtllib missle1.mtl
o Material2.008
v 1.97146 -119.04 3.34656
v 1.02197 -117.859 3.73986
v 1.02197 -119.04 3.73986
v 1.97146 -117.859 3.34656
v 2.78686 -119.04 2.72089
v 2.78686 -117.859 2.72089
v 0.00296783 -117.859 3.87402
v 0.00296783 -119.04 3.87402
v 3.41247 -117.859 1.90551
v 3.41247 -119.04 1.90551
v -1.01604 -117.859 3.73986
v -1.01604 -119.04 3.73986
v 3.80585 -117.859 0.95598
v 3.80585 -119.04 0.95598
v -1.96554 -117.859 3.34656
v -1.96554 -119.04 3.34656
v 3.93996 -117.859 -0.0629921
v 3.93996 -119.04 -0.0629921
v -2.78094 -117.859 2.72089
v -2.78094 -119.04 2.72089
v 3.80585 -117.859 -1.08196
v 3.80585 -119.04 -1.08196
v -3.40664 -119.04 1.90551
v -3.40664 -117.859 1.90551
v 3.41247 -117.859 -2.0315
v 3.41247 -119.04 -2.0315
v -3.79993 -119.04 0.95598
v -3.79993 -117.859 0.95598
v 2.78686 -117.859 -2.84688
v 2.78686 -119.04 -2.84688
v -3.93404 -119.04 -0.0629921
v -3.93404 -117.859 -0.0629921
v 1.97146 -119.04 -3.47254
v 1.97146 -117.859 -3.47254
v -3.79993 -119.04 -1.08196
v -3.79993 -117.859 -1.08196
v 1.02197 -119.04 -3.86585
v 1.02197 -117.859 -3.86585
v -3.40664 -119.04 -2.0315
v -3.40664 -117.859 -2.0315
v 0.00296783 -119.04 -4
v 0.00296783 -117.859 -4
v -2.78094 -119.04 -2.84688
v -2.78094 -117.859 -2.84688
v -1.01604 -119.04 -3.86585
v -1.01604 -117.859 -3.86585
v -1.96554 -117.859 -3.47254
v -1.96554 -119.04 -3.47254
v -3.40664 -43.8745 -2.0315
v -2.78094 -45.0556 -2.84688
v -3.40664 -45.0556 -2.0315
v -2.78094 -43.8745 -2.84688
v -3.79993 -43.8745 -1.08196
v -3.79993 -45.0556 -1.08196
v -1.96554 -43.8745 -3.47254
v -1.96554 -45.0556 -3.47254
v -3.93404 -43.8745 -0.0629921
v -3.93404 -45.0556 -0.0629921
v -1.01604 -43.8745 -3.86585
v -1.01604 -45.0556 -3.86585
v -3.79993 -43.8745 0.95598
v -3.79993 -45.0556 0.95598
v 0.00296783 -43.8745 -4
v 0.00296783 -45.0556 -4
v -3.40664 -43.8745 1.90551
v -3.40664 -45.0556 1.90551
v 1.02197 -43.8745 -3.86585
v 1.02197 -45.0556 -3.86585
v -2.78094 -43.8745 2.72089
v -2.78094 -45.0556 2.72089
v 1.97146 -43.8745 -3.47254
v 1.97146 -45.0556 -3.47254
v -1.96554 -45.0556 3.34656
v -1.96554 -43.8745 3.34656
v 2.78686 -43.8745 -2.84688
v 2.78686 -45.0556 -2.84688
v -1.01604 -45.0556 3.73986
v -1.01604 -43.8745 3.73986
v 3.41247 -45.0556 -2.0315
v 3.41247 -43.8745 -2.0315
v 0.00296783 -45.0556 3.87402
v 0.00296783 -43.8745 3.87402
v 3.80585 -45.0556 -1.08196
v 3.80585 -43.8745 -1.08196
v 1.02197 -45.0556 3.73986
v 1.02197 -43.8745 3.73986
v 3.93996 -45.0556 -0.0629921
v 3.93996 -43.8745 -0.0629921
v 1.97146 -45.0556 3.34656
v 1.97146 -43.8745 3.34656
v 3.80585 -45.0556 0.95598
v 3.80585 -43.8745 0.95598
v 2.78686 -45.0556 2.72089
v 2.78686 -43.8745 2.72089
v 3.41247 -45.0556 1.90551
v 3.41247 -43.8745 1.90551
v 1.97146 -82.6385 3.34656
v 1.02197 -81.4574 3.73986
v 1.02197 -82.6385 3.73986
v 1.97146 -81.4574 3.34656
v 2.78686 -82.6385 2.72089
v 2.78686 -81.4574 2.72089
v 0.00296783 -81.4574 3.87402
v 0.00296783 -82.6385 3.87402
v 3.41247 -81.4574 1.90551
v 3.41247 -82.6385 1.90551
v -1.01604 -81.4574 3.73986
v -1.01604 -82.6385 3.73986
v 3.80585 -81.4574 0.95598
v 3.80585 -82.6385 0.95598
v -1.96554 -81.4574 3.34656
v -1.96554 -82.6385 3.34656
v 3.93996 -81.4574 -0.0629921
v 3.93996 -82.6385 -0.0629921
v -2.78094 -81.4574 2.72089
v -2.78094 -82.6385 2.72089
v 3.80585 -81.4574 -1.08196
v 3.80585 -82.6385 -1.08196
v -3.40664 -82.6385 1.90551
v -3.40664 -81.4574 1.90551
v 3.41247 -81.4574 -2.0315
v 3.41247 -82.6385 -2.0315
v -3.79993 -82.6385 0.95598
v -3.79993 -81.4574 0.95598
v 2.78686 -81.4574 -2.84688
v 2.78686 -82.6385 -2.84688
v -3.93404 -82.6385 -0.0629921
v -3.93404 -81.4574 -0.0629921
v 1.97146 -82.6385 -3.47254
v 1.97146 -81.4574 -3.47254
v -3.79993 -82.6385 -1.08196
v -3.79993 -81.4574 -1.08196
v 1.02197 -82.6385 -3.86585
v 1.02197 -81.4574 -3.86585
v -3.40664 -82.6385 -2.0315
v -3.40664 -81.4574 -2.0315
v 0.00296783 -82.6385 -4
v 0.00296783 -81.4574 -4
v -2.78094 -82.6385 -2.84688
v -2.78094 -81.4574 -2.84688
v -1.01604 -82.6385 -3.86585
v -1.01604 -81.4574 -3.86585
v -1.96554 -81.4574 -3.47254
v -1.96554 -82.6385 -3.47254
vt 0 0
vt 0 0
vt 0 0
vt 0 0
vt 0 0
vt 0 0
vt 0 0
vt 0 0
vt 0 0
vt 0 0
vt 0 0
vt 0 0
vt 0 0
vt 0 0
vt 0 0
vt 0 0
vt 0 0
vt 0 0
vt 0 0
vt 0 0
vt 0 0
vt 0 0
vt 0 0
vt 0 0
vt 0 0
vt 0 0
vt 0 0
vt 0 0
vt 0 0
vt 0 0
vt 0 0
vt 0 0
vt 0 0
vt 0 0
vt 0 0
vt 0 0
vt 0 0
vt 0 0
vt 0 0
vt 0 0
vt 0 0
vt 0 0
vt 0 0
vt 0 0
vt 0 0
vt 0 0
vt 0 0
vt 0 0
vt 0 0
vt 0 0
vt 0 0
vt 0 0
vt 0 0
vt 0 0
vt 0 0
vt 0 0
vt 0 0
vt 0 0
vt 0 0
vt 0 0
vt 0 0
vt 0 0
vt 0 0
vt 0 0
vt 0 0
vt 0 0
vt 0 0
vt 0 0
vt 0 0
vt 0 0
vt 0 0
vt 0 0
vt 0 0
vt 0 0
vt 0 0
vt 0 0
vt 0 0
vt 0 0
vt 0 0
vt 0 0
vt 0 0
vt 0 0
vt 0 0
vt 0 0
vt 0 0
vt 0 0
vt 0 0
vt 0 0
vt 0 0
vt 0 0
vt 0 0
vt 0 0
vt 0 0
vt 0 0
vt 0 0
vt 0 0
vt 0 0
vt 0 0
vt 0 0
vt 0 0
vt 0 0
vt 0 0
vt 0 0
vt 0 0
vt 0 0
vt 0 0
vt 0 0
vt 0 0
vt 0 0
vt 0 0
vt 0 0
vt 0 0
vt 0 0
vt 0 0
vt 0 0
vt 0 0
vt 0 0
vt 0 0
vt 0 0
vt 0 0
vt 0 0
vt 0 0
vt 0 0
vt 0 0
vt 0 0
vt 0 0
vt 0 0
vt 0 0
vt 0 0
vt 0 0
vt 0 0
vt 0 0
vt 0 0
vt 0 0
vt 0 0
vt 0 0
vt 0 0
vt 0 0
vt 0 0
vt 0 0
vt 0 0
vt 0 0
vt 0 0
vt 0 0
vn 0.499994 -0.00819991 0.86599
vn 0.258808 0 0.965929
vn 0.258799 -0.00819997 0.965896
vn 0.500011 0 0.866019
vn 0.707083 -0.0081998 0.707083
vn 0.707107 0 0.707107
vn 0 0 1
vn 0 -0.00819972 0.999966
vn 0.866019 0 0.500011
vn 0.86599 -0.00819991 0.499994
vn -0.258808 0 0.965929
vn -0.258799 -0.00819997 0.965896
vn 0.965929 0 0.258808
vn 0.965896 -0.00819997 0.258799
vn -0.500011 0 0.866019
vn -0.499994 -0.00819991 0.86599
vn 1 0 0
vn 0.999966 -0.00819972 0
vn -0.707107 0 0.707107
vn -0.707083 -0.0081998 0.707083
vn 0.965929 0 -0.258808
vn 0.965896 -0.00819997 -0.258799
vn -0.86599 -0.00819991 0.499994
vn -0.866019 0 0.500011
vn 0.866019 0 -0.500011
vn 0.86599 -0.00819991 -0.499994
vn -0.965896 -0.00819997 0.258799
vn -0.965929 0 0.258808
vn 0.707107 0 -0.707107
vn 0.707083 -0.0081998 -0.707083
vn -0.999966 -0.00819972 0
vn -1 0 0
vn 0.499994 -0.00819991 -0.86599
vn 0.500011 0 -0.866019
vn -0.965896 -0.00819997 -0.258799
vn -0.965929 0 -0.258808
vn 0.258799 -0.00819997 -0.965896
vn 0.258808 0 -0.965929
vn -0.86599 -0.00819991 -0.499994
vn -0.866019 0 -0.500011
vn 0 -0.00819972 -0.999966
vn 0 0 -1
vn -0.707083 -0.0081998 -0.707083
vn -0.707107 0 -0.707107
vn -0.258799 -0.00819997 -0.965896
vn -0.258808 0 -0.965929
vn -0.500011 0 -0.866019
vn -0.499994 -0.00819991 -0.86599
vn -0.866019 0 -0.500011
vn -0.707107 0 -0.707107
vn -0.866019 0 -0.500011
vn -0.707107 0 -0.707107
vn -0.965929 0 -0.258808
vn -0.965929 0 -0.258808
vn -0.500011 0 -0.866019
vn -0.500011 0 -0.866019
vn -1 0 0
vn -1 0 0
vn -0.258808 0 -0.965929
vn -0.258808 0 -0.965929
vn -0.965929 0 0.258808
vn -0.965929 0 0.258808
vn 0 0 -1
vn 0 0 -1
vn -0.866019 0 0.500011
vn -0.866019 0 0.500011
vn 0.258808 0 -0.965929
vn 0.258808 0 -0.965929
vn -0.707107 0 0.707107
vn -0.707107 0 0.707107
vn 0.500011 0 -0.866019
vn 0.500011 0 -0.866019
vn -0.500011 0 0.866019
vn -0.500011 0 0.866019
vn 0.707107 0 -0.707107
vn 0.707107 0 -0.707107
vn -0.258808 0 0.965929
vn -0.258808 0 0.965929
vn 0.866019 0 -0.500011
vn 0.866019 0 -0.500011
vn 0 0 1
vn 0 0 1
vn 0.965929 0 -0.258808
vn 0.965929 0 -0.258808
vn 0.258808 0 0.965929
vn 0.258808 0 0.965929
vn 1 0 0
vn 1 0 0
vn 0.500011 0 0.866019
vn 0.500011 0 0.866019
vn 0.965929 0 0.258808
vn 0.965929 0 0.258808
vn 0.707107 0 0.707107
vn 0.707107 0 0.707107
vn 0.866019 0 0.500011
vn 0.866019 0 0.500011
vn 0.500011 0 0.866019
vn 0.258808 0 0.965929
vn 0.258808 0 0.965929
vn 0.500011 0 0.866019
vn 0.707107 0 0.707107
vn 0.707107 0 0.707107
vn 0 0 1
vn 0 0 1
vn 0.866019 0 0.500011
vn 0.866019 0 0.500011
vn -0.258808 0 0.965929
vn -0.258808 0 0.965929
vn 0.965929 0 0.258808
vn 0.965929 0 0.258808
vn -0.500011 0 0.866019
vn -0.500011 0 0.866019
vn 1 0 0
vn 1 0 0
vn -0.707107 0 0.707107
vn -0.707107 0 0.707107
vn 0.965929 0 -0.258808
vn 0.965929 0 -0.258808
vn -0.866019 0 0.500011
vn -0.866019 0 0.500011
vn 0.866019 0 -0.500011
vn 0.866019 0 -0.500011
vn -0.965929 0 0.258808
vn -0.965929 0 0.258808
vn 0.707107 0 -0.707107
vn 0.707107 0 -0.707107
vn -1 0 0
vn -1 0 0
vn 0.500011 0 -0.866019
vn 0.500011 0 -0.866019
vn -0.965929 0 -0.258808
vn -0.965929 0 -0.258808
vn 0.258808 0 -0.965929
vn 0.258808 0 -0.965929
vn -0.866019 0 -0.500011
vn -0.866019 0 -0.500011
vn 0 0 -1
vn 0 0 -1
vn -0.707107 0 -0.707107
vn -0.707107 0 -0.707107
vn -0.258808 0 -0.965929
vn -0.258808 0 -0.965929
vn -0.500011 0 -0.866019
vn -0.500011 0 -0.866019
usemtl auto_13.002
s off
f 1/1/1 2/2/2 3/3/3
f 2/2/2 1/1/1 4/4/4
f 5/5/5 4/4/4 1/1/1
f 4/4/4 5/5/5 6/6/6
f 3/3/3 7/7/7 8/8/8
f 7/7/7 3/3/3 2/2/2
f 9/9/9 5/5/5 10/10/10
f 5/5/5 9/9/9 6/6/6
f 8/8/8 11/11/11 12/12/12
f 11/11/11 8/8/8 7/7/7
f 13/13/13 10/10/10 14/14/14
f 10/10/10 13/13/13 9/9/9
f 12/12/12 15/15/15 16/16/16
f 15/15/15 12/12/12 11/11/11
f 17/17/17 14/14/14 18/18/18
f 14/14/14 17/17/17 13/13/13
f 16/16/16 19/19/19 20/20/20
f 19/19/19 16/16/16 15/15/15
f 21/21/21 18/18/18 22/22/22
f 18/18/18 21/21/21 17/17/17
f 19/19/19 23/23/23 20/20/20
f 23/23/23 19/19/19 24/24/24
f 25/25/25 22/22/22 26/26/26
f 22/22/22 25/25/25 21/21/21
f 24/24/24 27/27/27 23/23/23
f 27/27/27 24/24/24 28/28/28
f 29/29/29 26/26/26 30/30/30
f 26/26/26 29/29/29 25/25/25
f 28/28/28 31/31/31 27/27/27
f 31/31/31 28/28/28 32/32/32
f 29/29/29 33/33/33 34/34/34
f 33/33/33 29/29/29 30/30/30
f 32/32/32 35/35/35 31/31/31
f 35/35/35 32/32/32 36/36/36
f 34/34/34 37/37/37 38/38/38
f 37/37/37 34/34/34 33/33/33
f 36/36/36 39/39/39 35/35/35
f 39/39/39 36/36/36 40/40/40
f 38/38/38 41/41/41 42/42/42
f 41/41/41 38/38/38 37/37/37
f 40/40/40 43/43/43 39/39/39
f 43/43/43 40/40/40 44/44/44
f 42/42/42 45/45/45 46/46/46
f 45/45/45 42/42/42 41/41/41
f 47/47/47 43/43/43 44/44/44
f 43/43/43 47/47/47 48/48/48
f 46/46/46 48/48/48 47/47/47
f 48/48/48 46/46/46 45/45/45
f 49/49/49 50/50/50 51/51/51
f 50/50/50 49/49/49 52/52/52
f 53/53/53 51/51/51 54/54/54
f 51/51/51 53/53/53 49/49/49
f 55/55/55 50/50/50 52/52/52
f 50/50/50 55/55/55 56/56/56
f 57/57/57 54/54/54 58/58/58
f 54/54/54 57/57/57 53/53/53
f 59/59/59 56/56/56 55/55/55
f 56/56/56 59/59/59 60/60/60
f 61/61/61 58/58/58 62/62/62
f 58/58/58 61/61/61 57/57/57
f 63/63/63 60/60/60 59/59/59
f 60/60/60 63/63/63 64/64/64
f 65/65/65 62/62/62 66/66/66
f 62/62/62 65/65/65 61/61/61
f 67/67/67 64/64/64 63/63/63
f 64/64/64 67/67/67 68/68/68
f 69/69/69 66/66/66 70/70/70
f 66/66/66 69/69/69 65/65/65
f 71/71/71 68/68/68 67/67/67
f 68/68/68 71/71/71 72/72/72
f 73/73/73 69/69/69 70/70/70
f 69/69/69 73/73/73 74/74/74
f 75/75/75 72/72/72 71/71/71
f 72/72/72 75/75/75 76/76/76
f 77/77/77 74/74/74 73/73/73
f 74/74/74 77/77/77 78/78/78
f 75/75/75 79/79/79 76/76/76
f 79/79/79 75/75/75 80/80/80
f 81/81/81 78/78/78 77/77/77
f 78/78/78 81/81/81 82/82/82
f 80/80/80 83/83/83 79/79/79
f 83/83/83 80/80/80 84/84/84
f 85/85/85 82/82/82 81/81/81
f 82/82/82 85/85/85 86/86/86
f 84/84/84 87/87/87 83/83/83
f 87/87/87 84/84/84 88/88/88
f 89/89/89 86/86/86 85/85/85
f 86/86/86 89/89/89 90/90/90
f 88/88/88 91/91/91 87/87/87
f 91/91/91 88/88/88 92/92/92
f 93/93/93 90/90/90 89/89/89
f 90/90/90 93/93/93 94/94/94
f 92/92/92 95/95/95 91/91/91
f 95/95/95 92/92/92 96/96/96
f 96/96/96 93/93/93 95/95/95
f 93/93/93 96/96/96 94/94/94
f 97/97/97 98/98/98 99/99/99
f 98/98/98 97/97/97 100/100/100
f 101/101/101 100/100/100 97/97/97
f 100/100/100 101/101/101 102/102/102
f 99/99/99 103/103/103 104/104/104
f 103/103/103 99/99/99 98/98/98
f 105/105/105 101/101/101 106/106/106
f 101/101/101 105/105/105 102/102/102
f 104/104/104 107/107/107 108/108/108
f 107/107/107 104/104/104 103/103/103
f 109/109/109 106/106/106 110/110/110
f 106/106/106 109/109/109 105/105/105
f 108/108/108 111/111/111 112/112/112
f 111/111/111 108/108/108 107/107/107
f 113/113/113 110/110/110 114/114/114
f 110/110/110 113/113/113 109/109/109
f 112/112/112 115/115/115 116/116/116
f 115/115/115 112/112/112 111/111/111
f 117/117/117 114/114/114 118/118/118
f 114/114/114 117/117/117 113/113/113
f 115/115/115 119/119/119 116/116/116
f 119/119/119 115/115/115 120/120/120
f 121/121/121 118/118/118 122/122/122
f 118/118/118 121/121/121 117/117/117
f 120/120/120 123/123/123 119/119/119
f 123/123/123 120/120/120 124/124/124
f 125/125/125 122/122/122 126/126/126
f 122/122/122 125/125/125 121/121/121
f 124/124/124 127/127/127 123/123/123
f 127/127/127 124/124/124 128/128/128
f 125/125/125 129/129/129 130/130/130
f 129/129/129 125/125/125 126/126/126
f 128/128/128 131/131/131 127/127/127
f 131/131/131 128/128/128 132/132/132
f 130/130/130 133/133/133 134/134/134
f 133/133/133 130/130/130 129/129/129
f 132/132/132 135/135/135 131/131/131
f 135/135/135 132/132/132 136/136/136
f 134/134/134 137/137/137 138/138/138
f 137/137/137 134/134/134 133/133/133
f 136/136/136 139/139/139 135/135/135
f 139/139/139 136/136/136 140/140/140
f 138/138/138 141/141/141 142/142/142
f 141/141/141 138/138/138 137/137/137
f 143/143/143 139/139/139 140/140/140
f 139/139/139 143/143/143 144/144/144
f 142/142/142 144/144/144 143/143/143
f 144/144/144 142/142/142 141/141/141

o Material2.009
v 3.93995 -0.930032 -0.102362
v 4.72734 -0.930032 -0.023622
v 4.72734 -0.930032 -0.102422
v 3.93995 -0.930032 -0.0629921
v 3.93995 -0.930032 -0.023622
v 3.93995 -43.8745 -0.023622
v 4.72734 -3.09539 -0.023622
v 3.93995 -0.930032 -0.023622
v 11.8139 -16.3154 -0.023622
v 11.0265 -3.09539 -0.023622
v 11.0265 -0.930032 -0.023622
v 11.8139 -0.930032 -0.023622
v 4.72734 -0.930032 -0.023622
v 11.8139 -0.930032 -0.102362
v 11.0265 -3.09539 -0.102422
v 11.0265 -0.930032 -0.102422
v 4.72734 -0.930032 -0.102422
v 3.93995 -43.8745 -0.102362
v 3.93995 -0.930032 -0.102362
v 4.72734 -3.09539 -0.102422
v 3.93995 -43.8745 -0.102362
v 4.72734 -3.09539 -0.102422
v 11.8139 -16.3154 -0.102362
v 11.0265 -3.09539 -0.102422
v 11.8139 -16.3154 -0.102362
v 3.93995 -0.930032 -0.0629921
v 3.93995 -43.8745 -0.102362
v 3.93995 -43.8745 -0.0629921
v 3.93995 -0.930032 -0.102362
v 3.93995 -0.930032 -0.023622
v 3.93995 -43.8745 -0.023622
v 11.8139 -16.3154 -0.102362
v 3.93995 -43.8745 -0.0629921
v 3.93995 -43.8745 -0.102362
v 3.93995 -43.8745 -0.023622
v 11.8139 -16.3154 -0.023622
v 11.8139 -0.930032 -0.102362
v 11.8139 -0.930032 -0.023622
v 11.0265 -0.930032 -0.023622
v 11.8139 -0.930032 -0.102362
v 11.0265 -0.930032 -0.102422
v 11.8139 -0.930032 -0.023622
v 3.80584 -0.930032 -1.08196
v 3.93995 -43.8745 -0.0629921
v 3.80584 -43.8745 -1.08196
v 3.93995 -0.930032 -0.0629921
v 3.93995 -0.930032 -0.0629921
v 3.80584 -43.8745 0.95598
v 3.93995 -43.8745 -0.0629921
v 3.80584 -0.930032 0.95598
v 3.41245 -0.930032 -2.0315
v 3.41245 -43.8745 -2.0315
v -1.01606 -0.930032 -3.86585
v 1.02195 -0.930032 -3.86585
v 0.00294876 -0.930032 -4
v -1.96556 -0.930032 -3.47254
v 1.97144 -0.930032 -3.47254
v -2.78096 -0.930032 -2.84688
v 2.78684 -0.930032 -2.84688
v -3.40666 -0.930032 -2.0315
v 3.41245 -0.930032 -2.0315
v -3.79995 -0.930032 -1.08196
v 3.80584 -0.930032 -1.08196
v 0.00294876 -0.930032 -1.04769
v -0.251965 -0.930032 -1.01414
v -3.93406 -0.930032 -0.0629921
v -0.489452 -0.930032 -0.915769
v -0.693356 -0.930032 -0.759282
v -0.849865 -0.930032 -0.555343
v -0.948254 -0.930032 -0.317852
v -0.981762 -0.930032 -0.0629921
v -3.79995 -0.930032 0.95598
v -0.948254 -0.930032 0.191868
v -0.849865 -0.930032 0.429359
v -0.693356 -0.930032 0.633298
v -0.489452 -0.930032 0.789785
v -0.251965 -0.930032 0.888157
v 0.00294876 -0.930032 0.92171
v 0.257847 -0.930032 -1.01414
v 0.495243 -0.930032 -0.915769
v 0.699238 -0.930032 -0.759282
v 0.855747 -0.930032 -0.555343
v 0.954044 -0.930032 -0.317852
v 0.987644 -0.930032 -0.0629921
v 0.954044 -0.930032 0.191868
v 3.80584 -0.930032 0.95598
v 0.855747 -0.930032 0.429359
v 0.699238 -0.930032 0.633298
v 0.495243 -0.930032 0.789785
v 0.257847 -0.930032 0.888157
v -3.40666 -0.930032 1.90551
v 3.41245 -0.930032 1.90551
v -2.78096 -0.930032 2.72089
v 2.78684 -0.930032 2.72089
v -1.96556 -0.930032 3.34656
v 1.97144 -0.930032 3.34656
v -1.01606 -0.930032 3.73986
v 1.02195 -0.930032 3.73986
v 0.00294876 -0.930032 3.87402
v 1.02195 -0.930032 3.73986
v 0.00294876 -0.930032 3.87402
v 0.042347 -0.930032 3.86883
v 3.41245 -43.8745 1.90551
v 3.41245 -0.930032 1.90551
v 2.78684 -0.930032 -2.84688
v 2.78684 -43.8745 -2.84688
v -1.01606 -43.8745 3.73986
v -1.96556 -0.930032 3.34656
v -1.96556 -43.8745 3.34656
v -1.01606 -0.930032 3.73986
v 0.00294876 -43.8745 3.87402
v 0.00294876 -0.930032 3.87402
v 0.042347 -0.930032 3.87402
v 0.042347 -0.930032 3.86883
v 1.02195 -43.8745 3.73986
v 0.00294876 -0.930032 3.87402
v 0.00294876 -43.8745 3.87402
v 0.042347 -0.930032 3.86883
v 1.02195 -0.930032 3.73986
v 1.97144 -43.8745 3.34656
v 1.97144 -0.930032 3.34656
v 2.78684 -43.8745 2.72089
v 2.78684 -0.930032 2.72089
v 1.97144 -43.8745 -3.47254
v 1.97144 -0.930032 -3.47254
v 1.02195 -43.8745 -3.86585
v 1.02195 -0.930032 -3.86585
v 0.00294876 -43.8745 -4
v 0.00294876 -0.930032 -4
v 0.00294876 -0.930032 -4
v -1.01606 -43.8745 -3.86585
v -1.01606 -0.930032 -3.86585
v 0.00294876 -43.8745 -4
v -1.96556 -43.8745 -3.47254
v -1.96556 -0.930032 -3.47254
v -2.78096 -43.8745 -2.84688
v -2.78096 -0.930032 -2.84688
v -3.40666 -0.930032 -2.0315
v -3.40666 -43.8745 -2.0315
v -3.79995 -0.930032 -1.08196
v -3.79995 -43.8745 -1.08196
v -3.93406 -0.930032 -0.0629921
v -3.93406 -43.8745 -0.0629921
v -3.79995 -0.930032 0.95598
v -3.93406 -43.8745 -0.0629921
v -3.79995 -43.8745 0.95598
v -3.93406 -0.930032 -0.0629921
v -3.40666 -0.930032 1.90551
v -3.40666 -43.8745 1.90551
v -2.78096 -0.930032 2.72089
v -2.78096 -43.8745 2.72089
v 0.042347 -43.8745 3.87402
v 0.00294876 -0.930032 3.87402
v 0.00294876 -43.8745 3.87402
v 0.042347 -0.930032 3.87402
v -0.0364647 -0.930032 3.87402
v -0.0364647 -43.8745 3.87402
v 0.042347 -43.8745 -4
v 0.00294876 -0.930032 -4
v 0.00294876 -43.8745 -4
v 0.042347 -0.930032 -4
v -0.0364647 -0.930032 -4
v -0.0364647 -43.8745 -4
v -3.93406 -0.930032 -0.102362
v -3.93406 -43.8745 -0.0629921
v -3.93406 -43.8745 -0.102362
v -3.93406 -0.930032 -0.0629921
v -3.93406 -43.8745 -0.023622
v -3.93406 -0.930032 -0.023622
v 0.042347 -16.3154 -11.874
v -0.0364647 -43.8745 -4
v -0.0364647 -16.3154 -11.874
v 0.00294876 -43.8745 -4
v 0.042347 -43.8745 -4
v 0.042347 -0.930032 -11.874
v 0.042347 -3.09539 -11.0866
v 0.042347 -16.3154 -11.874
v 0.042347 -0.930032 -11.0866
v 0.042347 -43.8745 -4
v 0.042347 -3.09539 -4.7874
v 0.042347 -0.930032 -4
v 0.042347 -0.930032 -4.7874
v -0.0364647 -0.930032 -4
v 0.042347 -0.930032 -4.7874
v -0.0364647 -0.930032 -4.7874
v 0.042347 -0.930032 -4
v -0.0364647 -43.8745 -4
v -0.0364647 -3.09539 -4.7874
v -0.0364647 -16.3154 -11.874
v -0.0364647 -0.930032 -4
v -0.0364647 -0.930032 -4.7874
v -0.0364647 -3.09539 -11.0866
v -0.0364647 -0.930032 -11.874
v -0.0364647 -0.930032 -11.0866
v -3.93406 -0.930032 -0.102362
v -4.72146 -3.09539 -0.102362
v -4.72146 -0.930032 -0.102362
v -11.0207 -0.930032 -0.102362
v -11.8081 -16.3154 -0.102362
v -11.8081 -0.930032 -0.102362
v -11.0207 -3.09539 -0.102362
v -3.93406 -43.8745 -0.102362
v -4.72146 -0.930032 -0.102362
v -3.93406 -0.930032 -0.102362
v -4.72146 -0.930032 -0.023562
v -3.93406 -0.930032 -0.023622
v -11.8081 -16.3154 -0.023622
v -3.93406 -43.8745 -0.0629921
v -3.93406 -43.8745 -0.023622
v -3.93406 -43.8745 -0.102362
v -11.8081 -16.3154 -0.102362
v -3.93406 -43.8745 -0.023622
v -11.8081 -0.930032 -0.023622
v -11.8081 -16.3154 -0.023622
v -11.8081 -0.930032 -0.023622
v -3.93406 -43.8745 -0.023622
v -11.0207 -3.09539 -0.023562
v -11.0207 -3.09539 -0.023562
v -4.72146 -3.09539 -0.023562
v -4.72146 -3.09539 -0.023562
v -3.93406 -43.8745 -0.023622
v -4.72146 -0.930032 -0.023562
v -3.93406 -0.930032 -0.023622
v -11.0207 -0.930032 -0.023562
v -11.8081 -0.930032 -0.023622
v -11.0207 -3.09539 -0.023562
v 0.042347 -0.930032 -11.874
v -0.0364647 -0.930032 -11.874
v -0.0364647 -0.930032 -11.0866
v 0.042347 -0.930032 -11.874
v -0.0364647 -0.930032 -11.874
v 0.042347 -0.930032 -11.0866
v -11.8081 -0.930032 -0.023622
v -11.8081 -0.930032 -0.102362
v -11.8081 -0.930032 -0.023622
v -11.0207 -0.930032 -0.102362
v -11.8081 -0.930032 -0.102362
v -11.0207 -0.930032 -0.023562
v -2.07815 -129.078 2.0181
v -2.23646 -130.723 1.2299
v -1.82545 -130.723 1.76543
v -2.54586 -129.078 1.40856
v -1.46865 -129.078 2.48581
v -1.28996 -130.723 2.17636
v -2.29246 -127.421 2.23236
v -2.80825 -127.421 1.56006
v -2.49476 -130.723 0.606258
v -2.83986 -129.078 0.69874
v -1.88026 -132.356 1.02427
v -1.53466 -132.356 1.47463
v -1.08436 -132.356 1.82021
v -0.758755 -129.078 2.77983
v -0.666363 -130.723 2.43468
v -1.62016 -127.421 2.74822
v -2.46806 -125.756 2.40798
v -3.02336 -125.756 1.68425
v -3.13256 -127.421 0.777164
v -2.58285 -130.723 -0.0629921
v -2.94015 -129.078 -0.0629921
v -2.09745 -132.356 0.499818
v -1.47776 -133.974 0.791906
v -1.20605 -133.974 1.14602
v -0.851955 -133.974 1.41773
v -0.559856 -132.356 2.03744
v 0.00294876 -129.078 2.88011
v 0.00294876 -130.723 2.52279
v -0.837261 -127.421 3.07251
v -1.74426 -125.756 2.96331
v -2.60485 -124.084 2.54476
v -3.19085 -124.084 1.78097
v -3.37246 -125.756 0.841445
v -3.24316 -127.421 -0.0629921
v -2.49476 -130.723 -0.732242
v -2.83986 -129.078 -0.824724
v -2.17155 -132.356 -0.0629921
v -1.64856 -133.974 0.379535
v -1.02946 -135.576 0.533047
v -0.839962 -135.576 0.779935
v -0.59306 -135.576 0.969378
v -0.439556 -133.974 1.58854
v 0.00294876 -132.356 2.11154
v 0.672138 -130.723 2.43468
v 0.764637 -129.078 2.77983
v 0.00294876 -127.421 3.18312
v -0.901455 -125.756 3.31241
v -1.84106 -124.084 3.13085
v -2.70266 -122.405 2.64258
v -3.31067 -122.405 1.85013
v -3.55935 -124.084 0.891513
v -3.49156 -125.756 -0.0629921
v -3.13256 -127.421 -0.903148
v -2.23646 -130.723 -1.35588
v -2.54586 -129.078 -1.53454
v -2.09745 -132.356 -0.625802
v -1.70686 -133.974 -0.0629921
v -1.14856 -135.576 0.245541
v -0.535656 -137.161 0.247978
v -0.436855 -137.161 0.376787
v -0.308056 -137.161 0.475625
v -0.305553 -135.576 1.08847
v 0.00294876 -133.974 1.6468
v 0.565739 -132.356 2.03744
v 1.29584 -130.723 2.17636
v 1.47445 -129.078 2.48581
v 0.843143 -127.421 3.07251
v 0.00294876 -125.756 3.43148
v -0.951565 -124.084 3.49927
v -1.91015 -122.405 3.25064
v -2.76136 -120.724 2.70131
v -3.38266 -120.724 1.89166
v -3.69296 -122.405 0.927316
v -3.68496 -124.084 -0.0629921
v -3.37246 -125.756 -0.967429
v -2.80825 -127.421 -1.68605
v -1.82545 -130.723 -1.89142
v -2.07815 -129.078 -2.14408
v -1.88026 -132.356 -1.15026
v -1.64856 -133.974 -0.50552
v -1.18916 -135.576 -0.0629921
v -0.597851 -137.161 0.0979781
v 0.00294876 -138.725 -0.0629921
v 0.00294876 -138.725 -0.0629921
v -0.158062 -137.161 0.537757
v 0.00294876 -135.576 1.12909
v 0.445438 -133.974 1.58854
v 1.09024 -132.356 1.82021
v 1.83135 -130.723 1.76543
v 2.08405 -129.078 2.0181
v 1.62604 -127.421 2.74822
v 0.907337 -125.756 3.31241
v 0.00294876 -124.084 3.62493
v -0.987362 -122.405 3.63289
v -1.95176 -120.724 3.32257
v -2.78096 -119.04 2.72089
v -3.40666 -119.04 1.90551
v -3.77316 -120.724 0.948812
v -3.82336 -122.405 -0.0629921
v -3.55935 -124.084 -1.0175
v -3.02336 -125.756 -1.81023
v -2.29246 -127.421 -2.35834
v -1.46865 -129.078 -2.6118
v -1.28996 -130.723 -2.30235
v -1.53466 -132.356 -1.60062
v -1.47776 -133.974 -0.91789
v -1.14856 -135.576 -0.371525
v -0.618954 -137.161 -0.0629921
v 0.00294876 -138.725 -0.0629921
v 0.00294876 -138.725 -0.0629921
v 0.00294876 -137.161 0.558949
v 0.311436 -135.576 1.08847
v 0.857838 -133.974 1.41773
v 1.54055 -132.356 1.47463
v 2.55175 -129.078 1.40856
v 2.24224 -130.723 1.2299
v 2.29824 -127.421 2.23236
v 1.75014 -125.756 2.96331
v 0.957447 -124.084 3.49927
v 0.00294876 -122.405 3.76326
v -1.00886 -120.724 3.71311
v -1.96556 -119.04 3.34656
v -3.79995 -119.04 0.95598
v -3.90635 -120.724 -0.0629921
v -3.69296 -122.405 -1.0533
v -3.19085 -124.084 -1.90696
v -2.46806 -125.756 -2.53396
v -1.62016 -127.421 -2.87421
v -0.758755 -129.078 -2.90581
v -0.666363 -130.723 -2.56067
v -1.08436 -132.356 -1.94619
v -1.20605 -133.974 -1.272
v -1.02946 -135.576 -0.659031
v -0.597851 -137.161 -0.223962
v 0.00294876 -138.725 -0.0629921
v 0.00294876 -138.725 -0.0629921
v 0.163944 -137.161 0.537757
v 0.598942 -135.576 0.969378
v 1.21195 -133.974 1.14602
v 1.88614 -132.356 1.02427
v 2.84574 -129.078 0.69874
v 2.50064 -130.723 0.606258
v 2.81414 -127.421 1.56006
v 2.47394 -125.756 2.40798
v 1.84694 -124.084 3.13085
v 0.993244 -122.405 3.63289
v 0.00294876 -120.724 3.84632
v -1.01606 -119.04 3.73986
v -3.93406 -119.04 -0.0629921
v -3.77316 -120.724 -1.0748
v -3.31067 -122.405 -1.97612
v -2.60485 -124.084 -2.67075
v -1.74426 -125.756 -3.0893
v -0.837261 -127.421 -3.1985
v 0.00294876 -129.078 -3.0061
v 0.00294876 -130.723 -2.64878
v -0.559856 -132.356 -2.16343
v -0.851955 -133.974 -1.54372
v -0.839962 -135.576 -0.905919
v -0.535656 -137.161 -0.373963
v 0.00294876 -138.725 -0.0629921
v 0.00294876 -138.725 -0.0629921
v 0.313938 -137.161 0.475625
v 0.845844 -135.576 0.779935
v 1.48365 -133.974 0.791906
v 2.10334 -132.356 0.499818
v 2.94605 -129.078 -0.0629921
v 2.58875 -130.723 -0.0629921
v 3.13845 -127.421 0.777164
v 3.02924 -125.756 1.68425
v 2.61074 -124.084 2.54476
v 1.91603 -122.405 3.25064
v 1.01474 -120.724 3.71311
v 0.00294876 -119.04 3.87402
v -3.79995 -119.04 -1.08196
v -3.38266 -120.724 -2.01765
v -2.70266 -122.405 -2.76856
v -1.84106 -124.084 -3.25683
v -0.901455 -125.756 -3.4384
v 0.00294876 -127.421 -3.3091
v 0.764637 -129.078 -2.90581
v 0.672138 -130.723 -2.56067
v 0.00294876 -132.356 -2.23752
v -0.439556 -133.974 -1.71453
v -0.59306 -135.576 -1.09536
v -0.436855 -137.161 -0.502771
v 0.00294876 -138.725 -0.0629921
v 0.00294876 -138.725 -0.0629921
v 0.442738 -137.161 0.376787
v 1.03534 -135.576 0.533047
v 1.65444 -133.974 0.379535
v 2.17745 -132.356 -0.0629921
v 2.84574 -129.078 -0.824724
v 2.50064 -130.723 -0.732242
v 3.24904 -127.421 -0.0629921
v 3.37835 -125.756 0.841445
v 3.19674 -124.084 1.78097
v 2.70855 -122.405 2.64258
v 1.95765 -120.724 3.32257
v 1.02195 -119.04 3.73986
v -3.40666 -119.04 -2.0315
v -2.76136 -120.724 -2.82729
v -1.91015 -122.405 -3.37663
v -0.951565 -124.084 -3.62526
v 0.00294876 -125.756 -3.55747
v 0.843143 -127.421 -3.1985
v 1.29584 -130.723 -2.30235
v 1.47445 -129.078 -2.6118
v 0.565739 -132.356 -2.16343
v 0.00294876 -133.974 -1.77279
v -0.305553 -135.576 -1.21445
v -0.308056 -137.161 -0.601609
v 0.00294876 -138.725 -0.0629921
v 0.00294876 -138.725 -0.0629921
v 0.541538 -137.161 0.247978
v 1.15444 -135.576 0.245541
v 1.71274 -133.974 -0.0629921
v 2.10334 -132.356 -0.625802
v 2.55175 -129.078 -1.53454
v 2.24224 -130.723 -1.35588
v 3.13845 -127.421 -0.903148
v 3.49744 -125.756 -0.0629921
v 3.56524 -124.084 0.891513
v 3.31655 -122.405 1.85013
v 2.76725 -120.724 2.70131
v 1.97144 -119.04 3.34656
v -2.78096 -119.04 -2.84688
v -1.95176 -120.724 -3.44856
v -0.987362 -122.405 -3.75887
v 0.00294876 -124.084 -3.75092
v 0.907337 -125.756 -3.4384
v 1.62604 -127.421 -2.87421
v 1.83135 -130.723 -1.89142
v 2.08405 -129.078 -2.14408
v 1.09024 -132.356 -1.94619
v 0.445438 -133.974 -1.71453
v 0.00294876 -135.576 -1.25507
v -0.158062 -137.161 -0.663741
v 0.00294876 -138.725 -0.0629921
v 0.00294876 -138.725 -0.0629921
v 0.603642 -137.161 0.0979781
v 1.19504 -135.576 -0.0629921
v 1.65444 -133.974 -0.50552
v 1.88614 -132.356 -1.15026
v 2.81414 -127.421 -1.68605
v 3.37835 -125.756 -0.967429
v 3.69085 -124.084 -0.0629921
v 3.69884 -122.405 0.927316
v 3.38854 -120.724 1.89166
v 2.78684 -119.04 2.72089
v -1.96556 -119.04 -3.47254
v -1.00886 -120.724 -3.8391
v 0.00294876 -122.405 -3.88925
v 0.957447 -124.084 -3.62526
v 1.75014 -125.756 -3.0893
v 2.29824 -127.421 -2.35834
v 1.54055 -132.356 -1.60062
v 0.857838 -133.974 -1.54372
v 0.311436 -135.576 -1.21445
v 0.00294876 -137.161 -0.684933
v 0.00294876 -138.725 -0.0629921
v 0.00294876 -138.725 -0.0629921
v 0.624836 -137.161 -0.0629921
v 1.15444 -135.576 -0.371525
v 1.48365 -133.974 -0.91789
v 3.02924 -125.756 -1.81023
v 3.56524 -124.084 -1.0175
v 3.82924 -122.405 -0.0629921
v 3.77904 -120.724 0.948812
v 3.41245 -119.04 1.90551
v -1.01606 -119.04 -3.86585
v 0.00294876 -120.724 -3.9723
v 0.993244 -122.405 -3.75887
v 1.84694 -124.084 -3.25683
v 2.47394 -125.756 -2.53396
v 1.21195 -133.974 -1.272
v 0.598942 -135.576 -1.09536
v 0.163944 -137.161 -0.663741
v 0.00294876 -138.725 -0.0629921
v 0.00294876 -138.725 -0.0629921
v 0.603642 -137.161 -0.223962
v 1.03534 -135.576 -0.659031
v 3.19674 -124.084 -1.90696
v 3.69884 -122.405 -1.0533
v 3.91224 -120.724 -0.0629921
v 3.80584 -119.04 0.95598
v 0.00294876 -119.04 -4
v 1.01474 -120.724 -3.8391
v 1.91603 -122.405 -3.37663
v 2.61074 -124.084 -2.67075
v 0.845844 -135.576 -0.905919
v 0.313938 -137.161 -0.601609
v 0.00294876 -138.725 -0.0629921
v 0.00294876 -138.725 -0.0629921
v 0.541538 -137.161 -0.373963
v 3.31655 -122.405 -1.97612
v 3.77904 -120.724 -1.0748
v 3.93995 -119.04 -0.0629921
v 1.02195 -119.04 -3.86585
v 1.95765 -120.724 -3.44856
v 2.70855 -122.405 -2.76856
v 0.442738 -137.161 -0.502771
v 0.00294876 -138.725 -0.0629921
v 0.00294876 -138.725 -0.0629921
v 3.38854 -120.724 -2.01765
v 3.80584 -119.04 -1.08196
v 1.97144 -119.04 -3.47254
v 2.76725 -120.724 -2.82729
v 0.00294876 -138.725 -0.0629921
v 0.00294876 -138.725 -0.0629921
v 3.41245 -119.04 -2.0315
v 2.78684 -119.04 -2.84688
v -0.200863 -0.930032 -0.823564
v 0.206745 -0.930032 -0.823564
v 0.00294876 -0.930032 -0.850394
v -0.390759 -0.930032 -0.744902
v 0.396641 -0.930032 -0.744902
v -0.55386 -0.930032 -0.619769
v 0.559742 -0.930032 -0.619769
v -0.678951 -0.930032 -0.456693
v 0.684849 -0.930032 -0.456693
v -0.757656 -0.930032 -0.266787
v 0.763538 -0.930032 -0.266787
v -0.784451 -0.930032 -0.0629921
v 0.790348 -0.930032 -0.0629921
v -0.757656 -0.930032 0.140802
v 0.763538 -0.930032 0.140802
v -0.678951 -0.930032 0.330709
v 0.684849 -0.930032 0.330709
v -0.55386 -0.930032 0.493785
v 0.559742 -0.930032 0.493785
v -0.390759 -0.930032 0.618918
v 0.396641 -0.930032 0.618918
v -0.200863 -0.930032 0.697579
v 0.206745 -0.930032 0.697579
v 0.00294876 -0.930032 0.724409
v 0.042347 -0.930032 11.748
v -0.0364647 -0.930032 10.9606
v 0.042347 -0.930032 10.9606
v -0.0364647 -0.930032 11.748
v -0.0364647 -0.930032 11.748
v 0.042347 -0.930032 11.748
v -0.0364647 -0.930032 10.9606
v 0.042347 -0.930032 10.9606
v -0.0364647 -43.8745 3.87402
v -0.0364647 -3.09539 4.66142
v -0.0364647 -16.3154 11.748
v -0.0364647 -0.930032 3.87402
v -0.0364647 -0.930032 4.66142
v -0.0364647 -3.09539 10.9606
v -0.0364647 -0.930032 11.748
v -0.0364647 -0.930032 10.9606
v -0.0364647 -0.930032 10.9606
v -0.0364647 -3.09539 10.9606
v -0.0364647 -0.930032 11.748
v -0.0364647 -3.09539 4.66142
v -0.0364647 -16.3154 11.748
v -0.0364647 -0.930032 4.66142
v -0.0364647 -0.930032 3.87402
v -0.0364647 -43.8745 3.87402
v 0.042347 -0.930032 11.748
v 0.042347 -3.09539 10.9606
v 0.042347 -16.3154 11.748
v 0.042347 -0.930032 10.9606
v 0.042347 -43.8745 3.87402
v 0.042347 -3.09539 4.66142
v 0.042347 -0.930032 3.87402
v 0.042347 -0.930032 4.66142
v 0.042347 -0.930032 4.66142
v 0.042347 -3.09539 4.66142
v 0.042347 -0.930032 3.87402
v 0.042347 -3.09539 10.9606
v 0.042347 -16.3154 11.748
v 0.042347 -43.8745 3.87402
v 0.042347 -0.930032 10.9606
v 0.042347 -0.930032 11.748
v 0.042347 -0.930032 11.748
v -0.0364647 -16.3154 11.748
v -0.0364647 -0.930032 11.748
v 0.042347 -16.3154 11.748
v 0.042347 -16.3154 11.748
v 0.042347 -0.930032 11.748
v -0.0364647 -16.3154 11.748
v -0.0364647 -0.930032 11.748
v -0.0364647 -43.8745 3.87402
v 0.00294876 -43.8745 3.87402
v 0.042347 -43.8745 3.87402
v 0.042347 -43.8745 3.87402
v 0.00294876 -43.8745 3.87402
v -0.0364647 -43.8745 3.87402
v 0.042347 -0.930032 4.66142
v 0.00294876 -0.930032 3.87402
v 0.042347 -0.930032 3.87402
v -0.0364647 -0.930032 3.87402
v -0.0364647 -0.930032 4.66142
v -0.0364647 -0.930032 4.66142
v 0.042347 -0.930032 4.66142
v -0.0364647 -0.930032 3.87402
v 0.00294876 -117.859 3.87402
v -1.01606 -82.6385 3.73986
v -1.01606 -117.859 3.73986
v 0.00294876 -82.6385 3.87402
v 1.02195 -117.859 3.73986
v 1.02195 -82.6385 3.73986
v -1.96556 -82.6385 3.34656
v -1.96556 -117.859 3.34656
v 1.97144 -117.859 3.34656
v 1.97144 -82.6385 3.34656
v -2.78096 -82.6385 2.72089
v -2.78096 -117.859 2.72089
v 2.78684 -117.859 2.72089
v 2.78684 -82.6385 2.72089
v -3.40666 -117.859 1.90551
v -3.40666 -82.6385 1.90551
v 3.41245 -82.6385 1.90551
v 3.41245 -117.859 1.90551
v -3.79995 -117.859 0.95598
v -3.79995 -82.6385 0.95598
v 3.80584 -82.6385 0.95598
v 3.80584 -117.859 0.95598
v -3.93406 -117.859 -0.0629921
v -3.93406 -82.6385 -0.0629921
v 3.93995 -82.6385 -0.0629921
v 3.93995 -117.859 -0.0629921
v -3.79995 -117.859 -1.08196
v -3.79995 -82.6385 -1.08196
v 3.80584 -82.6385 -1.08196
v 3.80584 -117.859 -1.08196
v -3.40666 -117.859 -2.0315
v -3.40666 -82.6385 -2.0315
v 3.41245 -82.6385 -2.0315
v 3.41245 -117.859 -2.0315
v -2.78096 -117.859 -2.84688
v -2.78096 -82.6385 -2.84688
v 2.78684 -82.6385 -2.84688
v 2.78684 -117.859 -2.84688
v -1.96556 -82.6385 -3.47254
v -1.96556 -117.859 -3.47254
v 1.97144 -117.859 -3.47254
v 1.97144 -82.6385 -3.47254
v -1.01606 -82.6385 -3.86585
v -1.01606 -117.859 -3.86585
v 1.02195 -117.859 -3.86585
v 1.02195 -82.6385 -3.86585
v 0.00294876 -82.6385 -4
v 0.00294876 -117.859 -4
v 0.00294876 2.21957 2.10236
v -0.557461 2.21957 2.02858
v 0.563343 2.21957 2.02858
v 0.00294876 2.21957 1.90551
v 0.51244 2.21957 1.83844
v 1.08564 2.21957 1.81226
v 0.987141 2.21957 1.64178
v 1.53405 2.21957 1.46814
v 1.39484 2.21957 1.32895
v 1.87815 2.21957 1.01968
v 1.70774 2.21957 0.92126
v 2.09455 2.21957 0.497443
v 1.90435 2.21957 0.446494
v 2.16834 2.21957 -0.0629921
v 1.97144 2.21957 -0.0629921
v 1.90435 2.21957 -0.572478
v 2.09455 2.21957 -0.623427
v 1.70774 2.21957 -1.04724
v 1.87815 2.21957 -1.14567
v 1.39484 2.21957 -1.45494
v 1.53405 2.21957 -1.59413
v 0.987141 2.21957 -1.76777
v 1.08564 2.21957 -1.93824
v 0.51244 2.21957 -1.96442
v 0.00294876 2.21957 -2.0315
v 0.563343 2.21957 -2.15456
v -0.506557 2.21957 1.83844
v -1.07975 2.21957 1.81226
v -0.981365 2.21957 1.64178
v -1.52816 2.21957 1.46814
v -1.38896 2.21957 1.32895
v -1.87236 2.21957 1.01968
v -1.70185 2.21957 0.92126
v -2.08867 2.21957 0.497443
v -1.89846 2.21957 0.446494
v -1.96556 2.21957 -0.0629921
v -2.16246 2.21957 -0.0629921
v -1.89846 2.21957 -0.572478
v -2.08867 2.21957 -0.623427
v -1.70185 2.21957 -1.04724
v -1.87236 2.21957 -1.14567
v -1.38896 2.21957 -1.45494
v -1.52816 2.21957 -1.59413
v -0.981365 2.21957 -1.76777
v -1.07975 2.21957 -1.93824
v -0.506557 2.21957 -1.96442
v -0.557461 2.21957 -2.15456
v 0.00294876 2.21957 -2.22835
v 0.495243 -0.930032 -0.915769
v -0.693356 -0.930032 -0.759282
v 0.00294876 -0.930032 -0.850394
v -0.200863 -0.930032 -0.823564
v 0.699238 -0.930032 -0.759282
v 0.00294876 -0.930032 -0.850394
v 0.206745 -0.930032 -0.823564
v -4.72146 -0.930032 -0.023562
v -4.72146 -3.09539 -0.023562
v -11.0207 -0.930032 -0.023562
v -11.0207 -3.09539 -0.023562
v -4.72146 -3.09539 -0.102362
v -4.72146 -0.930032 -0.102362
v -11.0207 -3.09539 -0.102362
v -11.0207 -0.930032 -0.102362
v 0.042347 -0.930032 -4.7874
v 0.042347 -0.930032 -11.0866
v 0.042347 -3.09539 -4.7874
v 0.042347 -3.09539 -11.0866
v 11.0265 -3.09539 -0.102422
v 11.0265 -0.930032 -0.102422
v 4.72734 -3.09539 -0.102422
v 4.72734 -0.930032 -0.102422
v -0.0364647 -0.930032 -11.0866
v -0.0364647 -0.930032 -4.7874
v -0.0364647 -3.09539 -11.0866
v -0.0364647 -3.09539 -4.7874
v 11.0265 -0.930032 -0.023622
v 11.0265 -3.09539 -0.023622
v 4.72734 -0.930032 -0.023622
v 4.72734 -3.09539 -0.023622
v 1.97144 -81.4574 3.34656
v 1.02195 -45.0556 3.73986
v 1.02195 -81.4574 3.73986
v 1.97144 -45.0556 3.34656
v 0.00294876 -45.0556 3.87402
v 0.00294876 -81.4574 3.87402
v 2.78684 -81.4574 2.72089
v 2.78684 -45.0556 2.72089
v -1.01606 -45.0556 3.73986
v -1.01606 -81.4574 3.73986
v 3.41245 -45.0556 1.90551
v 3.41245 -81.4574 1.90551
v -1.96556 -45.0556 3.34656
v -1.96556 -81.4574 3.34656
v 3.80584 -45.0556 0.95598
v 3.80584 -81.4574 0.95598
v -2.78096 -45.0556 2.72089
v -2.78096 -81.4574 2.72089
v 3.93995 -45.0556 -0.0629921
v 3.93995 -81.4574 -0.0629921
v -3.40666 -81.4574 1.90551
v -3.40666 -45.0556 1.90551
v 3.80584 -45.0556 -1.08196
v 3.80584 -81.4574 -1.08196
v -3.79995 -81.4574 0.95598
v -3.79995 -45.0556 0.95598
v 3.41245 -45.0556 -2.0315
v 3.41245 -81.4574 -2.0315
v -3.93406 -81.4574 -0.0629921
v -3.93406 -45.0556 -0.0629921
v 2.78684 -45.0556 -2.84688
v 2.78684 -81.4574 -2.84688
v -3.79995 -81.4574 -1.08196
v -3.79995 -45.0556 -1.08196
v 1.97144 -81.4574 -3.47254
v 1.97144 -45.0556 -3.47254
v -3.40666 -81.4574 -2.0315
v -3.40666 -45.0556 -2.0315
v 1.02195 -81.4574 -3.86585
v 1.02195 -45.0556 -3.86585
v -2.78096 -81.4574 -2.84688
v -2.78096 -45.0556 -2.84688
v 0.00294876 -81.4574 -4
v 0.00294876 -45.0556 -4
v -1.96556 -45.0556 -3.47254
v -1.96556 -81.4574 -3.47254
v -1.01606 -81.4574 -3.86585
v -1.01606 -45.0556 -3.86585
vt 0 0
vt 0 0
vt 0 0
vt 0 0
vt 0 0
vt 0 0
vt 0 0
vt 0 0
vt 0 0
vt 0 0
vt 0 0
vt 0 0
vt 0 0
vt 0 0
vt 0 0
vt 0 0
vt 0 0
vt 0 0
vt 0 0
vt 0 0
vt 0 0
vt 0 0
vt 0 0
vt 0 0
vt 0 0
vt 0 0
vt 0 0
vt 0 0
vt 0 0
vt 0 0
vt 0 0
vt 0 0
vt 0 0
vt 0 0
vt 0 0
vt 0 0
vt 0 0
vt 0 0
vt 0 0
vt 0 0
vt 0 0
vt 0 0
vt 0 0
vt 0 0
vt 0 0
vt 0 0
vt 0 0
vt 0 0
vt 0 0
vt 0 0
vt 0 0
vt 0 0
vt 0 0
vt 0 0
vt 0 0
vt 0 0
vt 0 0
vt 0 0
vt 0 0
vt 0 0
vt 0 0
vt 0 0
vt 0 0
vt 0 0
vt 0 0
vt 0 0
vt 0 0
vt 0 0
vt 0 0
vt 0 0
vt 0 0
vt 0 0
vt 0 0
vt 0 0
vt 0 0
vt 0 0
vt 0 0
vt 0 0
vt 0 0
vt 0 0
vt 0 0
vt 0 0
vt 0 0
vt 0 0
vt 0 0
vt 0 0
vt 0 0
vt 0 0
vt 0 0
vt 0 0
vt 0 0
vt 0 0
vt 0 0
vt 0 0
vt 0 0
vt 0 0
vt 0 0
vt 0 0
vt 0 0
vt 0 0
vt 0 0
vt 0 0
vt 0 0
vt 0 0
vt 0 0
vt 0 0
vt 0 0
vt 0 0
vt 0 0
vt 0 0
vt 0 0
vt 0 0
vt 0 0
vt 0 0
vt 0 0
vt 0 0
vt 0 0
vt 0 0
vt 0 0
vt 0 0
vt 0 0
vt 0 0
vt 0 0
vt 0 0
vt 0 0
vt 0 0
vt 0 0
vt 0 0
vt 0 0
vt 0 0
vt 0 0
vt 0 0
vt 0 0
vt 0 0
vt 0 0
vt 0 0
vt 0 0
vt 0 0
vt 0 0
vt 0 0
vt 0 0
vt 0 0
vt 0 0
vt 0 0
vt 0 0
vt 0 0
vt 0 0
vt 0 0
vt 0 0
vt 0 0
vt 0 0
vt 0 0
vt 0 0
vt 0 0
vt 0 0
vt 0 0
vt 0 0
vt 0 0
vt 0 0
vt 0 0
vt 0 0
vt 0 0
vt 0 0
vt 0 0
vt 0 0
vt 0 0
vt 0 0
vt 0 0
vt 0 0
vt 0 0
vt 0 0
vt 0 0
vt 0 0
vt 0 0
vt 0 0
vt 0 0
vt 0 0
vt 0 0
vt 0 0
vt 0 0
vt 0 0
vt 0 0
vt 0 0
vt 0 0
vt 0 0
vt 0 0
vt 0 0
vt 0 0
vt 0 0
vt 0 0
vt 0 0
vt 0 0
vt 0 0
vt 0 0
vt 0 0
vt 0 0
vt 0 0
vt 0 0
vt 0 0
vt 0 0
vt 0 0
vt 0 0
vt 0 0
vt 0 0
vt 0 0
vt 0 0
vt 0 0
vt 0 0
vt 0 0
vt 0 0
vt 0 0
vt 0 0
vt 0 0
vt 0 0
vt 0 0
vt 0 0
vt 0 0
vt 0 0
vt 0 0
vt 0 0
vt 0 0
vt 0 0
vt 0 0
vt 0 0
vt 0 0
vt 0 0
vt 0 0
vt 0 0
vt 0 0
vt 0 0
vt 0 0
vt 0 0
vt 0 0
vt 0 0
vt 0 0
vt 0 0
vt 0 0
vt 0 0
vt 0 0
vt 0 0
vt 0 0
vt 0 0
vt 0 0
vt 0 0
vt 0 0
vt 0 0
vt 0 0
vt 0 0
vt 0 0
vt 0 0
vt 0 0
vt 0 0
vt 0 0
vt 0 0
vt 0 0
vt 0 0
vt 0 0
vt 0 0
vt 0 0
vt 0 0
vt 0 0
vt 0 0
vt 0 0
vt 0 0
vt 0 0
vt 0 0
vt 0 0
vt 0 0
vt 0 0
vt 0 0
vt 0 0
vt 0 0
vt 0 0
vt 0 0
vt 0 0
vt 0 0
vt 0 0
vt 0 0
vt 0 0
vt 0 0
vt 0 0
vt 0 0
vt 0 0
vt 0 0
vt 0 0
vt 0 0
vt 0 0
vt 0 0
vt 0 0
vt 0 0
vt 0 0
vt 0 0
vt 0 0
vt 0 0
vt 0 0
vt 0 0
vt 0 0
vt 0 0
vt 0 0
vt 0 0
vt 0 0
vt 0 0
vt 0 0
vt 0 0
vt 0 0
vt 0 0
vt 0 0
vt 0 0
vt 0 0
vt 0 0
vt 0 0
vt 0 0
vt 0 0
vt 0 0
vt 0 0
vt 0 0
vt 0 0
vt 0 0
vt 0 0
vt 0 0
vt 0 0
vt 0 0
vt 0 0
vt 0 0
vt 0 0
vt 0 0
vt 0 0
vt 0 0
vt 0 0
vt 0 0
vt 0 0
vt 0 0
vt 0 0
vt 0 0
vt 0 0
vt 0 0
vt 0 0
vt 0 0
vt 0 0
vt 0 0
vt 0 0
vt 0 0
vt 0 0
vt 0 0
vt 0 0
vt 0 0
vt 0 0
vt 0 0
vt 0 0
vt 0 0
vt 0 0
vt 0 0
vt 0 0
vt 0 0
vt 0 0
vt 0 0
vt 0 0
vt 0 0
vt 0 0
vt 0 0
vt 0 0
vt 0 0
vt 0 0
vt 0 0
vt 0 0
vt 0 0
vt 0 0
vt 0 0
vt 0 0
vt 0 0
vt 0 0
vt 0 0
vt 0 0
vt 0 0
vt 0 0
vt 0 0
vt 0 0
vt 0 0
vt 0 0
vt 0 0
vt 0 0
vt 0 0
vt 0 0
vt 0 0
vt 0 0
vt 0 0
vt 0 0
vt 0 0
vt 0 0
vt 0 0
vt 0 0
vt 0 0
vt 0 0
vt 0 0
vt 0 0
vt 0 0
vt 0 0
vt 0 0
vt 0 0
vt 0 0
vt 0 0
vt 0 0
vt 0 0
vt 0 0
vt 0 0
vt 0 0
vt 0 0
vt 0 0
vt 0 0
vt 0 0
vt 0 0
vt 0 0
vt 0 0
vt 0 0
vt 0 0
vt 0 0
vt 0 0
vt 0 0
vt 0 0
vt 0 0
vt 0 0
vt 0 0
vt 0 0
vt 0 0
vt 0 0
vt 0 0
vt 0 0
vt 0 0
vt 0 0
vt 0 0
vt 0 0
vt 0 0
vt 0 0
vt 0 0
vt 0 0
vt 0 0
vt 0 0
vt 0 0
vt 0 0
vt 0 0
vt 0 0
vt 0 0
vt 0 0
vt 0 0
vt 0 0
vt 0 0
vt 0 0
vt 0 0
vt 0 0
vt 0 0
vt 0 0
vt 0 0
vt 0 0
vt 0 0
vt 0 0
vt 0 0
vt 0 0
vt 0 0
vt 0 0
vt 0 0
vt 0 0
vt 0 0
vt 0 0
vt 0 0
vt 0 0
vt 0 0
vt 0 0
vt 0 0
vt 0 0
vt 0 0
vt 0 0
vt 0 0
vt 0 0
vt 0 0
vt 0 0
vt 0 0
vt 0 0
vt 0 0
vt 0 0
vt 0 0
vt 0 0
vt 0 0
vt 0 0
vt 0 0
vt 0 0
vt 0 0
vt 0 0
vt 0 0
vt 0 0
vt 0 0
vt 0 0
vt 0 0
vt 0 0
vt 0 0
vt 0 0
vt 0 0
vt 0 0
vt 0 0
vt 0 0
vt 0 0
vt 0 0
vt 0 0
vt 0 0
vt 0 0
vt 0 0
vt 0 0
vt 0 0
vt 0 0
vt 0 0
vt 0 0
vt 0 0
vt 0 0
vt 0 0
vt 0 0
vt 0 0
vt 0 0
vt 0 0
vt 0 0
vt 0 0
vt 0 0
vt 0 0
vt 0 0
vt 0 0
vt 0 0
vt 0 0
vt 0 0
vt 0 0
vt 0 0
vt 0 0
vt 0 0
vt 0 0
vt 0 0
vt 0 0
vt 0 0
vt 0 0
vt 0 0
vt 0 0
vt 0 0
vt 0 0
vt 0 0
vt 0 0
vt 0 0
vt 0 0
vt 0 0
vt 0 0
vt 0 0
vt 0 0
vt 0 0
vt 0 0
vt 0 0
vt 0 0
vt 0 0
vt 0 0
vt 0 0
vt 0 0
vt 0 0
vt 0 0
vt 0 0
vt 0 0
vt 0 0
vt 0 0
vt 0 0
vt 0 0
vt 0 0
vt 0 0
vt 0 0
vt 0 0
vt 0 0
vt 0 0
vt 0 0
vt 0 0
vt 0 0
vt 0 0
vt 0 0
vt 0 0
vt 0 0
vt 0 0
vt 0 0
vt 0 0
vt 0 0
vt 0 0
vt 0 0
vt 0 0
vt 0 0
vt 0 0
vt 0 0
vt 0 0
vt 0 0
vt 0 0
vt 0 0
vt 0 0
vt 0 0
vt 0 0
vt 0 0
vt 0 0
vt 0 0
vt 0 0
vt 0 0
vt 0 0
vt 0 0
vt 0 0
vt 0 0
vt 0 0
vt 0 0
vt 0 0
vt 0 0
vt 0 0
vt 0 0
vt 0 0
vt 0 0
vt 0 0
vt 0 0
vt 0 0
vt 0 0
vt 0 0
vt 0 0
vt 0 0
vt 0 0
vt 0 0
vt 0 0
vt 0 0
vt 0 0
vt 0 0
vt 0 0
vt 0 0
vt 0 0
vt 0 0
vt 0 0
vt 0 0
vt 0 0
vt 0 0
vt 0 0
vt 0 0
vt 0 0
vt 0 0
vt 0 0
vt 0 0
vt 0 0
vt 0 0
vt 0 0
vt 0 0
vt 0 0
vt 0 0
vt 0 0
vt 0 0
vt 0 0
vt 0 0
vt 0 0
vt 0 0
vt 0 0
vt 0 0
vt 0 0
vt 0 0
vt 0 0
vt 0 0
vt 0 0
vt 0 0
vt 0 0
vt 0 0
vt 0 0
vt 0 0
vt 0 0
vt 0 0
vt 0 0
vt 0 0
vt 0 0
vt 0 0
vt 0 0
vt 0 0
vt 0 0
vt 0 0
vt 0 0
vt 0 0
vt 0 0
vt 0 0
vt 0 0
vt 0 0
vt 0 0
vt 0 0
vt 0 0
vt 0 0
vt 0 0
vt 0 0
vt 0 0
vt 0 0
vt 0 0
vt 0 0
vt 0 0
vt 0 0
vt 0 0
vt 0 0
vt 0 0
vt 0 0
vt 0 0
vt 0 0
vt 0 0
vt 0 0
vt 0 0
vt 0 0
vt 0 0
vt 0 0
vt 0 0
vt 0 0
vt 0 0
vt 0 0
vt 0 0
vt 0 0
vt 0 0
vt 0 0
vt 0 0
vt 0 0
vt 0 0
vt 0 0
vt 0 0
vt 0 0
vt 0 0
vt 0 0
vt 0 0
vt 0 0
vt 0 0
vt 0 0
vt 0 0
vt 0 0
vt 0 0
vt 0 0
vt 0 0
vt 0 0
vt 0 0
vt 0 0
vt 0 0
vt 0 0
vt 0 0
vt 0 0
vt 0 0
vt 0 0
vt 0 0
vt 0 0
vt 0 0
vt 0 0
vt 0 0
vt 0 0
vt 0 0
vt 0 0
vt 0 0
vt 0 0
vt 0 0
vt 0 0
vt 0 0
vt 0 0
vt 0 0
vt 0 0
vt 0 0
vt 0 0
vt 0 0
vt 0 0
vt 0 0
vt 0 0
vt 0 0
vt 0 0
vt 0 0
vt 0 0
vt 0 0
vt 0 0
vt 0 0
vt 0 0
vt 0 0
vt 0 0
vt 0 0
vt 0 0
vt 0 0
vt 0 0
vt 0 0
vt 0 0
vt 0 0
vt 0 0
vt 0 0
vt 0 0
vt 0 0
vt 0 0
vt 0 0
vt 0 0
vt 0 0
vt 0 0
vt 0 0
vt 0 0
vt 0 0
vt 0 0
vt 0 0
vt 0 0
vt 0 0
vt 0 0
vt 0 0
vt 0 0
vt 0 0
vt 0 0
vt 0 0
vt 0 0
vt 0 0
vt 0 0
vt 0 0
vt 0 0
vt 0 0
vt 0 0
vt 0 0
vt 0 0
vt 0 0
vt 0 0
vt 0 0
vt 0 0
vt 0 0
vt 0 0
vn 0 1 0
vn 0 1 0
vn 0 1 0
vn 0 1 0
vn 0 1 0
vn 0 0 1
vn 0 0 1
vn 0 0 1
vn 0 0 1
vn 0 0 1
vn 0 0 1
vn 0 0 1
vn 0 0 1
vn 0.0001 0 -1
vn 0.0001 0 -1
vn 0.0001 0 -1
vn -0.0001 0 -1
vn -0.0001 0 -1
vn -0.0001 0 -1
vn -0.0001 0 -1
vn 0 0 -1
vn 0 0 -1
vn 0 0 -1
vn 0 0 -1
vn 0.0001 0 -1
vn -1 0 0
vn -1 0 0
vn -1 0 0
vn -1 0 0
vn -1 0 0
vn -1 0 0
vn 0.990334 -0.138705 0
vn 0.961528 -0.274708 0
vn 0.961528 -0.274708 0
vn 0.961528 -0.274708 0
vn 0.990334 -0.138705 0
vn 1 0 0
vn 1 0 0
vn 0 1 0
vn 0 1 0
vn 0 1 0
vn 0 1 0
vn 0.965929 0 -0.258808
vn 0.991448 0 -0.130506
vn 0.965929 0 -0.258808
vn 0.991448 0 -0.130506
vn 0.991448 0 0.130506
vn 0.965929 0 0.258808
vn 0.991448 0 0.130506
vn 0.965929 0 0.258808
vn 0.866019 0 -0.500011
vn 0.866019 0 -0.500011
vn 0 1 0
vn 0 1 0
vn 0 1 0
vn 0 1 0
vn 0 1 0
vn 0 1 0
vn 0 1 0
vn 0 1 0
vn 0 1 0
vn 0 1 0
vn 0 1 0
vn 0 1 0
vn 0 1 0
vn 0 1 0
vn 0 1 0
vn 0 1 0
vn 0 1 0
vn 0 1 0
vn 0 1 0
vn 0 1 0
vn 0 1 0
vn 0 1 0
vn 0 1 0
vn 0 1 0
vn 0 1 0
vn 0 1 0
vn 0 1 0
vn 0 1 0
vn 0 1 0
vn 0 1 0
vn 0 1 0
vn 0 1 0
vn 0 1 0
vn 0 1 0
vn 0 1 0
vn 0 1 0
vn 0 1 0
vn 0 1 0
vn 0 1 0
vn 0 1 0
vn 0 1 0
vn 0 1 0
vn 0 1 0
vn 0 1 0
vn 0 1 0
vn 0 1 0
vn 0 1 0
vn 0.267912 0.963443 0.00090004
vn 0.200595 0.979674 0.000699981
vn 0.229597 0.973286 0.000799988
vn 0.866019 0 0.500011
vn 0.866019 0 0.500011
vn 0.707107 0 -0.707107
vn 0.707107 0 -0.707107
vn -0.258808 0 0.965929
vn -0.500011 0 0.866019
vn -0.500011 0 0.866019
vn -0.258808 0 0.965929
vn -0.130506 0 0.991448
vn -0.130506 0 0.991448
vn 0 1 0
vn 0 1 0
vn 0.258808 0 0.965929
vn 0.130395 0 0.991462
vn 0.130506 0 0.991448
vn 0.130493 0 0.991449
vn 0.258808 0 0.965929
vn 0.500011 0 0.866019
vn 0.500011 0 0.866019
vn 0.707107 0 0.707107
vn 0.707107 0 0.707107
vn 0.500011 0 -0.866019
vn 0.500011 0 -0.866019
vn 0.258808 0 -0.965929
vn 0.258808 0 -0.965929
vn 0.130506 0 -0.991448
vn 0.130506 0 -0.991448
vn -0.130506 0 -0.991448
vn -0.258808 0 -0.965929
vn -0.258808 0 -0.965929
vn -0.130506 0 -0.991448
vn -0.500011 0 -0.866019
vn -0.500011 0 -0.866019
vn -0.707107 0 -0.707107
vn -0.707107 0 -0.707107
vn -0.866019 0 -0.500011
vn -0.866019 0 -0.500011
vn -0.965929 0 -0.258808
vn -0.965929 0 -0.258808
vn -0.991448 0 -0.130506
vn -0.991448 0 -0.130506
vn -0.965929 0 0.258808
vn -0.991448 0 0.130506
vn -0.965929 0 0.258808
vn -0.991448 0 0.130506
vn -0.866019 0 0.500011
vn -0.866019 0 0.500011
vn -0.707107 0 0.707107
vn -0.707107 0 0.707107
vn 0 0 1
vn 0 0 1
vn 0 0 1
vn 0 0 1
vn 0 0 1
vn 0 0 1
vn 0 0 1
vn 0 0 1
vn 0 0 1
vn 0 0 1
vn 0 0 1
vn 0 0 1
vn 1 0 0
vn 1 0 0
vn 1 0 0
vn 1 0 0
vn 1 0 0
vn 1 0 0
vn 0 -0.138705 -0.990334
vn 0 -0.274708 -0.961528
vn 0 -0.138705 -0.990334
vn 0 -0.274708 -0.961528
vn 0 -0.274708 -0.961528
vn 1 0 0
vn 1 0 0
vn 1 0 0
vn 1 0 0
vn 1 0 0
vn 1 0 0
vn 1 0 0
vn 1 0 0
vn 0 1 0
vn 0 1 0
vn 0 1 0
vn 0 1 0
vn -1 0 0
vn -1 0 0
vn -1 0 0
vn -1 0 0
vn -1 0 0
vn -1 0 0
vn -1 0 0
vn -1 0 0
vn 0 0 -1
vn 0 0 -1
vn 0 0 -1
vn 0 0 -1
vn 0 0 -1
vn 0 0 -1
vn 0 0 -1
vn 0 0 -1
vn 0 1 0
vn 0 1 0
vn 0 1 0
vn 0 1 0
vn -0.990334 -0.138705 0
vn -0.961528 -0.274708 0
vn -0.961528 -0.274708 0
vn -0.961528 -0.274708 0
vn -0.990334 -0.138705 0
vn 0 0 1
vn 0 0 1
vn 0 0 1
vn -0.0002 0 1
vn -0.0002 0 1
vn -0.0002 0 1
vn 0 0 1
vn 0 0 1
vn 0.0001 0 1
vn 0.0001 0 1
vn 0.0001 0 1
vn 0.0001 0 1
vn -0.0001 0 1
vn -0.0001 0 1
vn -0.0001 0 1
vn 0 0 -1
vn 0 0 -1
vn 0 1 0
vn 0 1 0
vn 0 1 0
vn 0 1 0
vn -1 0 0
vn -1 0 0
vn 0 1 0
vn 0 1 0
vn 0 1 0
vn 0 1 0
vn -0.693406 -0.195902 0.693406
vn -0.843182 -0.227995 0.48689
vn -0.688483 -0.227994 0.688483
vn -0.849282 -0.195796 0.49029
vn -0.49028 -0.195892 0.849266
vn -0.48689 -0.227995 0.843182
vn -0.697592 -0.163498 0.697592
vn -0.854409 -0.163502 0.493205
vn -0.940487 -0.227997 0.251996
vn -0.947228 -0.195806 0.253808
vn -0.836304 -0.259801 0.482803
vn -0.682825 -0.259809 0.682825
vn -0.482803 -0.259801 0.836304
vn -0.253803 -0.195902 0.94721
vn -0.251996 -0.227997 0.940487
vn -0.493281 -0.163494 0.854367
vn -0.701013 -0.131002 0.701013
vn -0.858568 -0.130995 0.495682
vn -0.952934 -0.163506 0.255309
vn -0.973663 -0.227991 0
vn -0.980642 -0.195808 0
vn -0.932771 -0.259792 0.249892
vn -0.82846 -0.291386 0.478277
vn -0.676418 -0.291408 0.676418
vn -0.478316 -0.29141 0.828428
vn -0.249892 -0.259792 0.932771
vn 0 -0.195905 0.980623
vn 0 -0.227991 0.973663
vn -0.255309 -0.163506 0.952934
vn -0.495682 -0.130995 0.858568
vn -0.703675 -0.0983966 0.703675
vn -0.861805 -0.0984006 0.497603
vn -0.957599 -0.131 0.2566
vn -0.986542 -0.163507 0
vn -0.940487 -0.227997 -0.251996
vn -0.947228 -0.195806 -0.253808
vn -0.965665 -0.259791 0
vn -0.924002 -0.291401 0.247601
vn -0.819677 -0.322691 0.473287
vn -0.669225 -0.322712 0.669325
vn -0.473209 -0.322706 0.819716
vn -0.247601 -0.291401 0.924002
vn 0 -0.259791 0.965665
vn 0.251996 -0.227997 0.940487
vn 0.253803 -0.195902 0.94721
vn 0 -0.163507 0.986542
vn -0.2566 -0.131 0.957599
vn -0.497603 -0.0984006 0.861805
vn -0.705579 -0.0656981 0.705579
vn -0.864174 -0.0656981 0.498885
vn -0.961226 -0.0984027 0.257607
vn -0.991383 -0.130998 0
vn -0.952934 -0.163506 -0.255309
vn -0.843182 -0.227995 -0.48689
vn -0.849282 -0.195796 -0.49029
vn -0.932771 -0.259792 -0.249892
vn -0.956601 -0.2914 0
vn -0.914252 -0.322683 0.244987
vn -0.810012 -0.353605 0.467807
vn -0.661478 -0.353588 0.661379
vn -0.467691 -0.353593 0.810084
vn -0.244987 -0.322683 0.914252
vn 0 -0.2914 0.956601
vn 0.249892 -0.259792 0.932771
vn 0.486813 -0.228006 0.843223
vn 0.49028 -0.195892 0.849266
vn 0.255309 -0.163506 0.952934
vn 0 -0.130998 0.991383
vn -0.257607 -0.0984027 0.961226
vn -0.498885 -0.0656981 0.864174
vn -0.706726 -0.0328012 0.706726
vn -0.86558 -0.0328992 0.499689
vn -0.963826 -0.0657018 0.258307
vn -0.995147 -0.0984046 0
vn -0.957599 -0.131 -0.2566
vn -0.854367 -0.163494 -0.493281
vn -0.688483 -0.227994 -0.688483
vn -0.693406 -0.195902 -0.693406
vn -0.836304 -0.259801 -0.482803
vn -0.924002 -0.291401 -0.247601
vn -0.946501 -0.3227 0
vn -0.903541 -0.353616 0.242011
vn -0.738231 -0.366615 0.566223
vn -0.566401 -0.366601 0.738101
vn -0.242105 -0.353607 0.903519
vn 0 -0.3227 0.946501
vn 0.247601 -0.291401 0.924002
vn 0.482803 -0.259801 0.836304
vn 0.688483 -0.227994 0.688483
vn 0.693406 -0.195902 0.693406
vn 0.493281 -0.163494 0.854367
vn 0.2566 -0.131 0.957599
vn 0 -0.0984046 0.995147
vn -0.258307 -0.0657018 0.963826
vn -0.49969 -0.0327994 0.865583
vn -0.707083 -0.0081998 0.707083
vn -0.86599 -0.00819991 0.499994
vn -0.965401 -0.0328 0.2587
vn -0.997839 -0.0657026 0
vn -0.961226 -0.0984027 -0.257607
vn -0.858568 -0.130995 -0.495682
vn -0.697592 -0.163498 -0.697592
vn -0.49028 -0.195892 -0.849266
vn -0.48689 -0.227995 -0.843182
vn -0.682825 -0.259809 -0.682825
vn -0.82846 -0.291386 -0.478277
vn -0.914252 -0.322683 -0.244987
vn -0.935397 -0.353599 0
vn -0.859406 -0.366702 0.356302
vn -0.356023 -0.366624 0.859555
vn 0 -0.353599 0.935397
vn 0.244987 -0.322683 0.914252
vn 0.478316 -0.29141 0.828428
vn 0.682825 -0.259809 0.682825
vn 0.849266 -0.195892 0.49028
vn 0.843182 -0.227995 0.48689
vn 0.697592 -0.163498 0.697592
vn 0.495682 -0.130995 0.858568
vn 0.257607 -0.0984027 0.961226
vn 0 -0.0657026 0.997839
vn -0.258699 -0.0328999 0.965397
vn -0.499994 -0.00819991 0.86599
vn -0.965896 -0.00819997 0.258799
vn -0.999462 -0.0327988 0
vn -0.963826 -0.0657018 -0.258307
vn -0.861805 -0.0984006 -0.497603
vn -0.701013 -0.131002 -0.701013
vn -0.493281 -0.163494 -0.854367
vn -0.253803 -0.195902 -0.94721
vn -0.251996 -0.227997 -0.940487
vn -0.482803 -0.259801 -0.836304
vn -0.676418 -0.291408 -0.676418
vn -0.819677 -0.322691 -0.473287
vn -0.903541 -0.353616 -0.242011
vn -0.922491 -0.366597 0.120899
vn -0.121403 -0.366608 0.922421
vn 0.242105 -0.353607 0.903519
vn 0.473209 -0.322706 0.819716
vn 0.676418 -0.291408 0.676418
vn 0.836304 -0.259801 0.482803
vn 0.94721 -0.195902 0.253803
vn 0.940463 -0.227991 0.25209
vn 0.854367 -0.163494 0.493281
vn 0.701004 -0.131101 0.701004
vn 0.497603 -0.0984006 0.861805
vn 0.258307 -0.0657018 0.963826
vn 0 -0.0327988 0.999462
vn -0.258799 -0.00819997 0.965896
vn -0.999966 -0.00819972 0
vn -0.965397 -0.0328999 -0.258699
vn -0.864174 -0.0656981 -0.498885
vn -0.703675 -0.0983966 -0.703675
vn -0.495682 -0.130995 -0.858568
vn -0.255309 -0.163506 -0.952934
vn 0 -0.195905 -0.980623
vn 0 -0.227991 -0.973663
vn -0.249892 -0.259792 -0.932771
vn -0.478316 -0.29141 -0.828428
vn -0.669225 -0.322712 -0.669325
vn -0.810012 -0.353605 -0.467807
vn -0.922491 -0.366597 -0.120899
vn 0.121403 -0.366608 0.922421
vn 0.467691 -0.353593 0.810084
vn 0.669225 -0.322712 0.669325
vn 0.82846 -0.291386 0.478277
vn 0.932771 -0.259792 0.249892
vn 0.980642 -0.195808 0
vn 0.973663 -0.227991 0
vn 0.952934 -0.163506 0.255309
vn 0.858568 -0.130995 0.495682
vn 0.703675 -0.0983966 0.703675
vn 0.498885 -0.0656981 0.864174
vn 0.258699 -0.0328999 0.965397
vn 0 -0.00819972 0.999966
vn -0.965896 -0.00819997 -0.258799
vn -0.86558 -0.0328992 -0.499689
vn -0.705579 -0.0656981 -0.705579
vn -0.497603 -0.0984006 -0.861805
vn -0.2566 -0.131 -0.957599
vn 0 -0.163507 -0.986542
vn 0.253803 -0.195902 -0.94721
vn 0.251996 -0.227997 -0.940487
vn 0 -0.259791 -0.965665
vn -0.247601 -0.291401 -0.924002
vn -0.473209 -0.322706 -0.819716
vn -0.661478 -0.353588 -0.661379
vn -0.859406 -0.366702 -0.356302
vn 0.356023 -0.366624 0.859555
vn 0.661478 -0.353588 0.661379
vn 0.819677 -0.322691 0.473287
vn 0.924002 -0.291401 0.247601
vn 0.965665 -0.259791 0
vn 0.947228 -0.195806 -0.253808
vn 0.940487 -0.227997 -0.251996
vn 0.986542 -0.163507 0
vn 0.957599 -0.131 0.2566
vn 0.861805 -0.0984006 0.497603
vn 0.705579 -0.0656981 0.705579
vn 0.49969 -0.0327994 0.865583
vn 0.258799 -0.00819997 0.965896
vn -0.86599 -0.00819991 -0.499994
vn -0.706726 -0.0328012 -0.706726
vn -0.498885 -0.0656981 -0.864174
vn -0.257607 -0.0984027 -0.961226
vn 0 -0.130998 -0.991383
vn 0.255309 -0.163506 -0.952934
vn 0.486813 -0.228006 -0.843223
vn 0.49028 -0.195892 -0.849266
vn 0.249892 -0.259792 -0.932771
vn 0 -0.2914 -0.956601
vn -0.244987 -0.322683 -0.914252
vn -0.467691 -0.353593 -0.810084
vn -0.738231 -0.366615 -0.566223
vn 0.566401 -0.366601 0.738101
vn 0.810157 -0.353581 0.467575
vn 0.914252 -0.322683 0.244987
vn 0.956601 -0.2914 0
vn 0.932771 -0.259792 -0.249892
vn 0.849282 -0.195796 -0.49029
vn 0.843182 -0.227995 -0.48689
vn 0.952934 -0.163506 -0.255309
vn 0.991383 -0.130998 0
vn 0.961226 -0.0984027 0.257607
vn 0.864174 -0.0656981 0.498885
vn 0.706726 -0.0328012 0.706726
vn 0.499994 -0.00819991 0.86599
vn -0.707082 -0.00829979 -0.707082
vn -0.49969 -0.0327994 -0.865583
vn -0.258307 -0.0657018 -0.963826
vn 0 -0.0984046 -0.995147
vn 0.2566 -0.131 -0.957599
vn 0.493281 -0.163494 -0.854367
vn 0.688483 -0.227994 -0.688483
vn 0.693406 -0.195902 -0.693406
vn 0.482803 -0.259801 -0.836304
vn 0.247601 -0.291401 -0.924002
vn 0 -0.3227 -0.946501
vn -0.242105 -0.353607 -0.903519
vn -0.56638 -0.366687 -0.738074
vn 0.738231 -0.366615 0.566223
vn 0.903541 -0.353616 0.242011
vn 0.946501 -0.3227 0
vn 0.924002 -0.291401 -0.247601
vn 0.836304 -0.259801 -0.482803
vn 0.854367 -0.163494 -0.493281
vn 0.957599 -0.131 -0.2566
vn 0.995147 -0.0984046 0
vn 0.963826 -0.0657018 0.258307
vn 0.865583 -0.0327994 0.49969
vn 0.707083 -0.0081998 0.707083
vn -0.499994 -0.00819991 -0.86599
vn -0.258699 -0.0328999 -0.965397
vn 0 -0.0657026 -0.997839
vn 0.257607 -0.0984027 -0.961226
vn 0.495682 -0.130995 -0.858568
vn 0.697592 -0.163498 -0.697592
vn 0.682825 -0.259809 -0.682825
vn 0.478316 -0.29141 -0.828428
vn 0.244987 -0.322683 -0.914252
vn 0 -0.353599 -0.935397
vn -0.35611 -0.36661 -0.859524
vn 0.859612 -0.366605 0.355905
vn 0.935397 -0.353599 0
vn 0.914252 -0.322683 -0.244987
vn 0.82846 -0.291386 -0.478277
vn 0.858568 -0.130995 -0.495682
vn 0.961226 -0.0984027 -0.257607
vn 0.997839 -0.0657026 0
vn 0.965397 -0.0328999 0.258699
vn 0.86599 -0.00819991 0.499994
vn -0.258799 -0.00819997 -0.965896
vn 0 -0.0327988 -0.999462
vn 0.258307 -0.0657018 -0.963826
vn 0.497603 -0.0984006 -0.861805
vn 0.701004 -0.131101 -0.701004
vn 0.676418 -0.291408 -0.676418
vn 0.473209 -0.322706 -0.819716
vn 0.242105 -0.353607 -0.903519
vn -0.121403 -0.366608 -0.922421
vn 0.922409 -0.366604 0.121501
vn 0.903541 -0.353616 -0.242011
vn 0.819677 -0.322691 -0.473287
vn 0.861805 -0.0984006 -0.497603
vn 0.963826 -0.0657018 -0.258307
vn 0.999462 -0.0327988 0
vn 0.965896 -0.00819997 0.258799
vn 0 -0.00819972 -0.999966
vn 0.258699 -0.0328999 -0.965397
vn 0.498885 -0.0656981 -0.864174
vn 0.703675 -0.0983966 -0.703675
vn 0.669225 -0.322712 -0.669325
vn 0.467691 -0.353593 -0.810084
vn 0.121403 -0.366608 -0.922421
vn 0.922409 -0.366604 -0.121501
vn 0.810157 -0.353581 -0.467575
vn 0.864174 -0.0656981 -0.498885
vn 0.965401 -0.0328 -0.2587
vn 0.999966 -0.00819972 0
vn 0.258799 -0.00819997 -0.965896
vn 0.49969 -0.0327994 -0.865583
vn 0.705579 -0.0656981 -0.705579
vn 0.661478 -0.353588 -0.661379
vn 0.35611 -0.36661 -0.859524
vn 0.859612 -0.366605 -0.355905
vn 0.865583 -0.0327994 -0.49969
vn 0.965896 -0.00819997 -0.258799
vn 0.499994 -0.00819991 -0.86599
vn 0.706726 -0.0328012 -0.706726
vn 0.566401 -0.366601 -0.738101
vn 0.738231 -0.366615 -0.566223
vn 0.86599 -0.00819991 -0.499994
vn 0.707083 -0.0081998 -0.707083
vn 0 1 0
vn 0 1 0
vn 0 1 0
vn 0 1 0
vn 0 1 0
vn 0 1 0
vn 0 1 0
vn 0 1 0
vn 0 1 0
vn 0 1 0
vn 0 1 0
vn 0 1 0
vn 0 1 0
vn 0 1 0
vn 0 1 0
vn 0 1 0
vn 0 1 0
vn 0 1 0
vn 0 1 0
vn 0 1 0
vn 0 1 0
vn 0 1 0
vn 0 1 0
vn 0 1 0
vn 0 -1 0
vn 0 -1 0
vn 0 -1 0
vn 0 -1 0
vn 0 1 0
vn 0 1 0
vn 0 1 0
vn 0 1 0
vn 1 0 0
vn 1 0 0
vn 1 0 0
vn 1 0 0
vn 1 0 0
vn 1 0 0
vn 1 0 0
vn 1 0 0
vn -1 0 0
vn -1 0 0
vn -1 0 0
vn -1 0 0
vn -1 0 0
vn -1 0 0
vn -1 0 0
vn -1 0 0
vn -1 0 0
vn -1 0 0
vn -1 0 0
vn -1 0 0
vn -1 0 0
vn -1 0 0
vn -1 0 0
vn -1 0 0
vn 1 0 0
vn 1 0 0
vn 1 0 0
vn 1 0 0
vn 1 0 0
vn 1 0 0
vn 1 0 0
vn 1 0 0
vn 0 0 -1
vn 0 0.138705 -0.990334
vn 0 0 -1
vn 0 0.138705 -0.990334
vn 0 -0.138705 0.990334
vn 0 0 1
vn 0 -0.138705 0.990334
vn 0 0 1
vn 0 0.274708 -0.961528
vn 0 0.274708 -0.961528
vn 0 0.274708 -0.961528
vn 0 -0.274708 0.961528
vn 0 -0.274708 0.961528
vn 0 -0.274708 0.961528
vn 0 -1 0
vn 0 -1 0
vn 0 -1 0
vn 0 -1 0
vn 0 -1 0
vn 0 1 0
vn 0 1 0
vn 0 1 0
vn 0 0 1
vn -0.258808 0 0.965929
vn -0.258808 0 0.965929
vn 0 0 1
vn 0.258808 0 0.965929
vn 0.258808 0 0.965929
vn -0.500011 0 0.866019
vn -0.500011 0 0.866019
vn 0.500011 0 0.866019
vn 0.500011 0 0.866019
vn -0.707107 0 0.707107
vn -0.707107 0 0.707107
vn 0.707107 0 0.707107
vn 0.707107 0 0.707107
vn -0.866019 0 0.500011
vn -0.866019 0 0.500011
vn 0.866019 0 0.500011
vn 0.866019 0 0.500011
vn -0.965929 0 0.258808
vn -0.965929 0 0.258808
vn 0.965929 0 0.258808
vn 0.965929 0 0.258808
vn -1 0 0
vn -1 0 0
vn 1 0 0
vn 1 0 0
vn -0.965929 0 -0.258808
vn -0.965929 0 -0.258808
vn 0.965929 0 -0.258808
vn 0.965929 0 -0.258808
vn -0.866019 0 -0.500011
vn -0.866019 0 -0.500011
vn 0.866019 0 -0.500011
vn 0.866019 0 -0.500011
vn -0.707107 0 -0.707107
vn -0.707107 0 -0.707107
vn 0.707107 0 -0.707107
vn 0.707107 0 -0.707107
vn -0.500011 0 -0.866019
vn -0.500011 0 -0.866019
vn 0.500011 0 -0.866019
vn 0.500011 0 -0.866019
vn -0.258808 0 -0.965929
vn -0.258808 0 -0.965929
vn 0.258808 0 -0.965929
vn 0.258808 0 -0.965929
vn 0 0 -1
vn 0 0 -1
vn 0 -1 0
vn 0 -1 0
vn 0 -1 0
vn 0 -1 0
vn 0 -1 0
vn 0 -1 0
vn 0 -1 0
vn 0 -1 0
vn 0 -1 0
vn 0 -1 0
vn 0 -1 0
vn 0 -1 0
vn 0 -1 0
vn 0 -1 0
vn 0 -1 0
vn 0 -1 0
vn 0 -1 0
vn 0 -1 0
vn 0 -1 0
vn 0 -1 0
vn 0 -1 0
vn 0 -1 0
vn 0 -1 0
vn 0 -1 0
vn 0 -1 0
vn 0 -1 0
vn 0 -1 0
vn 0 -1 0
vn 0 -1 0
vn 0 -1 0
vn 0 -1 0
vn 0 -1 0
vn 0 -1 0
vn 0 -1 0
vn 0 -1 0
vn 0 -1 0
vn 0 -1 0
vn 0 -1 0
vn 0 -1 0
vn 0 -1 0
vn 0 -1 0
vn 0 -1 0
vn 0 -1 0
vn 0 -1 0
vn 0 -1 0
vn 0 -1 0
vn 0 -1 0
vn 0 -1 0
vn -0.00289999 0.999996 0
vn -0.00279999 0.999996 0
vn -0.00289999 0.999996 0
vn 0.00859968 0.999963 0
vn -0.0083997 0.999965 0
vn -0.00849969 0.999964 0
vn -0.00849969 0.999964 0
vn 0 0 -1
vn 0 0 -1
vn 0 0 -1
vn 0 0 -1
vn 0 0 1
vn 0 0 1
vn 0 0 1
vn 0 0 1
vn -1 0 0
vn -1 0 0
vn -1 0 0
vn -1 0 0
vn 0 0 1
vn 0 0 1
vn 0 0 1
vn 0 0 1
vn 1 0 0
vn 1 0 0
vn 1 0 0
vn 1 0 0
vn 0 0 -1
vn 0 0 -1
vn 0 0 -1
vn 0 0 -1
vn 0.500011 0 0.866019
vn 0.258808 0 0.965929
vn 0.258808 0 0.965929
vn 0.500011 0 0.866019
vn 0 0 1
vn 0 0 1
vn 0.707107 0 0.707107
vn 0.707107 0 0.707107
vn -0.258808 0 0.965929
vn -0.258808 0 0.965929
vn 0.866019 0 0.500011
vn 0.866019 0 0.500011
vn -0.500011 0 0.866019
vn -0.500011 0 0.866019
vn 0.965929 0 0.258808
vn 0.965929 0 0.258808
vn -0.707107 0 0.707107
vn -0.707107 0 0.707107
vn 1 0 0
vn 1 0 0
vn -0.866019 0 0.500011
vn -0.866019 0 0.500011
vn 0.965929 0 -0.258808
vn 0.965929 0 -0.258808
vn -0.965929 0 0.258808
vn -0.965929 0 0.258808
vn 0.866019 0 -0.500011
vn 0.866019 0 -0.500011
vn -1 0 0
vn -1 0 0
vn 0.707107 0 -0.707107
vn 0.707107 0 -0.707107
vn -0.965929 0 -0.258808
vn -0.965929 0 -0.258808
vn 0.500011 0 -0.866019
vn 0.500011 0 -0.866019
vn -0.866019 0 -0.500011
vn -0.866019 0 -0.500011
vn 0.258808 0 -0.965929
vn 0.258808 0 -0.965929
vn -0.707107 0 -0.707107
vn -0.707107 0 -0.707107
vn 0 0 -1
vn 0 0 -1
vn -0.500011 0 -0.866019
vn -0.500011 0 -0.866019
vn -0.258808 0 -0.965929
vn -0.258808 0 -0.965929
usemtl auto_14.002
s off
f 145/145/145 146/146/146 147/147/147
f 146/146/146 145/145/145 148/148/148
f 146/146/146 148/148/148 149/149/149
f 150/150/150 151/151/151 152/152/152
f 151/151/151 150/150/150 153/153/153
f 151/151/151 153/153/153 154/154/154
f 154/154/154 153/153/153 155/155/155
f 155/155/155 153/153/153 156/156/156
f 157/157/157 152/152/152 151/151/151
f 158/158/158 159/159/159 160/160/160
f 161/161/161 162/162/162 163/163/163
f 162/162/162 161/161/161 164/164/164
f 165/165/165 166/166/166 167/167/167
f 167/167/167 166/166/166 168/168/168
f 169/169/169 159/159/159 158/158/158
f 170/170/170 171/171/171 172/172/172
f 171/171/171 170/170/170 173/173/173
f 174/174/174 172/172/172 175/175/175
f 172/172/172 174/174/174 170/170/170
f 176/176/176 177/177/177 178/178/178
f 177/177/177 176/176/176 179/179/179
f 179/179/179 176/176/176 180/180/180
f 181/181/181 180/180/180 176/176/176
f 180/180/180 181/181/181 182/182/182
f 183/183/183 184/184/184 185/185/185
f 184/184/184 183/183/183 186/186/186
f 187/187/187 188/188/188 189/189/189
f 188/188/188 187/187/187 190/190/190
f 191/191/191 192/192/192 193/193/193
f 192/192/192 191/191/191 194/194/194
f 195/195/195 189/189/189 196/196/196
f 189/189/189 195/195/195 187/187/187
f 197/197/197 198/198/198 199/199/199
f 198/198/198 197/197/197 200/200/200
f 198/198/198 200/200/200 201/201/201
f 201/201/201 200/200/200 202/202/202
f 201/201/201 202/202/202 203/203/203
f 203/203/203 202/202/202 204/204/204
f 203/203/203 204/204/204 205/205/205
f 205/205/205 204/204/204 206/206/206
f 205/205/205 206/206/206 207/207/207
f 207/207/207 206/206/206 208/208/208
f 208/208/208 206/206/206 209/209/209
f 209/209/209 206/206/206 210/210/210
f 209/209/209 210/210/210 211/211/211
f 211/211/211 210/210/210 212/212/212
f 212/212/212 210/210/210 213/213/213
f 213/213/213 210/210/210 214/214/214
f 214/214/214 210/210/210 215/215/215
f 215/215/215 210/210/210 216/216/216
f 215/215/215 216/216/216 217/217/217
f 217/217/217 216/216/216 218/218/218
f 218/218/218 216/216/216 219/219/219
f 219/219/219 216/216/216 220/220/220
f 220/220/220 216/216/216 221/221/221
f 221/221/221 216/216/216 222/222/222
f 207/207/207 223/223/223 148/148/148
f 223/223/223 207/207/207 208/208/208
f 148/148/148 223/223/223 224/224/224
f 148/148/148 224/224/224 225/225/225
f 148/148/148 225/225/225 226/226/226
f 148/148/148 226/226/226 227/227/227
f 148/148/148 227/227/227 228/228/228
f 148/148/148 228/228/228 229/229/229
f 148/148/148 229/229/229 230/230/230
f 230/230/230 229/229/229 231/231/231
f 230/230/230 231/231/231 232/232/232
f 230/230/230 232/232/232 233/233/233
f 230/230/230 233/233/233 234/234/234
f 230/230/230 234/234/234 222/222/222
f 230/230/230 222/222/222 216/216/216
f 230/230/230 216/216/216 235/235/235
f 230/230/230 235/235/235 236/236/236
f 236/236/236 235/235/235 237/237/237
f 236/236/236 237/237/237 238/238/238
f 238/238/238 237/237/237 239/239/239
f 238/238/238 239/239/239 240/240/240
f 240/240/240 239/239/239 241/241/241
f 240/240/240 241/241/241 242/242/242
f 242/242/242 241/241/241 243/243/243
f 244/244/244 245/245/245 246/246/246
f 194/194/194 247/247/247 192/192/192
f 247/247/247 194/194/194 248/248/248
f 249/249/249 196/196/196 250/250/250
f 196/196/196 249/249/249 195/195/195
f 251/251/251 252/252/252 253/253/253
f 252/252/252 251/251/251 254/254/254
f 255/255/255 254/254/254 251/251/251
f 254/254/254 255/255/255 256/256/256
f 257/257/257 258/258/258 243/243/243
f 259/259/259 260/260/260 261/261/261
f 260/260/260 259/259/259 262/262/262
f 262/262/262 259/259/259 263/263/263
f 264/264/264 263/263/263 259/259/259
f 263/263/263 264/264/264 265/265/265
f 266/266/266 265/265/265 264/264/264
f 265/265/265 266/266/266 267/267/267
f 248/248/248 266/266/266 247/247/247
f 266/266/266 248/248/248 267/267/267
f 249/249/249 268/268/268 269/269/269
f 268/268/268 249/249/249 250/250/250
f 269/269/269 270/270/270 271/271/271
f 270/270/270 269/269/269 268/268/268
f 271/271/271 272/272/272 273/273/273
f 272/272/272 271/271/271 270/270/270
f 274/274/274 275/275/275 276/276/276
f 275/275/275 274/274/274 277/277/277
f 276/276/276 278/278/278 279/279/279
f 278/278/278 276/276/276 275/275/275
f 279/279/279 280/280/280 281/281/281
f 280/280/280 279/279/279 278/278/278
f 282/282/282 280/280/280 283/283/283
f 280/280/280 282/282/282 281/281/281
f 284/284/284 283/283/283 285/285/285
f 283/283/283 284/284/284 282/282/282
f 286/286/286 285/285/285 287/287/287
f 285/285/285 286/286/286 284/284/284
f 288/288/288 289/289/289 290/290/290
f 289/289/289 288/288/288 291/291/291
f 292/292/292 290/290/290 293/293/293
f 290/290/290 292/292/292 288/288/288
f 294/294/294 293/293/293 295/295/295
f 293/293/293 294/294/294 292/292/292
f 253/253/253 294/294/294 295/295/295
f 294/294/294 253/253/253 252/252/252
f 296/296/296 297/297/297 298/298/298
f 297/297/297 296/296/296 299/299/299
f 298/298/298 300/300/300 301/301/301
f 300/300/300 298/298/298 297/297/297
f 302/302/302 303/303/303 304/304/304
f 303/303/303 302/302/302 305/305/305
f 304/304/304 306/306/306 307/307/307
f 306/306/306 304/304/304 303/303/303
f 308/308/308 309/309/309 310/310/310
f 309/309/309 308/308/308 311/311/311
f 311/311/311 312/312/312 309/309/309
f 312/312/312 311/311/311 313/313/313
f 314/314/314 315/315/315 316/316/316
f 315/315/315 314/314/314 317/317/317
f 317/317/317 314/314/314 318/318/318
f 319/319/319 320/320/320 321/321/321
f 320/320/320 319/319/319 322/322/322
f 323/323/323 324/324/324 325/325/325
f 324/324/324 323/323/323 321/321/321
f 324/324/324 321/321/321 320/320/320
f 325/325/325 324/324/324 326/326/326
f 327/327/327 328/328/328 329/329/329
f 328/328/328 327/327/327 330/330/330
f 331/331/331 332/332/332 333/333/333
f 332/332/332 331/331/331 334/334/334
f 332/332/332 334/334/334 335/335/335
f 333/333/333 336/336/336 337/337/337
f 336/336/336 333/333/333 332/332/332
f 337/337/337 336/336/336 338/338/338
f 339/339/339 340/340/340 341/341/341
f 342/342/342 343/343/343 344/344/344
f 343/343/343 342/342/342 345/345/345
f 343/343/343 345/345/345 346/346/346
f 346/346/346 345/345/345 340/340/340
f 346/346/346 340/340/340 339/339/339
f 347/347/347 210/210/210 348/348/348
f 210/210/210 347/347/347 349/349/349
f 210/210/210 349/349/349 350/350/350
f 351/351/351 352/352/352 353/353/353
f 352/352/352 351/351/351 354/354/354
f 354/354/354 351/351/351 355/355/355
f 356/356/356 357/357/357 358/358/358
f 359/359/359 360/360/360 361/361/361
f 362/362/362 356/356/356 363/363/363
f 364/364/364 365/365/365 366/366/366
f 366/366/366 365/365/365 367/367/367
f 368/368/368 369/369/369 370/370/370
f 371/371/371 316/316/316 372/372/372
f 316/316/316 371/371/371 314/314/314
f 373/373/373 374/374/374 375/375/375
f 374/374/374 373/373/373 376/376/376
f 377/377/377 355/355/355 351/351/351
f 355/355/355 377/377/377 378/378/378
f 379/379/379 380/380/380 381/381/381
f 380/380/380 379/379/379 382/382/382
f 383/383/383 384/384/384 385/385/385
f 384/384/384 383/383/383 386/386/386
f 385/385/385 387/387/387 383/383/383
f 387/387/387 385/385/385 388/388/388
f 389/389/389 386/386/386 383/383/383
f 386/386/386 389/389/389 390/390/390
f 386/386/386 391/391/391 384/384/384
f 391/391/391 386/386/386 392/392/392
f 385/385/385 393/393/393 394/394/394
f 393/393/393 385/385/385 384/384/384
f 394/394/394 388/388/388 385/385/385
f 388/388/388 394/394/394 395/395/395
f 388/388/388 396/396/396 387/387/387
f 396/396/396 388/388/388 397/397/397
f 383/383/383 398/398/398 389/389/389
f 398/398/398 383/383/383 387/387/387
f 399/399/399 390/390/390 389/389/389
f 390/390/390 399/399/399 400/400/400
f 390/390/390 392/392/392 386/386/386
f 392/392/392 390/390/390 401/401/401
f 392/392/392 402/402/402 391/391/391
f 402/402/402 392/392/392 403/403/403
f 384/384/384 404/404/404 393/393/393
f 404/404/404 384/384/384 391/391/391
f 394/394/394 405/405/405 406/406/406
f 405/405/405 394/394/394 393/393/393
f 406/406/406 395/395/395 394/394/394
f 395/395/395 406/406/406 407/407/407
f 395/395/395 397/397/397 388/388/388
f 397/397/397 395/395/395 408/408/408
f 397/397/397 409/409/409 396/396/396
f 409/409/409 397/397/397 410/410/410
f 387/387/387 411/411/411 398/398/398
f 411/411/411 387/387/387 396/396/396
f 389/389/389 412/412/412 399/399/399
f 412/412/412 389/389/389 398/398/398
f 413/413/413 400/400/400 399/399/399
f 400/400/400 413/413/413 414/414/414
f 400/400/400 401/401/401 390/390/390
f 401/401/401 400/400/400 415/415/415
f 401/401/401 403/403/403 392/392/392
f 403/403/403 401/401/401 416/416/416
f 403/403/403 417/417/417 402/402/402
f 417/417/417 403/403/403 418/418/418
f 391/391/391 419/419/419 404/404/404
f 419/419/419 391/391/391 402/402/402
f 393/393/393 420/420/420 405/405/405
f 420/420/420 393/393/393 404/404/404
f 406/406/406 421/421/421 422/422/422
f 421/421/421 406/406/406 405/405/405
f 422/422/422 407/407/407 406/406/406
f 407/407/407 422/422/422 423/423/423
f 407/407/407 408/408/408 395/395/395
f 408/408/408 407/407/407 424/424/424
f 408/408/408 410/410/410 397/397/397
f 410/410/410 408/408/408 425/425/425
f 426/426/426 409/409/409 410/410/410
f 409/409/409 426/426/426 427/427/427
f 396/396/396 428/428/428 411/411/411
f 428/428/428 396/396/396 409/409/409
f 398/398/398 429/429/429 412/412/412
f 429/429/429 398/398/398 411/411/411
f 399/399/399 430/430/430 413/413/413
f 430/430/430 399/399/399 412/412/412
f 431/431/431 414/414/414 413/413/413
f 414/414/414 431/431/431 432/432/432
f 414/414/414 415/415/415 400/400/400
f 415/415/415 414/414/414 433/433/433
f 415/415/415 416/416/416 401/401/401
f 416/416/416 415/415/415 434/434/434
f 416/416/416 418/418/418 403/403/403
f 418/418/418 416/416/416 435/435/435
f 418/418/418 436/436/436 417/417/417
f 436/436/436 418/418/418 437/437/437
f 402/402/402 438/438/438 419/419/419
f 438/438/438 402/402/402 417/417/417
f 404/404/404 439/439/439 420/420/420
f 439/439/439 404/404/404 419/419/419
f 405/405/405 440/440/440 421/421/421
f 440/440/440 405/405/405 420/420/420
f 422/422/422 441/441/441 442/442/442
f 441/441/441 422/422/422 421/421/421
f 442/442/442 423/423/423 422/422/422
f 423/423/423 442/442/442 443/443/443
f 423/423/423 424/424/424 407/407/407
f 424/424/424 423/423/423 444/444/444
f 424/424/424 425/425/425 408/408/408
f 425/425/425 424/424/424 445/445/445
f 446/446/446 410/410/410 425/425/425
f 410/410/410 446/446/446 426/426/426
f 447/447/447 427/427/427 426/426/426
f 427/427/427 447/447/447 448/448/448
f 427/427/427 428/428/428 409/409/409
f 428/428/428 427/427/427 449/449/449
f 411/411/411 450/450/450 429/429/429
f 450/450/450 411/411/411 428/428/428
f 412/412/412 451/451/451 430/430/430
f 451/451/451 412/412/412 429/429/429
f 413/413/413 452/452/452 431/431/431
f 452/452/452 413/413/413 430/430/430
f 453/453/453 432/432/432 431/431/431
f 432/432/432 453/453/453 454/454/454
f 432/432/432 433/433/433 414/414/414
f 433/433/433 432/432/432 455/455/455
f 433/433/433 434/434/434 415/415/415
f 434/434/434 433/433/433 456/456/456
f 434/434/434 435/435/435 416/416/416
f 435/435/435 434/434/434 457/457/457
f 435/435/435 437/437/437 418/418/418
f 437/437/437 435/435/435 458/458/458
f 437/437/437 459/459/459 436/436/436
f 459/459/459 437/437/437 460/460/460
f 417/417/417 461/461/461 438/438/438
f 461/461/461 417/417/417 436/436/436
f 419/419/419 462/462/462 439/439/439
f 462/462/462 419/419/419 438/438/438
f 420/420/420 463/463/463 440/440/440
f 463/463/463 420/420/420 439/439/439
f 421/421/421 464/464/464 441/441/441
f 464/464/464 421/421/421 440/440/440
f 441/441/441 465/465/465 442/442/442
f 466/466/466 443/443/443 442/442/442
f 443/443/443 444/444/444 423/423/423
f 444/444/444 443/443/443 467/467/467
f 444/444/444 445/445/445 424/424/424
f 445/445/445 444/444/444 468/468/468
f 469/469/469 425/425/425 445/445/445
f 425/425/425 469/469/469 446/446/446
f 470/470/470 426/426/426 446/446/446
f 426/426/426 470/470/470 447/447/447
f 471/471/471 448/448/448 447/447/447
f 448/448/448 471/471/471 472/472/472
f 448/448/448 449/449/449 427/427/427
f 449/449/449 448/448/448 473/473/473
f 449/449/449 450/450/450 428/428/428
f 450/450/450 449/449/449 474/474/474
f 429/429/429 475/475/475 451/451/451
f 475/475/475 429/429/429 450/450/450
f 430/430/430 476/476/476 452/452/452
f 476/476/476 430/430/430 451/451/451
f 431/431/431 477/477/477 453/453/453
f 477/477/477 431/431/431 452/452/452
f 478/478/478 454/454/454 453/453/453
f 454/454/454 478/478/478 479/479/479
f 454/454/454 455/455/455 432/432/432
f 455/455/455 454/454/454 480/480/480
f 455/455/455 456/456/456 433/433/433
f 456/456/456 455/455/455 481/481/481
f 456/456/456 457/457/457 434/434/434
f 457/457/457 456/456/456 482/482/482
f 457/457/457 458/458/458 435/435/435
f 458/458/458 457/457/457 483/483/483
f 458/458/458 460/460/460 437/437/437
f 460/460/460 458/458/458 484/484/484
f 485/485/485 459/459/459 460/460/460
f 459/459/459 485/485/485 486/486/486
f 436/436/436 487/487/487 461/461/461
f 487/487/487 436/436/436 459/459/459
f 438/438/438 488/488/488 462/462/462
f 488/488/488 438/438/438 461/461/461
f 439/439/439 489/489/489 463/463/463
f 489/489/489 439/439/439 462/462/462
f 440/440/440 490/490/490 464/464/464
f 490/490/490 440/440/440 463/463/463
f 464/464/464 491/491/491 441/441/441
f 492/492/492 467/467/467 443/443/443
f 467/467/467 468/468/468 444/444/444
f 468/468/468 467/467/467 493/493/493
f 494/494/494 445/445/445 468/468/468
f 445/445/445 494/494/494 469/469/469
f 495/495/495 446/446/446 469/469/469
f 446/446/446 495/495/495 470/470/470
f 496/496/496 447/447/447 470/470/470
f 447/447/447 496/496/496 471/471/471
f 497/497/497 471/471/471 498/498/498
f 471/471/471 497/497/497 472/472/472
f 472/472/472 473/473/473 448/448/448
f 473/473/473 472/472/472 499/499/499
f 473/473/473 474/474/474 449/449/449
f 474/474/474 473/473/473 500/500/500
f 474/474/474 475/475/475 450/450/450
f 475/475/475 474/474/474 501/501/501
f 451/451/451 502/502/502 476/476/476
f 502/502/502 451/451/451 475/475/475
f 452/452/452 503/503/503 477/477/477
f 503/503/503 452/452/452 476/476/476
f 453/453/453 504/504/504 478/478/478
f 504/504/504 453/453/453 477/477/477
f 479/479/479 480/480/480 454/454/454
f 480/480/480 479/479/479 505/505/505
f 480/480/480 481/481/481 455/455/455
f 481/481/481 480/480/480 506/506/506
f 481/481/481 482/482/482 456/456/456
f 482/482/482 481/481/481 507/507/507
f 482/482/482 483/483/483 457/457/457
f 483/483/483 482/482/482 508/508/508
f 483/483/483 484/484/484 458/458/458
f 484/484/484 483/483/483 509/509/509
f 510/510/510 460/460/460 484/484/484
f 460/460/460 510/510/510 485/485/485
f 511/511/511 486/486/486 485/485/485
f 486/486/486 511/511/511 512/512/512
f 486/486/486 487/487/487 459/459/459
f 487/487/487 486/486/486 513/513/513
f 461/461/461 514/514/514 488/488/488
f 514/514/514 461/461/461 487/487/487
f 462/462/462 515/515/515 489/489/489
f 515/515/515 462/462/462 488/488/488
f 463/463/463 516/516/516 490/490/490
f 516/516/516 463/463/463 489/489/489
f 490/490/490 517/517/517 464/464/464
f 493/493/493 467/467/467 518/518/518
f 519/519/519 468/468/468 493/493/493
f 468/468/468 519/519/519 494/494/494
f 520/520/520 469/469/469 494/494/494
f 469/469/469 520/520/520 495/495/495
f 521/521/521 470/470/470 495/495/495
f 470/470/470 521/521/521 496/496/496
f 498/498/498 496/496/496 522/522/522
f 496/496/496 498/498/498 471/471/471
f 523/523/523 498/498/498 524/524/524
f 498/498/498 523/523/523 497/497/497
f 525/525/525 472/472/472 497/497/497
f 472/472/472 525/525/525 499/499/499
f 499/499/499 500/500/500 473/473/473
f 500/500/500 499/499/499 526/526/526
f 500/500/500 501/501/501 474/474/474
f 501/501/501 500/500/500 527/527/527
f 501/501/501 502/502/502 475/475/475
f 502/502/502 501/501/501 528/528/528
f 476/476/476 529/529/529 503/503/503
f 529/529/529 476/476/476 502/502/502
f 477/477/477 530/530/530 504/504/504
f 530/530/530 477/477/477 503/503/503
f 505/505/505 506/506/506 480/480/480
f 506/506/506 505/505/505 531/531/531
f 506/506/506 507/507/507 481/481/481
f 507/507/507 506/506/506 532/532/532
f 507/507/507 508/508/508 482/482/482
f 508/508/508 507/507/507 533/533/533
f 508/508/508 509/509/509 483/483/483
f 509/509/509 508/508/508 534/534/534
f 535/535/535 484/484/484 509/509/509
f 484/484/484 535/535/535 510/510/510
f 536/536/536 485/485/485 510/510/510
f 485/485/485 536/536/536 511/511/511
f 537/537/537 512/512/512 511/511/511
f 512/512/512 537/537/537 538/538/538
f 512/512/512 513/513/513 486/486/486
f 513/513/513 512/512/512 539/539/539
f 513/513/513 514/514/514 487/487/487
f 514/514/514 513/513/513 540/540/540
f 488/488/488 541/541/541 515/515/515
f 541/541/541 488/488/488 514/514/514
f 489/489/489 542/542/542 516/516/516
f 542/542/542 489/489/489 515/515/515
f 516/516/516 543/543/543 490/490/490
f 519/519/519 493/493/493 544/544/544
f 545/545/545 494/494/494 519/519/519
f 494/494/494 545/545/545 520/520/520
f 546/546/546 495/495/495 520/520/520
f 495/495/495 546/546/546 521/521/521
f 522/522/522 521/521/521 547/547/547
f 521/521/521 522/522/522 496/496/496
f 524/524/524 522/522/522 548/548/548
f 522/522/522 524/524/524 498/498/498
f 549/549/549 524/524/524 550/550/550
f 524/524/524 549/549/549 523/523/523
f 551/551/551 497/497/497 523/523/523
f 497/497/497 551/551/551 525/525/525
f 552/552/552 499/499/499 525/525/525
f 499/499/499 552/552/552 526/526/526
f 526/526/526 527/527/527 500/500/500
f 527/527/527 526/526/526 553/553/553
f 527/527/527 528/528/528 501/501/501
f 528/528/528 527/527/527 554/554/554
f 528/528/528 529/529/529 502/502/502
f 529/529/529 528/528/528 555/555/555
f 503/503/503 556/556/556 530/530/530
f 556/556/556 503/503/503 529/529/529
f 531/531/531 532/532/532 506/506/506
f 532/532/532 531/531/531 557/557/557
f 532/532/532 533/533/533 507/507/507
f 533/533/533 532/532/532 558/558/558
f 533/533/533 534/534/534 508/508/508
f 534/534/534 533/533/533 559/559/559
f 560/560/560 509/509/509 534/534/534
f 509/509/509 560/560/560 535/535/535
f 561/561/561 510/510/510 535/535/535
f 510/510/510 561/561/561 536/536/536
f 562/562/562 511/511/511 536/536/536
f 511/511/511 562/562/562 537/537/537
f 563/563/563 538/538/538 537/537/537
f 538/538/538 563/563/563 564/564/564
f 538/538/538 539/539/539 512/512/512
f 539/539/539 538/538/538 565/565/565
f 539/539/539 540/540/540 513/513/513
f 540/540/540 539/539/539 566/566/566
f 540/540/540 541/541/541 514/514/514
f 541/541/541 540/540/540 567/567/567
f 515/515/515 568/568/568 542/542/542
f 568/568/568 515/515/515 541/541/541
f 542/542/542 569/569/569 516/516/516
f 545/545/545 519/519/519 570/570/570
f 571/571/571 520/520/520 545/545/545
f 520/520/520 571/571/571 546/546/546
f 547/547/547 546/546/546 572/572/572
f 546/546/546 547/547/547 521/521/521
f 548/548/548 547/547/547 573/573/573
f 547/547/547 548/548/548 522/522/522
f 550/550/550 548/548/548 574/574/574
f 548/548/548 550/550/550 524/524/524
f 575/575/575 550/550/550 576/576/576
f 550/550/550 575/575/575 549/549/549
f 577/577/577 523/523/523 549/549/549
f 523/523/523 577/577/577 551/551/551
f 578/578/578 525/525/525 551/551/551
f 525/525/525 578/578/578 552/552/552
f 579/579/579 526/526/526 552/552/552
f 526/526/526 579/579/579 553/553/553
f 553/553/553 554/554/554 527/527/527
f 554/554/554 553/553/553 580/580/580
f 554/554/554 555/555/555 528/528/528
f 555/555/555 554/554/554 581/581/581
f 555/555/555 556/556/556 529/529/529
f 556/556/556 555/555/555 582/582/582
f 557/557/557 558/558/558 532/532/532
f 558/558/558 557/557/557 583/583/583
f 558/558/558 559/559/559 533/533/533
f 559/559/559 558/558/558 584/584/584
f 585/585/585 534/534/534 559/559/559
f 534/534/534 585/585/585 560/560/560
f 586/586/586 535/535/535 560/560/560
f 535/535/535 586/586/586 561/561/561
f 587/587/587 536/536/536 561/561/561
f 536/536/536 587/587/587 562/562/562
f 588/588/588 537/537/537 562/562/562
f 537/537/537 588/588/588 563/563/563
f 563/563/563 589/589/589 564/564/564
f 589/589/589 563/563/563 590/590/590
f 564/564/564 565/565/565 538/538/538
f 565/565/565 564/564/564 591/591/591
f 565/565/565 566/566/566 539/539/539
f 566/566/566 565/565/565 592/592/592
f 566/566/566 567/567/567 540/540/540
f 567/567/567 566/566/566 593/593/593
f 567/567/567 568/568/568 541/541/541
f 568/568/568 567/567/567 594/594/594
f 568/568/568 595/595/595 542/542/542
f 571/571/571 545/545/545 596/596/596
f 572/572/572 571/571/571 597/597/597
f 571/571/571 572/572/572 546/546/546
f 573/573/573 572/572/572 598/598/598
f 572/572/572 573/573/573 547/547/547
f 574/574/574 573/573/573 599/599/599
f 573/573/573 574/574/574 548/548/548
f 576/576/576 574/574/574 600/600/600
f 574/574/574 576/576/576 550/550/550
f 601/601/601 576/576/576 602/602/602
f 576/576/576 601/601/601 575/575/575
f 603/603/603 549/549/549 575/575/575
f 549/549/549 603/603/603 577/577/577
f 604/604/604 551/551/551 577/577/577
f 551/551/551 604/604/604 578/578/578
f 605/605/605 552/552/552 578/578/578
f 552/552/552 605/605/605 579/579/579
f 606/606/606 553/553/553 579/579/579
f 553/553/553 606/606/606 580/580/580
f 580/580/580 581/581/581 554/554/554
f 581/581/581 580/580/580 607/607/607
f 581/581/581 582/582/582 555/555/555
f 582/582/582 581/581/581 608/608/608
f 583/583/583 584/584/584 558/558/558
f 584/584/584 583/583/583 609/609/609
f 610/610/610 559/559/559 584/584/584
f 559/559/559 610/610/610 585/585/585
f 611/611/611 560/560/560 585/585/585
f 560/560/560 611/611/611 586/586/586
f 612/612/612 561/561/561 586/586/586
f 561/561/561 612/612/612 587/587/587
f 613/613/613 562/562/562 587/587/587
f 562/562/562 613/613/613 588/588/588
f 588/588/588 590/590/590 563/563/563
f 590/590/590 588/588/588 614/614/614
f 590/590/590 615/615/615 589/589/589
f 615/615/615 590/590/590 616/616/616
f 564/564/564 617/617/617 591/591/591
f 617/617/617 564/564/564 589/589/589
f 591/591/591 592/592/592 565/565/565
f 592/592/592 591/591/591 618/618/618
f 592/592/592 593/593/593 566/566/566
f 593/593/593 592/592/592 619/619/619
f 593/593/593 594/594/594 567/567/567
f 594/594/594 593/593/593 620/620/620
f 621/621/621 568/568/568 594/594/594
f 571/571/571 622/622/622 597/597/597
f 598/598/598 597/597/597 623/623/623
f 597/597/597 598/598/598 572/572/572
f 599/599/599 598/598/598 624/624/624
f 598/598/598 599/599/599 573/573/573
f 600/600/600 599/599/599 625/625/625
f 599/599/599 600/600/600 574/574/574
f 602/602/602 600/600/600 626/626/626
f 600/600/600 602/602/602 576/576/576
f 616/616/616 602/602/602 615/615/615
f 602/602/602 616/616/616 601/601/601
f 627/627/627 575/575/575 601/601/601
f 575/575/575 627/627/627 603/603/603
f 628/628/628 577/577/577 603/603/603
f 577/577/577 628/628/628 604/604/604
f 629/629/629 578/578/578 604/604/604
f 578/578/578 629/629/629 605/605/605
f 630/630/630 579/579/579 605/605/605
f 579/579/579 630/630/630 606/606/606
f 631/631/631 580/580/580 606/606/606
f 580/580/580 631/631/631 607/607/607
f 607/607/607 608/608/608 581/581/581
f 608/608/608 607/607/607 632/632/632
f 633/633/633 584/584/584 609/609/609
f 584/584/584 633/633/633 610/610/610
f 634/634/634 585/585/585 610/610/610
f 585/585/585 634/634/634 611/611/611
f 635/635/635 586/586/586 611/611/611
f 586/586/586 635/635/635 612/612/612
f 636/636/636 587/587/587 612/612/612
f 587/587/587 636/636/636 613/613/613
f 613/613/613 614/614/614 588/588/588
f 614/614/614 613/613/613 637/637/637
f 614/614/614 616/616/616 590/590/590
f 616/616/616 614/614/614 638/638/638
f 589/589/589 639/639/639 617/617/617
f 639/639/639 589/589/589 615/615/615
f 591/591/591 640/640/640 618/618/618
f 640/640/640 591/591/591 617/617/617
f 618/618/618 619/619/619 592/592/592
f 619/619/619 618/618/618 641/641/641
f 619/619/619 620/620/620 593/593/593
f 620/620/620 619/619/619 642/642/642
f 643/643/643 594/594/594 620/620/620
f 597/597/597 644/644/644 623/623/623
f 624/624/624 623/623/623 645/645/645
f 623/623/623 624/624/624 598/598/598
f 625/625/625 624/624/624 646/646/646
f 624/624/624 625/625/625 599/599/599
f 626/626/626 625/625/625 647/647/647
f 625/625/625 626/626/626 600/600/600
f 615/615/615 626/626/626 639/639/639
f 626/626/626 615/615/615 602/602/602
f 638/638/638 601/601/601 616/616/616
f 601/601/601 638/638/638 627/627/627
f 648/648/648 603/603/603 627/627/627
f 603/603/603 648/648/648 628/628/628
f 649/649/649 604/604/604 628/628/628
f 604/604/604 649/649/649 629/629/629
f 650/650/650 605/605/605 629/629/629
f 605/605/605 650/650/650 630/630/630
f 651/651/651 606/606/606 630/630/630
f 606/606/606 651/651/651 631/631/631
f 652/652/652 607/607/607 631/631/631
f 607/607/607 652/652/652 632/632/632
f 653/653/653 610/610/610 633/633/633
f 610/610/610 653/653/653 634/634/634
f 654/654/654 611/611/611 634/634/634
f 611/611/611 654/654/654 635/635/635
f 655/655/655 612/612/612 635/635/635
f 612/612/612 655/655/655 636/636/636
f 636/636/636 637/637/637 613/613/613
f 637/637/637 636/636/636 656/656/656
f 637/637/637 638/638/638 614/614/614
f 638/638/638 637/637/637 657/657/657
f 617/617/617 658/658/658 640/640/640
f 658/658/658 617/617/617 639/639/639
f 618/618/618 659/659/659 641/641/641
f 659/659/659 618/618/618 640/640/640
f 641/641/641 642/642/642 619/619/619
f 642/642/642 641/641/641 660/660/660
f 661/661/661 620/620/620 642/642/642
f 623/623/623 662/662/662 645/645/645
f 646/646/646 645/645/645 663/663/663
f 645/645/645 646/646/646 624/624/624
f 647/647/647 646/646/646 664/664/664
f 646/646/646 647/647/647 625/625/625
f 639/639/639 647/647/647 658/658/658
f 647/647/647 639/639/639 626/626/626
f 657/657/657 627/627/627 638/638/638
f 627/627/627 657/657/657 648/648/648
f 665/665/665 628/628/628 648/648/648
f 628/628/628 665/665/665 649/649/649
f 666/666/666 629/629/629 649/649/649
f 629/629/629 666/666/666 650/650/650
f 667/667/667 630/630/630 650/650/650
f 630/630/630 667/667/667 651/651/651
f 668/668/668 631/631/631 651/651/651
f 631/631/631 668/668/668 652/652/652
f 669/669/669 634/634/634 653/653/653
f 634/634/634 669/669/669 654/654/654
f 670/670/670 635/635/635 654/654/654
f 635/635/635 670/670/670 655/655/655
f 655/655/655 656/656/656 636/636/636
f 656/656/656 655/655/655 671/671/671
f 656/656/656 657/657/657 637/637/637
f 657/657/657 656/656/656 672/672/672
f 640/640/640 673/673/673 659/659/659
f 673/673/673 640/640/640 658/658/658
f 641/641/641 674/674/674 660/660/660
f 674/674/674 641/641/641 659/659/659
f 660/660/660 675/675/675 642/642/642
f 645/645/645 676/676/676 663/663/663
f 664/664/664 663/663/663 677/677/677
f 663/663/663 664/664/664 646/646/646
f 658/658/658 664/664/664 673/673/673
f 664/664/664 658/658/658 647/647/647
f 672/672/672 648/648/648 657/657/657
f 648/648/648 672/672/672 665/665/665
f 678/678/678 649/649/649 665/665/665
f 649/649/649 678/678/678 666/666/666
f 679/679/679 650/650/650 666/666/666
f 650/650/650 679/679/679 667/667/667
f 680/680/680 651/651/651 667/667/667
f 651/651/651 680/680/680 668/668/668
f 681/681/681 654/654/654 669/669/669
f 654/654/654 681/681/681 670/670/670
f 670/670/670 671/671/671 655/655/655
f 671/671/671 670/670/670 682/682/682
f 671/671/671 672/672/672 656/656/656
f 672/672/672 671/671/671 683/683/683
f 659/659/659 684/684/684 674/674/674
f 684/684/684 659/659/659 673/673/673
f 674/674/674 685/685/685 660/660/660
f 663/663/663 686/686/686 677/677/677
f 673/673/673 677/677/677 684/684/684
f 677/677/677 673/673/673 664/664/664
f 683/683/683 665/665/665 672/672/672
f 665/665/665 683/683/683 678/678/678
f 687/687/687 666/666/666 678/678/678
f 666/666/666 687/687/687 679/679/679
f 688/688/688 667/667/667 679/679/679
f 667/667/667 688/688/688 680/680/680
f 681/681/681 682/682/682 670/670/670
f 682/682/682 681/681/681 689/689/689
f 682/682/682 683/683/683 671/671/671
f 683/683/683 682/682/682 690/690/690
f 684/684/684 691/691/691 674/674/674
f 677/677/677 692/692/692 684/684/684
f 690/690/690 678/678/678 683/683/683
f 678/678/678 690/690/690 687/687/687
f 693/693/693 679/679/679 687/687/687
f 679/679/679 693/693/693 688/688/688
f 689/689/689 690/690/690 682/682/682
f 690/690/690 689/689/689 694/694/694
f 694/694/694 687/687/687 690/690/690
f 687/687/687 694/694/694 693/693/693
f 695/695/695 696/696/696 697/697/697
f 696/696/696 695/695/695 698/698/698
f 696/696/696 698/698/698 699/699/699
f 699/699/699 698/698/698 700/700/700
f 699/699/699 700/700/700 701/701/701
f 701/701/701 700/700/700 702/702/702
f 701/701/701 702/702/702 703/703/703
f 703/703/703 702/702/702 704/704/704
f 703/703/703 704/704/704 705/705/705
f 705/705/705 704/704/704 706/706/706
f 705/705/705 706/706/706 707/707/707
f 707/707/707 706/706/706 708/708/708
f 707/707/707 708/708/708 709/709/709
f 709/709/709 708/708/708 710/710/710
f 709/709/709 710/710/710 711/711/711
f 711/711/711 710/710/710 712/712/712
f 711/711/711 712/712/712 713/713/713
f 713/713/713 712/712/712 714/714/714
f 713/713/713 714/714/714 715/715/715
f 715/715/715 714/714/714 716/716/716
f 715/715/715 716/716/716 717/717/717
f 717/717/717 716/716/716 718/718/718
f 719/719/719 720/720/720 721/721/721
f 720/720/720 719/719/719 722/722/722
f 723/723/723 724/724/724 725/725/725
f 726/726/726 725/725/725 724/724/724
f 727/727/727 728/728/728 729/729/729
f 728/728/728 727/727/727 730/730/730
f 728/728/728 730/730/730 731/731/731
f 729/729/729 732/732/732 733/733/733
f 732/732/732 729/729/729 728/728/728
f 733/733/733 732/732/732 734/734/734
f 735/735/735 736/736/736 737/737/737
f 738/738/738 739/739/739 736/736/736
f 737/737/737 736/736/736 739/739/739
f 740/740/740 741/741/741 738/738/738
f 741/741/741 742/742/742 738/738/738
f 739/739/739 738/738/738 742/742/742
f 743/743/743 744/744/744 745/745/745
f 744/744/744 743/743/743 746/746/746
f 747/747/747 748/748/748 749/749/749
f 748/748/748 747/747/747 745/745/745
f 748/748/748 745/745/745 744/744/744
f 749/749/749 748/748/748 750/750/750
f 751/751/751 752/752/752 753/753/753
f 754/754/754 755/755/755 752/752/752
f 755/755/755 756/756/756 752/752/752
f 753/753/753 752/752/752 756/756/756
f 757/757/757 758/758/758 754/754/754
f 755/755/755 754/754/754 758/758/758
f 759/759/759 760/760/760 761/761/761
f 760/760/760 759/759/759 762/762/762
f 763/763/763 764/764/764 765/765/765
f 766/766/766 765/765/765 764/764/764
f 762/762/762 767/767/767 760/760/760
f 767/767/767 762/762/762 768/768/768
f 768/768/768 762/762/762 769/769/769
f 770/770/770 763/763/763 771/771/771
f 771/771/771 763/763/763 772/772/772
f 765/765/765 772/772/772 763/763/763
f 773/773/773 774/774/774 775/775/775
f 774/774/774 773/773/773 776/776/776
f 776/776/776 773/773/773 777/777/777
f 778/778/778 779/779/779 780/780/780
f 780/780/780 779/779/779 243/243/243
f 257/257/257 243/243/243 779/779/779
f 781/781/781 782/782/782 783/783/783
f 782/782/782 781/781/781 784/784/784
f 785/785/785 784/784/784 781/781/781
f 784/784/784 785/785/785 786/786/786
f 783/783/783 787/787/787 788/788/788
f 787/787/787 783/783/783 782/782/782
f 789/789/789 786/786/786 785/785/785
f 786/786/786 789/789/789 790/790/790
f 788/788/788 791/791/791 792/792/792
f 791/791/791 788/788/788 787/787/787
f 793/793/793 790/790/790 789/789/789
f 790/790/790 793/793/793 794/794/794
f 791/791/791 795/795/795 792/792/792
f 795/795/795 791/791/791 796/796/796
f 797/797/797 793/793/793 798/798/798
f 793/793/793 797/797/797 794/794/794
f 796/796/796 799/799/799 795/795/795
f 799/799/799 796/796/796 800/800/800
f 801/801/801 798/798/798 802/802/802
f 798/798/798 801/801/801 797/797/797
f 800/800/800 803/803/803 799/799/799
f 803/803/803 800/800/800 804/804/804
f 805/805/805 802/802/802 806/806/806
f 802/802/802 805/805/805 801/801/801
f 804/804/804 807/807/807 803/803/803
f 807/807/807 804/804/804 808/808/808
f 809/809/809 806/806/806 810/810/810
f 806/806/806 809/809/809 805/805/805
f 808/808/808 811/811/811 807/807/807
f 811/811/811 808/808/808 812/812/812
f 813/813/813 810/810/810 814/814/814
f 810/810/810 813/813/813 809/809/809
f 812/812/812 815/815/815 811/811/811
f 815/815/815 812/812/812 816/816/816
f 817/817/817 814/814/814 818/818/818
f 814/814/814 817/817/817 813/813/813
f 819/819/819 815/815/815 816/816/816
f 815/815/815 819/819/819 820/820/820
f 817/817/817 821/821/821 822/822/822
f 821/821/821 817/817/817 818/818/818
f 823/823/823 820/820/820 819/819/819
f 820/820/820 823/823/823 824/824/824
f 822/822/822 825/825/825 826/826/826
f 825/825/825 822/822/822 821/821/821
f 827/827/827 824/824/824 823/823/823
f 824/824/824 827/827/827 828/828/828
f 826/826/826 828/828/828 827/827/827
f 828/828/828 826/826/826 825/825/825
f 829/829/829 830/830/830 831/831/831
f 830/830/830 832/832/832 831/831/831
f 832/832/832 833/833/833 831/831/831
f 831/831/831 833/833/833 834/834/834
f 833/833/833 835/835/835 834/834/834
f 834/834/834 835/835/835 836/836/836
f 835/835/835 837/837/837 836/836/836
f 836/836/836 837/837/837 838/838/838
f 837/837/837 839/839/839 838/838/838
f 838/838/838 839/839/839 840/840/840
f 839/839/839 841/841/841 840/840/840
f 840/840/840 841/841/841 842/842/842
f 841/841/841 843/843/843 842/842/842
f 843/843/843 844/844/844 842/842/842
f 842/842/842 844/844/844 845/845/845
f 844/844/844 846/846/846 845/845/845
f 845/845/845 846/846/846 847/847/847
f 846/846/846 848/848/848 847/847/847
f 847/847/847 848/848/848 849/849/849
f 848/848/848 850/850/850 849/849/849
f 849/849/849 850/850/850 851/851/851
f 850/850/850 852/852/852 851/851/851
f 852/852/852 853/853/853 851/851/851
f 854/854/854 851/851/851 853/853/853
f 832/832/832 830/830/830 855/855/855
f 830/830/830 856/856/856 855/855/855
f 855/855/855 856/856/856 857/857/857
f 856/856/856 858/858/858 857/857/857
f 857/857/857 858/858/858 859/859/859
f 858/858/858 860/860/860 859/859/859
f 859/859/859 860/860/860 861/861/861
f 860/860/860 862/862/862 861/861/861
f 861/861/861 862/862/862 863/863/863
f 863/863/863 862/862/862 864/864/864
f 862/862/862 865/865/865 864/864/864
f 864/864/864 865/865/865 866/866/866
f 865/865/865 867/867/867 866/866/866
f 866/866/866 867/867/867 868/868/868
f 867/867/867 869/869/869 868/868/868
f 868/868/868 869/869/869 870/870/870
f 869/869/869 871/871/871 870/870/870
f 870/870/870 871/871/871 872/872/872
f 871/871/871 873/873/873 872/872/872
f 872/872/872 873/873/873 874/874/874
f 874/874/874 873/873/873 853/853/853
f 853/853/853 873/873/873 854/854/854
f 873/873/873 875/875/875 854/854/854
f 876/876/876 854/854/854 875/875/875
f 209/209/209 223/223/223 208/208/208
f 223/223/223 209/209/209 211/211/211
f 223/223/223 211/211/211 224/224/224
f 224/224/224 211/211/211 212/212/212
f 877/877/877 878/878/878 879/879/879
f 879/879/879 878/878/878 880/880/880
f 695/695/695 212/212/212 698/698/698
f 698/698/698 212/212/212 213/213/213
f 698/698/698 213/213/213 700/700/700
f 700/700/700 213/213/213 702/702/702
f 702/702/702 213/213/213 214/214/214
f 702/702/702 214/214/214 704/704/704
f 704/704/704 214/214/214 215/215/215
f 704/704/704 215/215/215 706/706/706
f 706/706/706 215/215/215 217/217/217
f 706/706/706 217/217/217 708/708/708
f 708/708/708 217/217/217 710/710/710
f 710/710/710 217/217/217 218/218/218
f 710/710/710 218/218/218 712/712/712
f 712/712/712 218/218/218 219/219/219
f 712/712/712 219/219/219 714/714/714
f 714/714/714 219/219/219 716/716/716
f 716/716/716 219/219/219 220/220/220
f 716/716/716 220/220/220 718/718/718
f 697/697/697 225/225/225 224/224/224
f 881/881/881 882/882/882 883/883/883
f 225/225/225 696/696/696 699/699/699
f 225/225/225 699/699/699 226/226/226
f 226/226/226 699/699/699 701/701/701
f 226/226/226 701/701/701 703/703/703
f 226/226/226 703/703/703 227/227/227
f 227/227/227 703/703/703 705/705/705
f 227/227/227 705/705/705 228/228/228
f 228/228/228 705/705/705 707/707/707
f 228/228/228 707/707/707 709/709/709
f 228/228/228 709/709/709 229/229/229
f 229/229/229 709/709/709 711/711/711
f 229/229/229 711/711/711 231/231/231
f 231/231/231 711/711/711 713/713/713
f 231/231/231 713/713/713 232/232/232
f 232/232/232 713/713/713 715/715/715
f 232/232/232 715/715/715 717/717/717
f 232/232/232 717/717/717 233/233/233
f 233/233/233 717/717/717 718/718/718
f 233/233/233 718/718/718 220/220/220
f 233/233/233 220/220/220 221/221/221
f 233/233/233 221/221/221 234/234/234
f 234/234/234 221/221/221 222/222/222
f 746/746/746 748/748/748 744/744/744
f 748/748/748 746/746/746 750/750/750
f 721/721/721 777/777/777 773/773/773
f 777/777/777 721/721/721 720/720/720
f 731/731/731 732/732/732 728/728/728
f 732/732/732 731/731/731 734/734/734
f 884/884/884 885/885/885 886/886/886
f 887/887/887 886/886/886 885/885/885
f 888/888/888 889/889/889 890/890/890
f 891/891/891 890/890/890 889/889/889
f 892/892/892 893/893/893 894/894/894
f 895/895/895 894/894/894 893/893/893
f 896/896/896 897/897/897 898/898/898
f 899/899/899 898/898/898 897/897/897
f 900/900/900 901/901/901 902/902/902
f 903/903/903 902/902/902 901/901/901
f 904/904/904 905/905/905 906/906/906
f 907/907/907 906/906/906 905/905/905
f 908/908/908 909/909/909 910/910/910
f 909/909/909 908/908/908 911/911/911
f 910/910/910 912/912/912 913/913/913
f 912/912/912 910/910/910 909/909/909
f 914/914/914 911/911/911 908/908/908
f 911/911/911 914/914/914 915/915/915
f 913/913/913 916/916/916 917/917/917
f 916/916/916 913/913/913 912/912/912
f 918/918/918 914/914/914 919/919/919
f 914/914/914 918/918/918 915/915/915
f 917/917/917 920/920/920 921/921/921
f 920/920/920 917/917/917 916/916/916
f 922/922/922 919/919/919 923/923/923
f 919/919/919 922/922/922 918/918/918
f 921/921/921 924/924/924 925/925/925
f 924/924/924 921/921/921 920/920/920
f 926/926/926 923/923/923 927/927/927
f 923/923/923 926/926/926 922/922/922
f 924/924/924 928/928/928 925/925/925
f 928/928/928 924/924/924 929/929/929
f 930/930/930 927/927/927 931/931/931
f 927/927/927 930/930/930 926/926/926
f 929/929/929 932/932/932 928/928/928
f 932/932/932 929/929/929 933/933/933
f 934/934/934 931/931/931 935/935/935
f 931/931/931 934/934/934 930/930/930
f 933/933/933 936/936/936 932/932/932
f 936/936/936 933/933/933 937/937/937
f 938/938/938 935/935/935 939/939/939
f 935/935/935 938/938/938 934/934/934
f 937/937/937 940/940/940 936/936/936
f 940/940/940 937/937/937 941/941/941
f 938/938/938 942/942/942 943/943/943
f 942/942/942 938/938/938 939/939/939
f 941/941/941 944/944/944 940/940/940
f 944/944/944 941/941/941 945/945/945
f 943/943/943 946/946/946 947/947/947
f 946/946/946 943/943/943 942/942/942
f 945/945/945 948/948/948 944/944/944
f 948/948/948 945/945/945 949/949/949
f 947/947/947 950/950/950 951/951/951
f 950/950/950 947/947/947 946/946/946
f 952/952/952 948/948/948 949/949/949
f 948/948/948 952/952/952 953/953/953
f 951/951/951 954/954/954 955/955/955
f 954/954/954 951/951/951 950/950/950
f 955/955/955 953/953/953 952/952/952
f 953/953/953 955/955/955 954/954/954

o Material2.010
v -1.56744 1.38577 -0.969654
v -1.67794 1.11255 -0.513376
v -1.50404 1.11255 -0.933068
v -1.74854 1.38577 -0.532315
v -1.27924 1.38577 -1.34521
v -1.22753 1.11255 -1.29346
v -1.62154 1.66163 -1.00091
v -1.80894 1.66163 -0.548494
v -1.73724 1.11255 -0.0629921
v -1.81034 1.38577 -0.0629921
v -1.59704 0.842381 -0.491706
v -1.43154 0.842381 -0.891204
v -0.90374 1.38577 -1.63338
v -0.867134 1.11255 -1.57001
v -1.32343 1.66163 -1.38941
v -1.16834 0.842381 -1.23426
v -1.66634 1.9397 -1.02679
v -1.85894 1.9397 -0.561888
v -1.87284 1.66163 -0.0629921
v -1.67794 1.11255 0.387392
v -1.74854 1.38577 0.406331
v -1.65343 0.842381 -0.0629921
v -1.50603 0.575657 -0.467337
v -1.35004 0.575657 -0.844127
v -0.825233 0.842381 -1.4975
v -0.466331 1.38577 -1.81453
v -0.447441 1.11255 -1.74385
v -0.934944 1.66163 -1.68751
v -1.36004 1.9397 -1.426
v -1.10174 0.575657 -1.16768
v -1.70184 2.21958 -1.04724
v -1.89845 2.21958 -0.572478
v -1.92464 1.9397 -0.0629921
v -1.80894 1.66163 0.42251
v -1.50404 1.11255 0.807083
v -1.56744 1.38577 0.84367
v -1.59704 0.842381 0.365722
v -1.55933 0.575657 -0.0629921
v -1.40524 0.312794 -0.440306
v -1.25954 0.312794 -0.791907
v -0.778145 0.575657 -1.41596
v -0.425743 0.842381 -1.66298
v 0.00296783 1.38577 -1.87632
v 0.00296783 1.11255 -1.80314
v -0.482536 1.66163 -1.87491
v -0.960838 1.9397 -1.73233
v -1.38894 2.21958 -1.45494
v -1.02784 0.312794 -1.09383
v -1.96554 2.21958 -0.0629921
v -1.85894 1.9397 0.435904
v -1.62154 1.66163 0.874925
v -1.22753 1.11255 1.16748
v -1.27924 1.38577 1.21922
v -1.43154 0.842381 0.76522
v -1.50603 0.575657 0.341353
v -1.45484 0.312794 -0.0629921
v -1.29453 0.0541806 -0.410654
v -1.16033 0.0541806 -0.734624
v -0.725945 0.312794 -1.32551
v -0.401344 0.575657 -1.57203
v 0.00296783 0.842381 -1.71942
v 0.453362 1.11255 -1.74385
v 0.472267 1.38577 -1.81453
v 0.00296783 1.66163 -1.93883
v -0.495934 1.9397 -1.9249
v -0.981346 2.21958 -1.76777
v -0.946846 0.0541806 -1.01282
v -1.89845 2.21958 0.446494
v -1.66634 1.9397 0.900802
v -1.32343 1.66163 1.26342
v -0.90374 1.38577 1.50739
v -0.867134 1.11255 1.44402
v -1.16834 0.842381 1.10828
v -1.35004 0.575657 0.718143
v -1.40524 0.312794 0.314322
v -1.34034 0.0541806 -0.0629921
v -1.17423 -0.199779 -0.378426
v -1.05254 -0.199779 -0.672363
v -0.668633 0.0541806 -1.22629
v -0.374336 0.312794 -1.47115
v 0.00296783 0.575657 -1.62526
v 0.431664 0.842381 -1.66298
v 0.873055 1.11255 -1.57001
v 0.90966 1.38577 -1.63338
v 0.488457 1.66163 -1.87491
v 0.00296783 1.9397 -1.99058
v -0.506538 2.21958 -1.96442
v -0.858833 -0.199779 -0.924773
v -1.70184 2.21958 0.92126
v -1.36004 1.9397 1.30002
v -0.934944 1.66163 1.56153
v -0.466331 1.38577 1.68855
v -0.447441 1.11255 1.61787
v -0.825233 0.842381 1.37151
v -1.10174 0.575657 1.0417
v -1.25954 0.312794 0.665923
v -1.29453 0.0541806 0.28467
v -1.21574 -0.199779 -0.0629921
v -1.04453 -0.448719 -0.34367
v -0.936241 -0.448719 -0.605219
v -0.606438 -0.199779 -1.11845
v -0.344734 0.0541806 -1.36049
v 0.00296783 0.312794 -1.52082
v 0.407265 0.575657 -1.57203
v 0.831154 0.842381 -1.4975
v 1.23347 1.11255 -1.29346
v 1.28516 1.38577 -1.34521
v 0.940865 1.66163 -1.68751
v 0.501854 1.9397 -1.9249
v 0.00296783 2.21958 -2.0315
v -0.763832 -0.448719 -0.829817
v -1.38894 2.21958 1.32895
v -0.960838 1.9397 1.60635
v -0.482536 1.66163 1.74893
v 0.00296783 1.38577 1.75033
v 0.00296783 1.11255 1.67716
v -0.425743 0.842381 1.53699
v -0.778145 0.575657 1.28997
v -1.02784 0.312794 0.96785
v -1.16033 0.0541806 0.60864
v -1.17423 -0.199779 0.252442
v -1.08154 -0.448719 -0.0629921
v -0.905632 -0.692256 -0.306438
v -0.811638 -0.692256 -0.533293
v -0.539238 -0.448719 -1.00216
v -0.312431 -0.199779 -1.24021
v 0.00296783 0.0541806 -1.40626
v 0.380257 0.312794 -1.47115
v 0.784065 0.575657 -1.41596
v 1.17426 0.842381 -1.23426
v 1.57336 1.38577 -0.969654
v 1.50996 1.11255 -0.933068
v 1.32937 1.66163 -1.38941
v 0.966759 1.9397 -1.73233
v 0.512459 2.21958 -1.96442
v -0.662132 -0.692256 -0.728098
v -0.981346 2.21958 1.64178
v -0.495934 1.9397 1.79891
v 0.00296783 1.66163 1.81284
v 0.472267 1.38577 1.68855
v 0.453362 1.11255 1.61787
v 0.00296783 0.842381 1.59343
v -0.401344 0.575657 1.44604
v -0.725945 0.312794 1.19953
v -0.946846 0.0541806 0.886839
v -1.05254 -0.199779 0.546379
v -1.04453 -0.448719 0.217685
v -0.937645 -0.692256 -0.0629921
v -0.757637 -0.930027 -0.266787
v -0.678932 -0.930027 -0.456693
v -0.467339 -0.692256 -0.877577
v -0.277733 -0.448719 -1.11049
v 0.00296783 -0.199779 -1.28173
v 0.350655 0.0541806 -1.36049
v 0.731865 0.312794 -1.32551
v 1.10766 0.575657 -1.16768
v 1.43746 0.842381 -0.891204
v 1.75446 1.38577 -0.532315
v 1.68386 1.11255 -0.513376
v 1.62746 1.66163 -1.00091
v 1.36596 1.9397 -1.426
v 0.98716 2.21958 -1.76777
v -0.553841 -0.930027 -0.619769
v -0.506538 2.21958 1.83844
v 0.00296783 1.9397 1.86459
v 0.488457 1.66163 1.74893
v 0.873055 1.11255 1.44402
v 0.90966 1.38577 1.50739
v 0.431664 0.842381 1.53699
v 0.00296783 0.575657 1.49928
v -0.374336 0.312794 1.34516
v -0.668633 0.0541806 1.10031
v -0.858833 -0.199779 0.798789
v -0.936241 -0.448719 0.479235
v -0.905632 -0.692256 0.180453
v -0.784431 -0.930027 -0.0629921
v -0.390739 -0.930027 -0.744902
v -0.24044 -0.692256 -0.971544
v 0.00296783 -0.448719 -1.14745
v 0.318367 -0.199779 -1.24021
v 0.674568 0.0541806 -1.22629
v 1.03376 0.312794 -1.09383
v 1.35596 0.575657 -0.844127
v 1.60296 0.842381 -0.491706
v 1.81626 1.38577 -0.0629921
v 1.74306 1.11255 -0.0629921
v 1.81486 1.66163 -0.548494
v 1.67226 1.9397 -1.02679
v 1.39486 2.21958 -1.45494
v 0.00296783 2.21958 1.90551
v 0.501854 1.9397 1.79891
v 0.940865 1.66163 1.56153
v 1.23347 1.11255 1.16748
v 1.28516 1.38577 1.21922
v 0.831154 0.842381 1.37151
v 0.407265 0.575657 1.44604
v 0.00296783 0.312794 1.39484
v -0.344734 0.0541806 1.2345
v -0.606438 -0.199779 0.99247
v -0.763832 -0.448719 0.703833
v -0.811638 -0.692256 0.407309
v -0.757637 -0.930027 0.140802
v -0.200844 -0.930027 -0.823564
v 0.00296783 -0.692256 -1.00359
v 0.283669 -0.448719 -1.11049
v 0.612358 -0.199779 -1.11845
v 0.952766 0.0541806 -1.01282
v 1.26546 0.312794 -0.791907
v 1.51196 0.575657 -0.467337
v 1.65936 0.842381 -0.0629921
v 1.75446 1.38577 0.406331
v 1.68386 1.11255 0.387392
v 1.87876 1.66163 -0.0629921
v 1.86486 1.9397 -0.561888
v 1.70776 2.21958 -1.04724
v 0.512459 2.21958 1.83844
v 0.966759 1.9397 1.60635
v 1.32937 1.66163 1.26342
v 1.50996 1.11255 0.807083
v 1.57336 1.38577 0.84367
v 1.17426 0.842381 1.10828
v 0.784065 0.575657 1.28997
v 0.380257 0.312794 1.34516
v 0.00296783 0.0541806 1.28027
v -0.312431 -0.199779 1.11422
v -0.539238 -0.448719 0.876173
v -0.662132 -0.692256 0.602114
v -0.678932 -0.930027 0.330709
v 0.00296783 -0.930027 -0.850394
v 0.246361 -0.692256 -0.971544
v 0.545158 -0.448719 -1.00216
v 0.864754 -0.199779 -0.924773
v 1.16627 0.0541806 -0.734624
v 1.41116 0.312794 -0.440306
v 1.56525 0.575657 -0.0629921
v 1.60296 0.842381 0.365722
v 1.81486 1.66163 0.42251
v 1.93056 1.9397 -0.0629921
v 1.90437 2.21958 -0.572478
v 0.98716 2.21958 1.64178
v 1.36596 1.9397 1.30002
v 1.62746 1.66163 0.874925
v 1.43746 0.842381 0.76522
v 1.10766 0.575657 1.0417
v 0.731865 0.312794 1.19953
v 0.350655 0.0541806 1.2345
v 0.00296783 -0.199779 1.15575
v -0.277733 -0.448719 0.98451
v -0.467339 -0.692256 0.751593
v -0.553841 -0.930027 0.493785
v 0.206764 -0.930027 -0.823564
v 0.473259 -0.692256 -0.877577
v 0.769768 -0.448719 -0.829817
v 1.05846 -0.199779 -0.672363
v 1.30047 0.0541806 -0.410654
v 1.46076 0.312794 -0.0629921
v 1.51196 0.575657 0.341353
v 1.86486 1.9397 0.435904
v 1.97146 2.21958 -0.0629921
v 1.39486 2.21958 1.32895
v 1.67226 1.9397 0.900802
v 1.35596 0.575657 0.718143
v 1.03376 0.312794 0.96785
v 0.674568 0.0541806 1.10031
v 0.318367 -0.199779 1.11422
v 0.00296783 -0.448719 1.02146
v -0.24044 -0.692256 0.845559
v -0.390739 -0.930027 0.618918
v 0.39666 -0.930027 -0.744902
v 0.668068 -0.692256 -0.728098
v 0.942162 -0.448719 -0.605219
v 1.18017 -0.199779 -0.378426
v 1.34626 0.0541806 -0.0629921
v 1.41116 0.312794 0.314322
v 1.90437 2.21958 0.446494
v 1.70776 2.21958 0.92126
v 1.26546 0.312794 0.665923
v 0.952766 0.0541806 0.886839
v 0.612358 -0.199779 0.99247
v 0.283669 -0.448719 0.98451
v 0.00296783 -0.692256 0.877609
v -0.200844 -0.930027 0.697579
v 0.559761 -0.930027 -0.619769
v 0.817558 -0.692256 -0.533293
v 1.05047 -0.448719 -0.34367
v 1.22166 -0.199779 -0.0629921
v 1.30047 0.0541806 0.28467
v 1.16627 0.0541806 0.60864
v 0.864754 -0.199779 0.798789
v 0.545158 -0.448719 0.876173
v 0.246361 -0.692256 0.845559
v 0.00296783 -0.930027 0.724409
v 0.684868 -0.930027 -0.456693
v 0.911461 -0.692256 -0.306438
v 1.08746 -0.448719 -0.0629921
v 1.18017 -0.199779 0.252442
v 1.05846 -0.199779 0.546379
v 0.769768 -0.448719 0.703833
v 0.473259 -0.692256 0.751593
v 0.206764 -0.930027 0.697579
v 0.763557 -0.930027 -0.266787
v 0.943565 -0.692256 -0.0629921
v 1.05047 -0.448719 0.217685
v 0.942162 -0.448719 0.479235
v 0.668068 -0.692256 0.602114
v 0.39666 -0.930027 0.618918
v 0.790367 -0.930027 -0.0629921
v 0.911461 -0.692256 0.180453
v 0.817558 -0.692256 0.407309
v 0.559761 -0.930027 0.493785
v 0.763557 -0.930027 0.140802
v 0.684868 -0.930027 0.330709
v 1.79806 1.66164 0.97339
v 1.42446 1.38579 1.3585
v 1.74397 1.38579 0.942155
v 1.46867 1.66164 1.40267
v 2.00506 1.66164 0.473479
v 1.94476 1.38579 0.45731
v 1.84277 1.93971 0.999247
v 1.50517 1.93971 1.43924
v 1.03936 1.66164 1.73208
v 1.00806 1.38579 1.67797
v 1.37276 1.11257 1.30679
v 1.68056 1.11257 0.905587
v 2.07577 1.66164 -0.0629921
v 2.01327 1.38579 -0.0629921
v 2.05506 1.93971 0.486863
v 1.87406 1.11257 0.438381
v 1.87817 2.21958 1.01968
v 1.53407 2.21958 1.46814
v 1.06516 1.93971 1.77686
v 0.971565 1.11257 1.61464
v 0.539467 1.66164 1.93915
v 0.523262 1.38579 1.8788
v 1.31356 0.842404 1.24761
v 1.60806 0.842404 0.863743
v 2.00506 1.66164 -0.599463
v 1.94476 1.38579 -0.583294
v 2.12746 1.93971 -0.0629921
v 1.94016 1.11257 -0.0629921
v 2.09457 2.21958 0.497443
v 1.79327 0.842404 0.416721
v 1.08566 2.21958 1.81226
v 0.552864 1.93971 1.9891
v 0.929665 0.842404 1.54216
v 0.504356 1.11257 1.80816
v 0.00296783 1.66164 2.00977
v 0.00296783 1.38579 1.9473
v 1.24696 0.57568 1.18106
v 1.52656 0.57568 0.816685
v 1.79806 1.66164 -1.09937
v 1.74397 1.38579 -1.06814
v 2.05506 1.93971 -0.612847
v 1.87406 1.11257 -0.564366
v 2.16836 2.21958 -0.0629921
v 1.85647 0.842404 -0.0629921
v 1.70235 0.57568 0.392362
v 0.563362 2.21958 2.02858
v 0.00296783 1.93971 2.06148
v 0.882668 0.57568 1.46065
v 0.482658 0.842404 1.72732
v 0.00296783 1.11257 1.87417
v -0.517342 1.38579 1.8788
v -0.533546 1.66164 1.93915
v 1.17316 0.312825 1.10724
v 1.43616 0.312825 0.764484
v 1.46867 1.66164 -1.52866
v 1.42446 1.38579 -1.48448
v 1.84277 1.93971 -1.12523
v 1.68056 1.11257 -1.03157
v 2.09457 2.21958 -0.623427
v 1.79327 0.842404 -0.542705
v 1.76226 0.57568 -0.0629921
v 1.60155 0.312825 0.365341
v 0.00296783 2.21958 2.10236
v -0.546944 1.93971 1.9891
v 0.830467 0.312825 1.37024
v 0.458366 0.57568 1.63641
v 0.00296783 0.842404 1.79048
v -0.498436 1.11257 1.80816
v -1.00224 1.38579 1.67797
v -1.03344 1.66164 1.73208
v 1.09216 0.0542035 1.02625
v 1.33697 0.0542035 0.707219
v 1.03936 1.66164 -1.85806
v 1.00806 1.38579 -1.80396
v 1.50517 1.93971 -1.56522
v 1.37276 1.11257 -1.43277
v 1.87817 2.21958 -1.14567
v 1.60806 0.842404 -0.989727
v 1.70235 0.57568 -0.518346
v 1.65786 0.312825 -0.0629921
v 1.49087 0.0542035 0.335699
v -0.557442 2.21958 2.02858
v -1.05924 1.93971 1.77686
v 0.773155 0.0542035 1.27105
v 0.431267 0.312825 1.53557
v 0.00296783 0.57568 1.69636
v -0.476738 0.842404 1.72732
v -0.965645 1.11257 1.61464
v -1.41854 1.38579 1.3585
v -1.46275 1.66164 1.40267
v 1.00416 -0.199771 0.938227
v 1.22916 -0.199771 0.644977
v 0.539467 1.66164 -2.06513
v 0.523262 1.38579 -2.00479
v 1.06516 1.93971 -1.90284
v 0.971565 1.11257 -1.74062
v 1.53407 2.21958 -1.59413
v 1.31356 0.842404 -1.37359
v 1.52656 0.57568 -0.942669
v 1.60155 0.312825 -0.491325
v 1.54336 0.0542035 -0.0629921
v 1.37066 -0.199771 0.30348
v -1.07973 2.21958 1.81226
v -1.49924 1.93971 1.43924
v 0.71096 -0.199771 1.16325
v 0.401665 0.0542035 1.42494
v 0.00296783 0.312825 1.59196
v -0.452446 0.57568 1.63641
v -0.923744 0.842404 1.54216
v -1.36684 1.11257 1.30679
v -1.73804 1.38579 0.942155
v -1.79214 1.66164 0.97339
v 0.909264 -0.448711 0.843296
v 1.11297 -0.448711 0.577851
v 0.00296783 1.38579 -2.07329
v 0.00296783 1.66164 -2.13576
v 0.552864 1.93971 -2.11508
v 0.504356 1.11257 -1.93414
v 1.08566 2.21958 -1.93824
v 0.929665 0.842404 -1.66814
v 1.24696 0.57568 -1.30704
v 1.43616 0.312825 -0.890468
v 1.49087 0.0542035 -0.461683
v 1.41886 -0.199771 -0.0629921
v 1.24096 -0.448711 0.268732
v -1.52814 2.21958 1.46814
v -1.83694 1.93971 0.999247
v 0.643761 -0.448711 1.04698
v 0.369469 -0.199771 1.3047
v 0.00296783 0.0542035 1.47743
v -0.425346 0.312825 1.53557
v -0.876732 0.57568 1.46065
v -1.30764 0.842404 1.24761
v -1.67464 1.11257 0.905587
v -1.93884 1.38579 0.45731
v -1.99914 1.66164 0.473479
v 0.807564 -0.692249 0.741602
v 0.988365 -0.692249 0.505942
v 0.00296783 1.93971 -2.18747
v 0.00296783 1.11257 -2.00015
v -0.517342 1.38579 -2.00479
v -0.533546 1.66164 -2.06513
v 0.563362 2.21958 -2.15456
v 0.482658 0.842404 -1.85331
v 0.882668 0.57568 -1.58664
v 1.17316 0.312825 -1.23322
v 1.33697 0.0542035 -0.833203
v 1.37066 -0.199771 -0.429464
v 1.28466 -0.448711 -0.0629921
v 1.10206 -0.692249 0.23151
v -1.87234 2.21958 1.01968
v -2.04914 1.93971 0.486863
v 0.571861 -0.692249 0.92243
v 0.334663 -0.448711 1.17502
v 0.00296783 -0.199771 1.35295
v -0.395744 0.0542035 1.42494
v -0.824532 0.312825 1.37024
v -1.24114 0.57568 1.18106
v -1.60224 0.842404 0.863743
v -1.86823 1.11257 0.438381
v -2.00733 1.38579 -0.0629921
v -2.06983 1.66164 -0.0629921
v 0.699257 -0.930027 0.633298
v 0.855766 -0.930027 0.429359
v 0.00296783 2.21958 -2.22835
v -0.546944 1.93971 -2.11508
v 0.00296783 0.842404 -1.91646
v -0.498436 1.11257 -1.93414
v -1.00224 1.38579 -1.80396
v -1.03344 1.66164 -1.85806
v 0.458366 0.57568 -1.7624
v 0.830467 0.312825 -1.49622
v 1.09216 0.0542035 -1.15224
v 1.22916 -0.199771 -0.770961
v 1.24096 -0.448711 -0.394717
v 1.14086 -0.692249 -0.0629921
v 0.954063 -0.930027 0.191868
v -2.08865 2.21958 0.497443
v -2.12154 1.93971 -0.0629921
v 0.495262 -0.930027 0.789785
v 0.297462 -0.692249 1.0361
v 0.00296783 -0.448711 1.21869
v -0.363533 -0.199771 1.3047
v -0.767235 0.0542035 1.27105
v -1.16724 0.312825 1.10724
v -1.52064 0.57568 0.816685
v -1.78735 0.842404 0.416721
v -1.93424 1.11257 -0.0629921
v -1.93884 1.38579 -0.583294
v -1.99914 1.66164 -0.599463
v -0.557442 2.21958 -2.15456
v -1.05924 1.93971 -1.90284
v 0.00296783 0.57568 -1.82235
v -0.476738 0.842404 -1.85331
v -0.965645 1.11257 -1.74062
v -1.41854 1.38579 -1.48448
v -1.46275 1.66164 -1.52866
v 0.431267 0.312825 -1.66155
v 0.773155 0.0542035 -1.39704
v 1.00416 -0.199771 -1.06421
v 1.11297 -0.448711 -0.703835
v 1.10206 -0.692249 -0.357494
v 0.987663 -0.930027 -0.0629921
v -2.16244 2.21958 -0.0629921
v -2.04914 1.93971 -0.612847
v 0.257866 -0.930027 0.888157
v 0.00296783 -0.692249 1.07488
v -0.328743 -0.448711 1.17502
v -0.70504 -0.199771 1.16325
v -1.08624 0.0542035 1.02625
v -1.43024 0.312825 0.764484
v -1.69643 0.57568 0.392362
v -1.85053 0.842404 -0.0629921
v -1.86823 1.11257 -0.564366
v -1.73804 1.38579 -1.06814
v -1.79214 1.66164 -1.09937
v -1.07973 2.21958 -1.93824
v -1.49924 1.93971 -1.56522
v 0.00296783 0.312825 -1.71794
v -0.452446 0.57568 -1.7624
v -0.923744 0.842404 -1.66814
v -1.36684 1.11257 -1.43277
v 0.401665 0.0542035 -1.55093
v 0.71096 -0.199771 -1.28923
v 0.909264 -0.448711 -0.96928
v 0.988365 -0.692249 -0.631926
v 0.954063 -0.930027 -0.317852
v -2.08865 2.21958 -0.623427
v -1.83694 1.93971 -1.12523
v 0.00296783 -0.930027 0.92171
v -0.291542 -0.692249 1.0361
v -0.63784 -0.448711 1.04698
v -0.998238 -0.199771 0.938227
v -1.33103 0.0542035 0.707219
v -1.59563 0.312825 0.365341
v -1.75643 0.57568 -0.0629921
v -1.78735 0.842404 -0.542705
v -1.67464 1.11257 -1.03157
v -1.52814 2.21958 -1.59413
v 0.00296783 0.0542035 -1.60342
v -0.425346 0.312825 -1.66155
v -0.876732 0.57568 -1.58664
v -1.30764 0.842404 -1.37359
v 0.369469 -0.199771 -1.43068
v 0.643761 -0.448711 -1.17296
v 0.807564 -0.692249 -0.867586
v 0.855766 -0.930027 -0.555343
v -1.87234 2.21958 -1.14567
v -0.251945 -0.930027 0.888157
v -0.565941 -0.692249 0.92243
v -0.903343 -0.448711 0.843296
v -1.22324 -0.199771 0.644977
v -1.48493 0.0542035 0.335699
v -1.65205 0.312825 -0.0629921
v -1.69643 0.57568 -0.518346
v -1.60224 0.842404 -0.989727
v -0.395744 0.0542035 -1.55093
v 0.00296783 -0.199771 -1.47893
v -0.824532 0.312825 -1.49622
v -1.24114 0.57568 -1.30704
v 0.334663 -0.448711 -1.301
v 0.571861 -0.692249 -1.04841
v 0.699257 -0.930027 -0.759282
v -0.489433 -0.930027 0.789785
v -0.801643 -0.692249 0.741602
v -1.10703 -0.448711 0.577851
v -1.36474 -0.199771 0.30348
v -1.53744 0.0542035 -0.0629921
v -1.59563 0.312825 -0.491325
v -1.52064 0.57568 -0.942669
v -0.363533 -0.199771 -1.43068
v -0.767235 0.0542035 -1.39704
v 0.00296783 -0.448711 -1.34468
v -1.16724 0.312825 -1.23322
v 0.297462 -0.692249 -1.16209
v 0.495262 -0.930027 -0.915769
v -0.693336 -0.930027 0.633298
v -0.982445 -0.692249 0.505942
v -1.23504 -0.448711 0.268732
v -1.41294 -0.199771 -0.0629921
v -1.48493 0.0542035 -0.461683
v -1.43024 0.312825 -0.890468
v -0.328743 -0.448711 -1.301
v -0.70504 -0.199771 -1.28923
v -1.08624 0.0542035 -1.15224
v 0.00296783 -0.692249 -1.20086
v 0.257866 -0.930027 -1.01414
v -0.849846 -0.930027 0.429359
v -1.09614 -0.692249 0.23151
v -1.27874 -0.448711 -0.0629921
v -1.36474 -0.199771 -0.429464
v -1.33103 0.0542035 -0.833203
v -0.291542 -0.692249 -1.16209
v -0.63784 -0.448711 -1.17296
v -0.998238 -0.199771 -1.06421
v 0.00296783 -0.930027 -1.04769
v -0.948235 -0.930027 0.191868
v -1.13494 -0.692249 -0.0629921
v -1.23504 -0.448711 -0.394717
v -1.22324 -0.199771 -0.770961
v -0.251945 -0.930027 -1.01414
v -0.565941 -0.692249 -1.04841
v -0.903343 -0.448711 -0.96928
v -0.981743 -0.930027 -0.0629921
v -1.09614 -0.692249 -0.357494
v -1.10703 -0.448711 -0.703835
v -0.489433 -0.930027 -0.915769
v -0.801643 -0.692249 -0.867586
v -0.948235 -0.930027 -0.317852
v -0.982445 -0.692249 -0.631926
v -0.693336 -0.930027 -0.759282
v -0.849846 -0.930027 -0.555343
v -0.557442 2.21958 -2.15456
v 0.563362 2.21958 -2.15456
v 0.00296783 2.21958 -2.22835
v -1.07973 2.21958 -1.93824
v 0.00296783 2.21958 -2.0315
v -0.506538 2.21958 -1.96442
v -0.981346 2.21958 -1.76777
v -1.52814 2.21958 -1.59413
v -1.38894 2.21958 -1.45494
v -1.87234 2.21958 -1.14567
v -1.70184 2.21958 -1.04724
v -2.08865 2.21958 -0.623427
v -1.89845 2.21958 -0.572478
v -2.16244 2.21958 -0.0629921
v -1.96554 2.21958 -0.0629921
v -2.08865 2.21958 0.497443
v -1.89845 2.21958 0.446494
v -1.70184 2.21958 0.92126
v -1.87234 2.21958 1.01968
v -1.38894 2.21958 1.32895
v -1.52814 2.21958 1.46814
v -0.981346 2.21958 1.64178
v -1.07973 2.21958 1.81226
v -0.506538 2.21958 1.83844
v -0.557442 2.21958 2.02858
v 0.00296783 2.21958 1.90551
v 1.08566 2.21958 -1.93824
v 0.512459 2.21958 -1.96442
v 0.98716 2.21958 -1.76777
v 1.53407 2.21958 -1.59413
v 1.39486 2.21958 -1.45494
v 1.87817 2.21958 -1.14567
v 1.70776 2.21958 -1.04724
v 2.09457 2.21958 -0.623427
v 1.90437 2.21958 -0.572478
v 2.16836 2.21958 -0.0629921
v 1.97146 2.21958 -0.0629921
v 1.90437 2.21958 0.446494
v 2.09457 2.21958 0.497443
v 1.70776 2.21958 0.92126
v 1.87817 2.21958 1.01968
v 1.39486 2.21958 1.32895
v 1.53407 2.21958 1.46814
v 0.98716 2.21958 1.64178
v 1.08566 2.21958 1.81226
v 0.512459 2.21958 1.83844
v 0.563362 2.21958 2.02858
v 0.00296783 2.21958 2.10236
v 0.042366 -0.930027 4.66142
v 0.042366 -0.930027 10.9606
v 0.042366 -3.09539 4.66142
v 0.042366 -3.09539 10.9606
v -0.0364456 -0.930027 10.9606
v 0.042366 -0.930027 10.9606
v -0.0364456 -0.930027 4.66142
v 0.042366 -0.930027 4.66142
v -0.0364456 -0.930027 10.9606
v -0.0364456 -0.930027 4.66142
v -0.0364456 -3.09539 10.9606
v -0.0364456 -3.09539 4.66142
v -4.72144 -3.09539 -0.023562
v -11.0206 -0.930027 -0.023562
v -11.0206 -3.09539 -0.023562
v -4.72144 -0.930027 -0.023562
v -4.72144 -0.930027 -0.102362
v -11.0206 -3.09539 -0.102362
v -11.0206 -0.930027 -0.102362
v -4.72144 -3.09539 -0.102362
v 0.042366 -0.930027 -11.0866
v 0.042366 -3.09539 -4.7874
v 0.042366 -3.09539 -11.0866
v 0.042366 -0.930027 -4.7874
v 11.0266 -0.930027 -0.102422
v 4.72736 -3.09539 -0.102422
v 4.72736 -0.930027 -0.102422
v 11.0266 -3.09539 -0.102422
v -0.0364456 -0.930027 -4.7874
v -0.0364456 -3.09539 -11.0866
v -0.0364456 -3.09539 -4.7874
v -0.0364456 -0.930027 -11.0866
v 11.0266 -3.09539 -0.023622
v 4.72736 -0.930027 -0.023622
v 4.72736 -3.09539 -0.023622
v 11.0266 -0.930027 -0.023622
v -11.0206 -0.930027 -0.023562
v -4.72144 -0.930027 -0.102362
v -11.0206 -0.930027 -0.102362
v -4.72144 -0.930027 -0.023562
v 4.72736 -0.930027 -0.023622
v 11.0266 -0.930027 -0.102422
v 4.72736 -0.930027 -0.102422
v 11.0266 -0.930027 -0.023622
v -0.0364456 -0.930027 -11.0866
v 0.042366 -0.930027 -4.7874
v 0.042366 -0.930027 -11.0866
v -0.0364456 -0.930027 -4.7874
vt 0 0
vt 0 0
vt 0 0
vt 0 0
vt 0 0
vt 0 0
vt 0 0
vt 0 0
vt 0 0
vt 0 0
vt 0 0
vt 0 0
vt 0 0
vt 0 0
vt 0 0
vt 0 0
vt 0 0
vt 0 0
vt 0 0
vt 0 0
vt 0 0
vt 0 0
vt 0 0
vt 0 0
vt 0 0
vt 0 0
vt 0 0
vt 0 0
vt 0 0
vt 0 0
vt 0 0
vt 0 0
vt 0 0
vt 0 0
vt 0 0
vt 0 0
vt 0 0
vt 0 0
vt 0 0
vt 0 0
vt 0 0
vt 0 0
vt 0 0
vt 0 0
vt 0 0
vt 0 0
vt 0 0
vt 0 0
vt 0 0
vt 0 0
vt 0 0
vt 0 0
vt 0 0
vt 0 0
vt 0 0
vt 0 0
vt 0 0
vt 0 0
vt 0 0
vt 0 0
vt 0 0
vt 0 0
vt 0 0
vt 0 0
vt 0 0
vt 0 0
vt 0 0
vt 0 0
vt 0 0
vt 0 0
vt 0 0
vt 0 0
vt 0 0
vt 0 0
vt 0 0
vt 0 0
vt 0 0
vt 0 0
vt 0 0
vt 0 0
vt 0 0
vt 0 0
vt 0 0
vt 0 0
vt 0 0
vt 0 0
vt 0 0
vt 0 0
vt 0 0
vt 0 0
vt 0 0
vt 0 0
vt 0 0
vt 0 0
vt 0 0
vt 0 0
vt 0 0
vt 0 0
vt 0 0
vt 0 0
vt 0 0
vt 0 0
vt 0 0
vt 0 0
vt 0 0
vt 0 0
vt 0 0
vt 0 0
vt 0 0
vt 0 0
vt 0 0
vt 0 0
vt 0 0
vt 0 0
vt 0 0
vt 0 0
vt 0 0
vt 0 0
vt 0 0
vt 0 0
vt 0 0
vt 0 0
vt 0 0
vt 0 0
vt 0 0
vt 0 0
vt 0 0
vt 0 0
vt 0 0
vt 0 0
vt 0 0
vt 0 0
vt 0 0
vt 0 0
vt 0 0
vt 0 0
vt 0 0
vt 0 0
vt 0 0
vt 0 0
vt 0 0
vt 0 0
vt 0 0
vt 0 0
vt 0 0
vt 0 0
vt 0 0
vt 0 0
vt 0 0
vt 0 0
vt 0 0
vt 0 0
vt 0 0
vt 0 0
vt 0 0
vt 0 0
vt 0 0
vt 0 0
vt 0 0
vt 0 0
vt 0 0
vt 0 0
vt 0 0
vt 0 0
vt 0 0
vt 0 0
vt 0 0
vt 0 0
vt 0 0
vt 0 0
vt 0 0
vt 0 0
vt 0 0
vt 0 0
vt 0 0
vt 0 0
vt 0 0
vt 0 0
vt 0 0
vt 0 0
vt 0 0
vt 0 0
vt 0 0
vt 0 0
vt 0 0
vt 0 0
vt 0 0
vt 0 0
vt 0 0
vt 0 0
vt 0 0
vt 0 0
vt 0 0
vt 0 0
vt 0 0
vt 0 0
vt 0 0
vt 0 0
vt 0 0
vt 0 0
vt 0 0
vt 0 0
vt 0 0
vt 0 0
vt 0 0
vt 0 0
vt 0 0
vt 0 0
vt 0 0
vt 0 0
vt 0 0
vt 0 0
vt 0 0
vt 0 0
vt 0 0
vt 0 0
vt 0 0
vt 0 0
vt 0 0
vt 0 0
vt 0 0
vt 0 0
vt 0 0
vt 0 0
vt 0 0
vt 0 0
vt 0 0
vt 0 0
vt 0 0
vt 0 0
vt 0 0
vt 0 0
vt 0 0
vt 0 0
vt 0 0
vt 0 0
vt 0 0
vt 0 0
vt 0 0
vt 0 0
vt 0 0
vt 0 0
vt 0 0
vt 0 0
vt 0 0
vt 0 0
vt 0 0
vt 0 0
vt 0 0
vt 0 0
vt 0 0
vt 0 0
vt 0 0
vt 0 0
vt 0 0
vt 0 0
vt 0 0
vt 0 0
vt 0 0
vt 0 0
vt 0 0
vt 0 0
vt 0 0
vt 0 0
vt 0 0
vt 0 0
vt 0 0
vt 0 0
vt 0 0
vt 0 0
vt 0 0
vt 0 0
vt 0 0
vt 0 0
vt 0 0
vt 0 0
vt 0 0
vt 0 0
vt 0 0
vt 0 0
vt 0 0
vt 0 0
vt 0 0
vt 0 0
vt 0 0
vt 0 0
vt 0 0
vt 0 0
vt 0 0
vt 0 0
vt 0 0
vt 0 0
vt 0 0
vt 0 0
vt 0 0
vt 0 0
vt 0 0
vt 0 0
vt 0 0
vt 0 0
vt 0 0
vt 0 0
vt 0 0
vt 0 0
vt 0 0
vt 0 0
vt 0 0
vt 0 0
vt 0 0
vt 0 0
vt 0 0
vt 0 0
vt 0 0
vt 0 0
vt 0 0
vt 0 0
vt 0 0
vt 0 0
vt 0 0
vt 0 0
vt 0 0
vt 0 0
vt 0 0
vt 0 0
vt 0 0
vt 0 0
vt 0 0
vt 0 0
vt 0 0
vt 0 0
vt 0 0
vt 0 0
vt 0 0
vt 0 0
vt 0 0
vt 0 0
vt 0 0
vt 0 0
vt 0 0
vt 0 0
vt 0 0
vt 0 0
vt 0 0
vt 0 0
vt 0 0
vt 0 0
vt 0 0
vt 0 0
vt 0 0
vt 0 0
vt 0 0
vt 0 0
vt 0 0
vt 0 0
vt 0 0
vt 0 0
vt 0 0
vt 0 0
vt 0 0
vt 0 0
vt 0 0
vt 0 0
vt 0 0
vt 0 0
vt 0 0
vt 0 0
vt 0 0
vt 0 0
vt 0 0
vt 0 0
vt 0 0
vt 0 0
vt 0 0
vt 0 0
vt 0 0
vt 0 0
vt 0 0
vt 0 0
vt 0 0
vt 0 0
vt 0 0
vt 0 0
vt 0 0
vt 0 0
vt 0 0
vt 0 0
vt 0 0
vt 0 0
vt 0 0
vt 0 0
vt 0 0
vt 0 0
vt 0 0
vt 0 0
vt 0 0
vt 0 0
vt 0 0
vt 0 0
vt 0 0
vt 0 0
vt 0 0
vt 0 0
vt 0 0
vt 0 0
vt 0 0
vt 0 0
vt 0 0
vt 0 0
vt 0 0
vt 0 0
vt 0 0
vt 0 0
vt 0 0
vt 0 0
vt 0 0
vt 0 0
vt 0 0
vt 0 0
vt 0 0
vt 0 0
vt 0 0
vt 0 0
vt 0 0
vt 0 0
vt 0 0
vt 0 0
vt 0 0
vt 0 0
vt 0 0
vt 0 0
vt 0 0
vt 0 0
vt 0 0
vt 0 0
vt 0 0
vt 0 0
vt 0 0
vt 0 0
vt 0 0
vt 0 0
vt 0 0
vt 0 0
vt 0 0
vt 0 0
vt 0 0
vt 0 0
vt 0 0
vt 0 0
vt 0 0
vt 0 0
vt 0 0
vt 0 0
vt 0 0
vt 0 0
vt 0 0
vt 0 0
vt 0 0
vt 0 0
vt 0 0
vt 0 0
vt 0 0
vt 0 0
vt 0 0
vt 0 0
vt 0 0
vt 0 0
vt 0 0
vt 0 0
vt 0 0
vt 0 0
vt 0 0
vt 0 0
vt 0 0
vt 0 0
vt 0 0
vt 0 0
vt 0 0
vt 0 0
vt 0 0
vt 0 0
vt 0 0
vt 0 0
vt 0 0
vt 0 0
vt 0 0
vt 0 0
vt 0 0
vt 0 0
vt 0 0
vt 0 0
vt 0 0
vt 0 0
vt 0 0
vt 0 0
vt 0 0
vt 0 0
vt 0 0
vt 0 0
vt 0 0
vt 0 0
vt 0 0
vt 0 0
vt 0 0
vt 0 0
vt 0 0
vt 0 0
vt 0 0
vt 0 0
vt 0 0
vt 0 0
vt 0 0
vt 0 0
vt 0 0
vt 0 0
vt 0 0
vt 0 0
vt 0 0
vt 0 0
vt 0 0
vt 0 0
vt 0 0
vt 0 0
vt 0 0
vt 0 0
vt 0 0
vt 0 0
vt 0 0
vt 0 0
vt 0 0
vt 0 0
vt 0 0
vt 0 0
vt 0 0
vt 0 0
vt 0 0
vt 0 0
vt 0 0
vt 0 0
vt 0 0
vt 0 0
vt 0 0
vt 0 0
vt 0 0
vt 0 0
vt 0 0
vt 0 0
vt 0 0
vt 0 0
vt 0 0
vt 0 0
vt 0 0
vt 0 0
vt 0 0
vt 0 0
vt 0 0
vt 0 0
vt 0 0
vt 0 0
vt 0 0
vt 0 0
vt 0 0
vt 0 0
vt 0 0
vt 0 0
vt 0 0
vt 0 0
vt 0 0
vt 0 0
vt 0 0
vt 0 0
vt 0 0
vt 0 0
vt 0 0
vt 0 0
vt 0 0
vt 0 0
vt 0 0
vt 0 0
vt 0 0
vt 0 0
vt 0 0
vt 0 0
vt 0 0
vt 0 0
vt 0 0
vt 0 0
vt 0 0
vt 0 0
vt 0 0
vt 0 0
vt 0 0
vt 0 0
vt 0 0
vt 0 0
vt 0 0
vt 0 0
vt 0 0
vt 0 0
vt 0 0
vt 0 0
vt 0 0
vt 0 0
vt 0 0
vt 0 0
vt 0 0
vt 0 0
vt 0 0
vt 0 0
vt 0 0
vt 0 0
vt 0 0
vt 0 0
vt 0 0
vt 0 0
vt 0 0
vt 0 0
vt 0 0
vt 0 0
vt 0 0
vt 0 0
vt 0 0
vt 0 0
vt 0 0
vt 0 0
vt 0 0
vt 0 0
vt 0 0
vt 0 0
vt 0 0
vt 0 0
vt 0 0
vt 0 0
vt 0 0
vt 0 0
vt 0 0
vt 0 0
vt 0 0
vt 0 0
vt 0 0
vt 0 0
vt 0 0
vt 0 0
vt 0 0
vt 0 0
vt 0 0
vt 0 0
vt 0 0
vt 0 0
vt 0 0
vt 0 0
vt 0 0
vt 0 0
vt 0 0
vt 0 0
vt 0 0
vt 0 0
vt 0 0
vt 0 0
vt 0 0
vt 0 0
vt 0 0
vt 0 0
vt 0 0
vt 0 0
vt 0 0
vt 0 0
vt 0 0
vt 0 0
vt 0 0
vt 0 0
vt 0 0
vt 0 0
vt 0 0
vt 0 0
vt 0 0
vt 0 0
vt 0 0
vt 0 0
vt 0 0
vt 0 0
vt 0 0
vt 0 0
vt 0 0
vt 0 0
vt 0 0
vt 0 0
vt 0 0
vt 0 0
vt 0 0
vt 0 0
vt 0 0
vt 0 0
vt 0 0
vt 0 0
vt 0 0
vt 0 0
vt 0 0
vt 0 0
vt 0 0
vt 0 0
vt 0 0
vt 0 0
vt 0 0
vt 0 0
vt 0 0
vt 0 0
vt 0 0
vt 0 0
vt 0 0
vt 0 0
vt 0 0
vt 0 0
vt 0 0
vt 0 0
vt 0 0
vt 0 0
vt 0 0
vt 0 0
vt 0 0
vt 0 0
vn 0.840834 0.23951 0.48542
vn 0.928149 0.276915 0.248713
vn 0.8321 0.277 0.4805
vn 0.937831 0.239408 0.251308
vn 0.686526 0.239509 0.686526
vn 0.679507 0.276903 0.679407
vn 0.848229 0.201707 0.489717
vn 0.946076 0.201695 0.253494
vn 0.960872 0.276992 0
vn 0.97092 0.239405 0
vn 0.917038 0.314113 0.24571
vn 0.822253 0.313982 0.474673
vn 0.485496 0.239498 0.840794
vn 0.480423 0.277013 0.83214
vn 0.692575 0.201693 0.692575
vn 0.671339 0.314018 0.671339
vn 0.854326 0.163605 0.493315
vn 0.952918 0.163603 0.255305
vn 0.979426 0.201805 0
vn 0.928149 0.276915 -0.248713
vn 0.937831 0.239408 -0.251308
vn 0.949391 0.314097 0
vn 0.904609 0.350604 0.242403
vn 0.811094 0.350597 0.468197
vn 0.474697 0.314098 0.822195
vn 0.251302 0.239502 0.937809
vn 0.248706 0.277007 0.928123
vn 0.489717 0.201707 0.848229
vn 0.69758 0.163595 0.69758
vn 0.662197 0.350699 0.662197
vn 0.856869 0.144795 0.494782
vn 0.955776 0.144596 0.256094
vn 0.986526 0.163604 0
vn 0.946076 0.201695 -0.253494
vn 0.83214 0.277013 -0.480423
vn 0.840834 0.23951 -0.48542
vn 0.917038 0.314113 -0.24571
vn 0.936522 0.350608 0
vn 0.890817 0.386607 0.238705
vn 0.798598 0.386699 0.461199
vn 0.468197 0.350597 0.811094
vn 0.245695 0.313994 0.917083
vn 0 0.239499 0.970897
vn 0 0.276992 0.960872
vn 0.253494 0.201695 0.946076
vn 0.493273 0.163591 0.854353
vn 0.699725 0.144605 0.699625
vn 0.652098 0.386699 0.652098
vn 0.98949 0.144599 0
vn 0.952894 0.163599 -0.255398
vn 0.848246 0.201611 -0.489726
vn 0.679489 0.276995 -0.679389
vn 0.686526 0.239509 -0.686526
vn 0.822221 0.314008 -0.474712
vn 0.904609 0.350604 -0.242403
vn 0.92224 0.386617 0
vn 0.875595 0.422197 0.234699
vn 0.785088 0.422093 0.453293
vn 0.461101 0.386601 0.798702
vn 0.242403 0.350604 0.904609
vn 0 0.314007 0.949421
vn -0.248706 0.277007 0.928123
vn -0.251302 0.239502 0.937809
vn 0 0.201709 0.979445
vn 0.255305 0.163603 0.952918
vn 0.494789 0.144697 0.856882
vn 0.640981 0.422088 0.641081
vn 0.955776 0.144596 -0.256094
vn 0.854353 0.163591 -0.493273
vn 0.692575 0.201693 -0.692575
vn 0.485496 0.239498 -0.840794
vn 0.480423 0.277013 -0.83214
vn 0.671339 0.314018 -0.671339
vn 0.811094 0.350597 -0.468197
vn 0.890817 0.386607 -0.238705
vn 0.906541 0.422119 0
vn 0.859211 0.456906 0.230203
vn 0.770388 0.456893 0.444693
vn 0.453293 0.422093 0.785088
vn 0.238705 0.386607 0.890817
vn 0 0.350608 0.936522
vn -0.245695 0.313994 0.917083
vn -0.480423 0.277013 0.83214
vn -0.485496 0.239498 0.840794
vn -0.253494 0.201695 0.946076
vn 0 0.163604 0.986526
vn 0.25609 0.144694 0.955762
vn 0.628988 0.456891 0.628988
vn 0.856912 0.144802 -0.494707
vn 0.69758 0.163595 -0.69758
vn 0.489717 0.201707 -0.848229
vn 0.251302 0.239502 -0.937809
vn 0.248706 0.277007 -0.928123
vn 0.474697 0.314098 -0.822195
vn 0.662197 0.350699 -0.662197
vn 0.798635 0.386717 -0.46112
vn 0.875652 0.422125 -0.234614
vn 0.889514 0.456907 0
vn 0.841478 0.490987 0.225494
vn 0.754383 0.491089 0.43559
vn 0.444807 0.456908 0.770313
vn 0.234688 0.422078 0.875655
vn 0 0.386617 0.92224
vn -0.242403 0.350604 0.904609
vn -0.474697 0.314098 0.822195
vn -0.679489 0.276995 0.679389
vn -0.686526 0.239509 0.686526
vn -0.489717 0.201707 0.848229
vn -0.255305 0.163603 0.952918
vn 0 0.144697 0.989476
vn 0.61591 0.491108 0.61601
vn 0.699676 0.144595 -0.699676
vn 0.493273 0.163591 -0.854353
vn 0.253494 0.201695 -0.946076
vn 0 0.239499 -0.970897
vn 0 0.276992 -0.960872
vn 0.245695 0.313994 -0.917083
vn 0.468197 0.350597 -0.811094
vn 0.652098 0.386699 -0.652098
vn 0.785088 0.422093 -0.453293
vn 0.859192 0.456996 -0.230098
vn 0.871169 0.490983 0
vn 0.822411 0.524507 0.220303
vn 0.737294 0.524495 0.425796
vn 0.43559 0.491089 0.754383
vn 0.230192 0.456985 0.859172
vn 0 0.422119 0.906541
vn -0.238705 0.386607 0.890817
vn -0.468197 0.350597 0.811094
vn -0.671318 0.314108 0.671318
vn -0.840834 0.23951 0.48542
vn -0.83214 0.277013 0.480423
vn -0.692575 0.201693 0.692575
vn -0.493273 0.163591 0.854353
vn -0.25609 0.144694 0.955762
vn 0.602087 0.524388 0.602087
vn 0.494789 0.144697 -0.856882
vn 0.255305 0.163603 -0.952918
vn 0 0.201709 -0.979445
vn -0.251302 0.239502 -0.937809
vn -0.248706 0.277007 -0.928123
vn 0 0.314007 -0.949421
vn 0.242403 0.350604 -0.904609
vn 0.461101 0.386601 -0.798702
vn 0.640981 0.422088 -0.641081
vn 0.770347 0.456928 -0.444727
vn 0.841478 0.490987 -0.225494
vn 0.851408 0.524505 0
vn 0.811912 0.541708 0.217603
vn 0.727895 0.541696 0.420397
vn 0.425683 0.524479 0.737371
vn 0.225502 0.491104 0.841407
vn 0 0.456907 0.889514
vn -0.234688 0.422078 0.875655
vn -0.461101 0.386601 0.798702
vn -0.662197 0.350699 0.662197
vn -0.822221 0.314008 0.474712
vn -0.937831 0.239408 0.251308
vn -0.928163 0.276889 0.24869
vn -0.848229 0.201707 0.489717
vn -0.69758 0.163595 0.69758
vn -0.494797 0.144599 0.856894
vn 0.594479 0.54158 0.594379
vn 0.25609 0.144694 -0.955762
vn 0 0.163604 -0.986526
vn -0.253494 0.201695 -0.946076
vn -0.480423 0.277013 -0.83214
vn -0.485496 0.239498 -0.840794
vn -0.245695 0.313994 -0.917083
vn 0 0.350608 -0.936522
vn 0.238705 0.386607 -0.890817
vn 0.453293 0.422093 -0.785088
vn 0.628988 0.456891 -0.628988
vn 0.754383 0.491089 -0.43559
vn 0.822393 0.524495 -0.220398
vn 0.84058 0.541687 0
vn 0.420307 0.541609 0.728012
vn 0.220303 0.524507 0.822411
vn 0 0.491101 0.871102
vn -0.230192 0.456985 0.859172
vn -0.453293 0.422093 0.785088
vn -0.652098 0.386699 0.652098
vn -0.811094 0.350597 0.468197
vn -0.917077 0.314092 0.245594
vn -0.970897 0.239499 0
vn -0.960872 0.276992 0
vn -0.946076 0.201695 0.253494
vn -0.854353 0.163591 0.493273
vn -0.699625 0.144605 0.699725
vn 0 0.144697 -0.989476
vn -0.255305 0.163603 -0.952918
vn -0.489717 0.201707 -0.848229
vn -0.679507 0.276903 -0.679407
vn -0.686526 0.239509 -0.686526
vn -0.474697 0.314098 -0.822195
vn -0.242403 0.350604 -0.904609
vn 0 0.386617 -0.92224
vn 0.234688 0.422078 -0.875655
vn 0.444807 0.456908 -0.770313
vn 0.61591 0.491108 -0.61601
vn 0.737325 0.524518 -0.425714
vn 0.811912 0.541708 -0.217603
vn 0.217597 0.541593 0.81199
vn 0 0.524505 0.851408
vn -0.225502 0.491104 0.841407
vn -0.444807 0.456908 0.770313
vn -0.640981 0.422088 0.641081
vn -0.798665 0.386583 0.46118
vn -0.904609 0.350604 0.242403
vn -0.949421 0.314007 0.000100002
vn -0.937855 0.239414 -0.251215
vn -0.928186 0.276896 -0.248596
vn -0.979426 0.201805 0
vn -0.952894 0.163599 0.255398
vn -0.856912 0.144802 0.494707
vn -0.25609 0.144694 -0.955762
vn -0.493273 0.163591 -0.854353
vn -0.692575 0.201693 -0.692575
vn -0.8321 0.277 -0.4805
vn -0.840834 0.23951 -0.48542
vn -0.671339 0.314018 -0.671339
vn -0.468197 0.350597 -0.811094
vn -0.238705 0.386607 -0.890817
vn 0 0.422119 -0.906541
vn 0.230192 0.456985 -0.859172
vn 0.43559 0.491089 -0.754383
vn 0.602023 0.52442 -0.602123
vn 0.727973 0.54168 -0.420284
vn 0 0.541617 0.840626
vn -0.220303 0.524507 0.822411
vn -0.43559 0.491089 0.754383
vn -0.628988 0.456891 0.628988
vn -0.785121 0.422011 0.453312
vn -0.890817 0.386607 0.238705
vn -0.936522 0.350608 0
vn -0.917038 0.314113 -0.24571
vn -0.946076 0.201695 -0.253494
vn -0.986526 0.163604 0
vn -0.955776 0.144596 0.256094
vn -0.494797 0.144599 -0.856894
vn -0.697592 0.163498 -0.697592
vn -0.848229 0.201707 -0.489717
vn -0.822253 0.313982 -0.474673
vn -0.662197 0.350699 -0.662197
vn -0.461101 0.386601 -0.798702
vn -0.234688 0.422078 -0.875655
vn 0 0.456907 -0.889514
vn 0.225502 0.491104 -0.841407
vn 0.425683 0.524479 -0.737371
vn 0.594414 0.541613 -0.594414
vn -0.217597 0.541593 0.81199
vn -0.425683 0.524479 0.737371
vn -0.61591 0.491108 0.61601
vn -0.770347 0.456928 0.444727
vn -0.875675 0.422088 0.234593
vn -0.92224 0.386617 0
vn -0.904609 0.350604 -0.242403
vn -0.952918 0.163603 -0.255305
vn -0.98949 0.144599 0
vn -0.699676 0.144595 -0.699676
vn -0.854326 0.163605 -0.493315
vn -0.811094 0.350597 -0.468197
vn -0.652098 0.386699 -0.652098
vn -0.453293 0.422093 -0.785088
vn -0.230192 0.456985 -0.859172
vn 0 0.491101 -0.871102
vn 0.220303 0.524507 -0.822411
vn 0.420307 0.541609 -0.728012
vn -0.420307 0.541609 0.728012
vn -0.601991 0.524493 0.602091
vn -0.754383 0.491089 0.43559
vn -0.859192 0.456996 0.230098
vn -0.906541 0.422119 0
vn -0.890838 0.386573 -0.238683
vn -0.955776 0.144596 -0.256094
vn -0.856869 0.144795 -0.494782
vn -0.798598 0.386699 -0.461199
vn -0.640981 0.422088 -0.641081
vn -0.444807 0.456908 -0.770313
vn -0.225502 0.491104 -0.841407
vn 0 0.524505 -0.851408
vn 0.217597 0.541593 -0.81199
vn -0.594414 0.541613 0.594414
vn -0.737402 0.524502 0.425601
vn -0.841426 0.491115 0.225407
vn -0.889514 0.456907 0
vn -0.875595 0.422197 -0.234699
vn -0.785088 0.422093 -0.453293
vn -0.628988 0.456891 -0.628988
vn -0.43559 0.491089 -0.754383
vn -0.220303 0.524507 -0.822411
vn 0 0.541617 -0.840626
vn -0.728012 0.541609 0.420307
vn -0.822393 0.524495 0.220398
vn -0.871145 0.491025 0
vn -0.859211 0.456906 -0.230203
vn -0.770388 0.456893 -0.444693
vn -0.61591 0.491108 -0.61601
vn -0.425683 0.524479 -0.737371
vn -0.217597 0.541593 -0.81199
vn -0.812016 0.541511 0.217704
vn -0.851408 0.524505 0
vn -0.841407 0.491104 -0.225502
vn -0.754416 0.49111 -0.435509
vn -0.601991 0.524493 -0.602091
vn -0.420307 0.541609 -0.728012
vn -0.840655 0.541571 -9.99946e-05
vn -0.822393 0.524495 -0.220398
vn -0.737371 0.524479 -0.425683
vn -0.594414 0.541613 -0.594414
vn -0.812086 0.541491 -0.217496
vn -0.728012 0.541609 -0.420307
vn 0.848291 -0.201498 0.489695
vn 0.686495 -0.239398 0.686595
vn 0.840884 -0.239395 0.485391
vn 0.692603 -0.201501 0.692603
vn 0.946095 -0.201599 0.253499
vn 0.937831 -0.239408 0.251308
vn 0.854395 -0.163299 0.493297
vn 0.697603 -0.163401 0.697603
vn 0.489726 -0.201611 0.848246
vn 0.485391 -0.239395 0.840884
vn 0.679461 -0.276884 0.679461
vn 0.832171 -0.27699 0.480383
vn 0.979469 -0.201594 0
vn 0.97092 -0.239405 0
vn 0.95291 -0.163502 0.255403
vn 0.928126 -0.276908 0.248807
vn 0.856907 -0.144501 0.494804
vn 0.699686 -0.144497 0.699686
vn 0.493289 -0.163396 0.854381
vn 0.480487 -0.276792 0.832177
vn 0.253499 -0.201599 0.946095
vn 0.251308 -0.239408 0.937831
vn 0.671394 -0.313997 0.671294
vn 0.822247 -0.313918 0.474727
vn 0.946095 -0.201599 -0.253499
vn 0.937831 -0.239408 -0.251308
vn 0.986542 -0.163507 0
vn 0.960925 -0.276807 0
vn 0.955752 -0.144593 0.256187
vn 0.917089 -0.313896 0.245797
vn 0.494721 -0.144606 0.856937
vn 0.255407 -0.163404 0.952925
vn 0.474688 -0.313892 0.822279
vn 0.24869 -0.276889 0.928163
vn 0 -0.201594 0.979469
vn 0 -0.239405 0.97092
vn 0.6623 -0.3505 0.6622
vn 0.811113 -0.350406 0.468307
vn 0.848308 -0.201402 -0.489705
vn 0.840834 -0.23951 -0.48542
vn 0.95291 -0.163502 -0.255403
vn 0.928126 -0.276908 -0.248807
vn 0.98949 -0.144599 0
vn 0.949421 -0.314007 0
vn 0.904691 -0.350396 0.242398
vn 0.256097 -0.144498 0.95579
vn 0 -0.163491 0.986545
vn 0.468307 -0.350406 0.811113
vn 0.245703 -0.313904 0.917112
vn 0 -0.2769 0.960899
vn -0.251308 -0.239408 0.937831
vn -0.253499 -0.201599 0.946095
vn 0.652206 -0.386504 0.652106
vn 0.798696 -0.386498 0.461198
vn 0.692603 -0.201501 -0.692603
vn 0.686495 -0.239398 -0.686595
vn 0.854381 -0.163396 -0.493289
vn 0.832171 -0.27699 -0.480383
vn 0.955752 -0.144593 -0.256187
vn 0.917089 -0.313896 -0.245797
vn 0.936522 -0.350608 0
vn 0.890872 -0.386488 0.238693
vn 0 -0.144501 0.989505
vn -0.255407 -0.163404 0.952925
vn 0.46118 -0.386583 0.798665
vn 0.242389 -0.350484 0.904659
vn 0 -0.313887 0.94946
vn -0.24869 -0.276889 0.928163
vn -0.485508 -0.239404 0.840814
vn -0.489771 -0.201488 0.848249
vn 0.641067 -0.421978 0.641067
vn 0.785121 -0.422011 0.453312
vn 0.489726 -0.201611 -0.848246
vn 0.485391 -0.239395 -0.840884
vn 0.697603 -0.163401 -0.697603
vn 0.679507 -0.276903 -0.679407
vn 0.856907 -0.144501 -0.494804
vn 0.822247 -0.313918 -0.474727
vn 0.904691 -0.350396 -0.242398
vn 0.922291 -0.386496 0
vn 0.875712 -0.422006 0.234603
vn -0.256097 -0.144498 0.95579
vn -0.493289 -0.163396 0.854381
vn 0.453312 -0.422011 0.785121
vn 0.238693 -0.386488 0.890872
vn 0 -0.350488 0.936567
vn -0.245703 -0.313904 0.917112
vn -0.480397 -0.276898 0.832194
vn -0.686542 -0.239415 0.686542
vn -0.692603 -0.201501 0.692603
vn 0.629077 -0.456783 0.628977
vn 0.770424 -0.456714 0.444814
vn 0.253499 -0.201599 -0.946095
vn 0.251308 -0.239408 -0.937831
vn 0.493289 -0.163396 -0.854381
vn 0.480487 -0.276792 -0.832177
vn 0.699686 -0.144497 -0.699686
vn 0.671394 -0.313997 -0.671294
vn 0.811113 -0.350406 -0.468307
vn 0.890872 -0.386488 -0.238693
vn 0.906597 -0.421998 0
vn 0.859276 -0.456787 0.230194
vn -0.494721 -0.144606 0.856937
vn -0.697603 -0.163401 0.697603
vn 0.444793 -0.456793 0.770389
vn 0.234698 -0.421996 0.875692
vn 0 -0.386496 0.922291
vn -0.242389 -0.350484 0.904659
vn -0.474688 -0.313892 0.822279
vn -0.679461 -0.276884 0.679461
vn -0.840794 -0.239498 0.485496
vn -0.848274 -0.201594 0.489685
vn 0.616002 -0.491002 0.616002
vn 0.754463 -0.490976 0.435579
vn 0 -0.239405 -0.97092
vn 0 -0.201594 -0.979469
vn 0.255407 -0.163404 -0.952925
vn 0.24869 -0.276889 -0.928163
vn 0.494721 -0.144606 -0.856937
vn 0.474688 -0.313892 -0.822279
vn 0.6623 -0.3505 -0.6622
vn 0.798696 -0.386498 -0.461198
vn 0.875692 -0.421996 -0.234698
vn 0.889576 -0.456788 0
vn 0.841496 -0.490998 0.225399
vn -0.699686 -0.144497 0.699686
vn -0.854367 -0.163494 0.493281
vn 0.435497 -0.490997 0.754496
vn 0.230213 -0.456827 0.85925
vn 0 -0.421998 0.906597
vn -0.238693 -0.386488 0.890872
vn -0.468291 -0.350493 0.811084
vn -0.671315 -0.313907 0.671415
vn -0.832154 -0.276885 0.480473
vn -0.937866 -0.239291 0.251291
vn -0.946095 -0.201599 0.253499
vn 0.602087 -0.524388 0.602087
vn 0.737409 -0.524407 0.425705
vn 0 -0.163394 -0.986561
vn 0 -0.2769 -0.960899
vn -0.251308 -0.239408 -0.937831
vn -0.253499 -0.201599 -0.946095
vn 0.256097 -0.144498 -0.95579
vn 0.245703 -0.313904 -0.917112
vn 0.468385 -0.350389 -0.811075
vn 0.652206 -0.386504 -0.652106
vn 0.785121 -0.422011 -0.453312
vn 0.859276 -0.456787 -0.230194
vn 0.871212 -0.490907 0
vn 0.822468 -0.52438 0.220391
vn -0.856907 -0.144501 0.494804
vn -0.952918 -0.163603 0.255305
vn 0.425705 -0.524407 0.737409
vn 0.225494 -0.490987 0.841478
vn 0 -0.456788 0.889576
vn -0.234698 -0.421996 0.875692
vn -0.46118 -0.386583 0.798665
vn -0.6623 -0.3505 0.6622
vn -0.822279 -0.313892 0.474688
vn -0.928163 -0.276889 0.24869
vn -0.97092 -0.239405 0
vn -0.979469 -0.201594 0
vn 0.594411 -0.54151 0.594511
vn 0.728099 -0.541499 0.420299
vn 0 -0.144501 -0.989505
vn -0.255407 -0.163404 -0.952925
vn 0 -0.313887 -0.94946
vn -0.24869 -0.276889 -0.928163
vn -0.485508 -0.239404 -0.840814
vn -0.489812 -0.201505 -0.848221
vn 0.242389 -0.350484 -0.904659
vn 0.46118 -0.386583 -0.798665
vn 0.641067 -0.421978 -0.641067
vn 0.770389 -0.456793 -0.444793
vn 0.841478 -0.490987 -0.225494
vn 0.85148 -0.524388 0
vn 0.812008 -0.541605 0.217502
vn -0.955776 -0.144596 0.256094
vn -0.986542 -0.163507 0
vn 0.420299 -0.541499 0.728099
vn 0.220391 -0.52438 0.822468
vn 0 -0.490983 0.871169
vn -0.230213 -0.456827 0.85925
vn -0.453312 -0.422011 0.785121
vn -0.652123 -0.386614 0.652123
vn -0.811084 -0.350493 0.468291
vn -0.917061 -0.313987 0.245789
vn -0.960925 -0.276807 0
vn -0.937866 -0.239291 -0.251291
vn -0.946095 -0.201599 -0.253499
vn -0.256097 -0.144498 -0.95579
vn -0.493289 -0.163396 -0.854381
vn 0 -0.350488 -0.936567
vn -0.245703 -0.313904 -0.917112
vn -0.480397 -0.276898 -0.832194
vn -0.686495 -0.239398 -0.686595
vn -0.692589 -0.201597 -0.692589
vn 0.238705 -0.386607 -0.890817
vn 0.453312 -0.422011 -0.785121
vn 0.629077 -0.456783 -0.628977
vn 0.7545 -0.4909 -0.4356
vn 0.822436 -0.524423 -0.22041
vn 0.840626 -0.541617 0
vn -0.98949 -0.144599 0
vn -0.952918 -0.163603 -0.255305
vn 0.217704 -0.541511 0.812016
vn 0 -0.524388 0.85148
vn -0.225494 -0.490987 0.841478
vn -0.444793 -0.456793 0.770389
vn -0.641108 -0.422005 0.641008
vn -0.798702 -0.386601 0.461101
vn -0.904669 -0.350388 0.242492
vn -0.949451 -0.313917 0
vn -0.928188 -0.276797 -0.248697
vn -0.840884 -0.239395 -0.485391
vn -0.848274 -0.201594 -0.489685
vn -0.494721 -0.144606 -0.856937
vn -0.697603 -0.163401 -0.697603
vn 0 -0.386496 -0.922291
vn -0.242389 -0.350484 -0.904659
vn -0.474688 -0.313892 -0.822279
vn -0.679507 -0.276903 -0.679407
vn 0.234698 -0.421996 -0.875692
vn 0.444793 -0.456793 -0.770389
vn 0.616002 -0.491002 -0.616002
vn 0.737409 -0.524407 -0.425705
vn 0.81199 -0.541593 -0.217597
vn -0.955776 -0.144596 -0.256094
vn -0.854367 -0.163494 -0.493281
vn 0 -0.5415 0.840701
vn -0.220391 -0.52438 0.822468
vn -0.435497 -0.490997 0.754496
vn -0.629077 -0.456783 0.628977
vn -0.785121 -0.422011 0.453312
vn -0.890796 -0.386598 0.238799
vn -0.9366 -0.3504 0
vn -0.917083 -0.313994 -0.245695
vn -0.832177 -0.276792 -0.480487
vn -0.699686 -0.144497 -0.699686
vn 0 -0.421998 -0.906597
vn -0.238693 -0.386488 -0.890872
vn -0.468291 -0.350493 -0.811084
vn -0.67137 -0.313886 -0.67137
vn 0.230213 -0.456827 -0.85925
vn 0.435497 -0.490997 -0.754496
vn 0.602087 -0.524388 -0.602087
vn 0.728146 -0.54146 -0.420269
vn -0.856907 -0.144501 -0.494804
vn -0.217591 -0.541479 0.812068
vn -0.425728 -0.524334 0.737448
vn -0.616002 -0.491002 0.616002
vn -0.770389 -0.456793 0.444793
vn -0.875692 -0.421996 0.234698
vn -0.92224 -0.386617 0
vn -0.904669 -0.350388 -0.242492
vn -0.822279 -0.313892 -0.474688
vn -0.234698 -0.421996 -0.875692
vn 0 -0.456788 -0.889576
vn -0.46118 -0.386583 -0.798665
vn -0.6623 -0.3505 -0.6622
vn 0.225494 -0.490987 -0.841478
vn 0.425705 -0.524407 -0.737409
vn 0.594411 -0.54151 -0.594511
vn -0.420404 -0.541405 0.728107
vn -0.602087 -0.524388 0.602087
vn -0.7545 -0.4909 0.4356
vn -0.859276 -0.456787 0.230194
vn -0.906541 -0.422119 0
vn -0.890796 -0.386598 -0.238799
vn -0.811094 -0.350597 -0.468197
vn -0.230213 -0.456827 -0.85925
vn -0.453312 -0.422011 -0.785121
vn 0 -0.490983 -0.871169
vn -0.652181 -0.386589 -0.652081
vn 0.220391 -0.52438 -0.822468
vn 0.420299 -0.541499 -0.728099
vn -0.594411 -0.54151 0.594511
vn -0.737378 -0.524384 0.425787
vn -0.841478 -0.490987 0.225494
vn -0.889576 -0.456788 0
vn -0.875692 -0.421996 -0.234698
vn -0.798696 -0.386498 -0.461198
vn -0.225494 -0.490987 -0.841478
vn -0.444793 -0.456793 -0.770389
vn -0.641108 -0.422005 -0.641008
vn 0 -0.524388 -0.85148
vn 0.217704 -0.541511 -0.812016
vn -0.728068 -0.541476 0.420382
vn -0.822468 -0.52438 0.220391
vn -0.871212 -0.490907 0
vn -0.859276 -0.456787 -0.230194
vn -0.785121 -0.422011 -0.453312
vn -0.220391 -0.52438 -0.822468
vn -0.435497 -0.490997 -0.754496
vn -0.629077 -0.456783 -0.628977
vn 0 -0.5415 -0.840701
vn -0.812112 -0.541408 0.217603
vn -0.85148 -0.524388 0
vn -0.841478 -0.490987 -0.225494
vn -0.770424 -0.456714 -0.444814
vn -0.217591 -0.541479 -0.812068
vn -0.425728 -0.524334 -0.737448
vn -0.616002 -0.491002 -0.616002
vn -0.840655 -0.541571 9.99946e-05
vn -0.822493 -0.524296 -0.220498
vn -0.754463 -0.490976 -0.435579
vn -0.420404 -0.541405 -0.728107
vn -0.602087 -0.524388 -0.602087
vn -0.812068 -0.541479 -0.217591
vn -0.737409 -0.524407 -0.425705
vn -0.594475 -0.541478 -0.594475
vn -0.728107 -0.541405 -0.420404
vn 0 1 0
vn 0 1 0
vn 0 1 0
vn 0 1 0
vn 0 1 0
vn 0 1 0
vn 0 1 0
vn 0 1 0
vn 0 1 0
vn 0 1 0
vn 0 1 0
vn 0 1 0
vn 0 1 0
vn 0 1 0
vn 0 1 0
vn 0 1 0
vn 0 1 0
vn 0 1 0
vn 0 1 0
vn 0 1 0
vn 0 1 0
vn 0 1 0
vn 0 1 0
vn 0 1 0
vn 0 1 0
vn 0 1 0
vn 0 1 0
vn 0 1 0
vn 0 1 0
vn 0 1 0
vn 0 1 0
vn 0 1 0
vn 0 1 0
vn 0 1 0
vn 0 1 0
vn 0 1 0
vn 0 1 0
vn 0 1 0
vn 0 1 0
vn 0 1 0
vn 0 1 0
vn 0 1 0
vn 0 1 0
vn 0 1 0
vn 0 1 0
vn 0 1 0
vn 0 1 0
vn 0 1 0
vn 1 0 0
vn 1 0 0
vn 1 0 0
vn 1 0 0
vn 0 1 0
vn 0 1 0
vn 0 1 0
vn 0 1 0
vn -1 0 0
vn -1 0 0
vn -1 0 0
vn -1 0 0
vn 0 0 1
vn 0 0 1
vn 0 0 1
vn 0 0 1
vn 0 0 -1
vn 0 0 -1
vn 0 0 -1
vn 0 0 -1
vn 1 0 0
vn 1 0 0
vn 1 0 0
vn 1 0 0
vn 0 0 -1
vn 0 0 -1
vn 0 0 -1
vn 0 0 -1
vn -1 0 0
vn -1 0 0
vn -1 0 0
vn -1 0 0
vn 0 0 1
vn 0 0 1
vn 0 0 1
vn 0 0 1
vn 0 1 0
vn 0 1 0
vn 0 1 0
vn 0 1 0
vn 0 1 0
vn 0 1 0
vn 0 1 0
vn 0 1 0
vn 0 1 0
vn 0 1 0
vn 0 1 0
vn 0 1 0
usemtl auto_16.002
s off
f 956/956/956 957/957/957 958/958/958
f 957/957/957 956/956/956 959/959/959
f 960/960/960 958/958/958 961/961/961
f 958/958/958 960/960/960 956/956/956
f 962/962/962 959/959/959 956/956/956
f 959/959/959 962/962/962 963/963/963
f 959/959/959 964/964/964 957/957/957
f 964/964/964 959/959/959 965/965/965
f 958/958/958 966/966/966 967/967/967
f 966/966/966 958/958/958 957/957/957
f 961/961/961 968/968/968 960/960/960
f 968/968/968 961/961/961 969/969/969
f 970/970/970 956/956/956 960/960/960
f 956/956/956 970/970/970 962/962/962
f 961/961/961 967/967/967 971/971/971
f 967/967/967 961/961/961 958/958/958
f 972/972/972 963/963/963 962/962/962
f 963/963/963 972/972/972 973/973/973
f 963/963/963 965/965/965 959/959/959
f 965/965/965 963/963/963 974/974/974
f 965/965/965 975/975/975 964/964/964
f 975/975/975 965/965/965 976/976/976
f 957/957/957 977/977/977 966/966/966
f 977/977/977 957/957/957 964/964/964
f 967/967/967 978/978/978 979/979/979
f 978/978/978 967/967/967 966/966/966
f 971/971/971 969/969/969 961/961/961
f 969/969/969 971/971/971 980/980/980
f 969/969/969 981/981/981 968/968/968
f 981/981/981 969/969/969 982/982/982
f 960/960/960 983/983/983 970/970/970
f 983/983/983 960/960/960 968/968/968
f 984/984/984 962/962/962 970/970/970
f 962/962/962 984/984/984 972/972/972
f 971/971/971 979/979/979 985/985/985
f 979/979/979 971/971/971 967/967/967
f 986/986/986 973/973/973 972/972/972
f 973/973/973 986/986/986 987/987/987
f 973/973/973 974/974/974 963/963/963
f 974/974/974 973/973/973 988/988/988
f 974/974/974 976/976/976 965/965/965
f 976/976/976 974/974/974 989/989/989
f 976/976/976 990/990/990 975/975/975
f 990/990/990 976/976/976 991/991/991
f 964/964/964 992/992/992 977/977/977
f 992/992/992 964/964/964 975/975/975
f 966/966/966 993/993/993 978/978/978
f 993/993/993 966/966/966 977/977/977
f 979/979/979 994/994/994 995/995/995
f 994/994/994 979/979/979 978/978/978
f 985/985/985 980/980/980 971/971/971
f 980/980/980 985/985/985 996/996/996
f 980/980/980 982/982/982 969/969/969
f 982/982/982 980/980/980 997/997/997
f 982/982/982 998/998/998 981/981/981
f 998/998/998 982/982/982 999/999/999
f 968/968/968 1000/1000/1000 983/983/983
f 1000/1000/1000 968/968/968 981/981/981
f 970/970/970 1001/1001/1001 984/984/984
f 1001/1001/1001 970/970/970 983/983/983
f 1002/1002/1002 972/972/972 984/984/984
f 972/972/972 1002/1002/1002 986/986/986
f 985/985/985 995/995/995 1003/1003/1003
f 995/995/995 985/985/985 979/979/979
f 987/987/987 988/988/988 973/973/973
f 988/988/988 987/987/987 1004/1004/1004
f 988/988/988 989/989/989 974/974/974
f 989/989/989 988/988/988 1005/1005/1005
f 989/989/989 991/991/991 976/976/976
f 991/991/991 989/989/989 1006/1006/1006
f 991/991/991 1007/1007/1007 990/990/990
f 1007/1007/1007 991/991/991 1008/1008/1008
f 975/975/975 1009/1009/1009 992/992/992
f 1009/1009/1009 975/975/975 990/990/990
f 977/977/977 1010/1010/1010 993/993/993
f 1010/1010/1010 977/977/977 992/992/992
f 978/978/978 1011/1011/1011 994/994/994
f 1011/1011/1011 978/978/978 993/993/993
f 995/995/995 1012/1012/1012 1013/1013/1013
f 1012/1012/1012 995/995/995 994/994/994
f 1003/1003/1003 996/996/996 985/985/985
f 996/996/996 1003/1003/1003 1014/1014/1014
f 996/996/996 997/997/997 980/980/980
f 997/997/997 996/996/996 1015/1015/1015
f 997/997/997 999/999/999 982/982/982
f 999/999/999 997/997/997 1016/1016/1016
f 1017/1017/1017 998/998/998 999/999/999
f 998/998/998 1017/1017/1017 1018/1018/1018
f 981/981/981 1019/1019/1019 1000/1000/1000
f 1019/1019/1019 981/981/981 998/998/998
f 983/983/983 1020/1020/1020 1001/1001/1001
f 1020/1020/1020 983/983/983 1000/1000/1000
f 984/984/984 1021/1021/1021 1002/1002/1002
f 1021/1021/1021 984/984/984 1001/1001/1001
f 1003/1003/1003 1013/1013/1013 1022/1022/1022
f 1013/1013/1013 1003/1003/1003 995/995/995
f 1004/1004/1004 1005/1005/1005 988/988/988
f 1005/1005/1005 1004/1004/1004 1023/1023/1023
f 1005/1005/1005 1006/1006/1006 989/989/989
f 1006/1006/1006 1005/1005/1005 1024/1024/1024
f 1006/1006/1006 1008/1008/1008 991/991/991
f 1008/1008/1008 1006/1006/1006 1025/1025/1025
f 1026/1026/1026 1007/1007/1007 1008/1008/1008
f 1007/1007/1007 1026/1026/1026 1027/1027/1027
f 990/990/990 1028/1028/1028 1009/1009/1009
f 1028/1028/1028 990/990/990 1007/1007/1007
f 992/992/992 1029/1029/1029 1010/1010/1010
f 1029/1029/1029 992/992/992 1009/1009/1009
f 993/993/993 1030/1030/1030 1011/1011/1011
f 1030/1030/1030 993/993/993 1010/1010/1010
f 994/994/994 1031/1031/1031 1012/1012/1012
f 1031/1031/1031 994/994/994 1011/1011/1011
f 1013/1013/1013 1032/1032/1032 1033/1033/1033
f 1032/1032/1032 1013/1013/1013 1012/1012/1012
f 1022/1022/1022 1014/1014/1014 1003/1003/1003
f 1014/1014/1014 1022/1022/1022 1034/1034/1034
f 1014/1014/1014 1015/1015/1015 996/996/996
f 1015/1015/1015 1014/1014/1014 1035/1035/1035
f 1015/1015/1015 1016/1016/1016 997/997/997
f 1016/1016/1016 1015/1015/1015 1036/1036/1036
f 1037/1037/1037 999/999/999 1016/1016/1016
f 999/999/999 1037/1037/1037 1017/1017/1017
f 1038/1038/1038 1018/1018/1018 1017/1017/1017
f 1018/1018/1018 1038/1038/1038 1039/1039/1039
f 1018/1018/1018 1019/1019/1019 998/998/998
f 1019/1019/1019 1018/1018/1018 1040/1040/1040
f 1000/1000/1000 1041/1041/1041 1020/1020/1020
f 1041/1041/1041 1000/1000/1000 1019/1019/1019
f 1001/1001/1001 1042/1042/1042 1021/1021/1021
f 1042/1042/1042 1001/1001/1001 1020/1020/1020
f 1022/1022/1022 1033/1033/1033 1043/1043/1043
f 1033/1033/1033 1022/1022/1022 1013/1013/1013
f 1023/1023/1023 1024/1024/1024 1005/1005/1005
f 1024/1024/1024 1023/1023/1023 1044/1044/1044
f 1024/1024/1024 1025/1025/1025 1006/1006/1006
f 1025/1025/1025 1024/1024/1024 1045/1045/1045
f 1046/1046/1046 1008/1008/1008 1025/1025/1025
f 1008/1008/1008 1046/1046/1046 1026/1026/1026
f 1047/1047/1047 1027/1027/1027 1026/1026/1026
f 1027/1027/1027 1047/1047/1047 1048/1048/1048
f 1027/1027/1027 1028/1028/1028 1007/1007/1007
f 1028/1028/1028 1027/1027/1027 1049/1049/1049
f 1009/1009/1009 1050/1050/1050 1029/1029/1029
f 1050/1050/1050 1009/1009/1009 1028/1028/1028
f 1010/1010/1010 1051/1051/1051 1030/1030/1030
f 1051/1051/1051 1010/1010/1010 1029/1029/1029
f 1011/1011/1011 1052/1052/1052 1031/1031/1031
f 1052/1052/1052 1011/1011/1011 1030/1030/1030
f 1012/1012/1012 1053/1053/1053 1032/1032/1032
f 1053/1053/1053 1012/1012/1012 1031/1031/1031
f 1033/1033/1033 1054/1054/1054 1055/1055/1055
f 1054/1054/1054 1033/1033/1033 1032/1032/1032
f 1043/1043/1043 1034/1034/1034 1022/1022/1022
f 1034/1034/1034 1043/1043/1043 1056/1056/1056
f 1034/1034/1034 1035/1035/1035 1014/1014/1014
f 1035/1035/1035 1034/1034/1034 1057/1057/1057
f 1035/1035/1035 1036/1036/1036 1015/1015/1015
f 1036/1036/1036 1035/1035/1035 1058/1058/1058
f 1059/1059/1059 1016/1016/1016 1036/1036/1036
f 1016/1016/1016 1059/1059/1059 1037/1037/1037
f 1060/1060/1060 1017/1017/1017 1037/1037/1037
f 1017/1017/1017 1060/1060/1060 1038/1038/1038
f 1061/1061/1061 1039/1039/1039 1038/1038/1038
f 1039/1039/1039 1061/1061/1061 1062/1062/1062
f 1039/1039/1039 1040/1040/1040 1018/1018/1018
f 1040/1040/1040 1039/1039/1039 1063/1063/1063
f 1040/1040/1040 1041/1041/1041 1019/1019/1019
f 1041/1041/1041 1040/1040/1040 1064/1064/1064
f 1020/1020/1020 1065/1065/1065 1042/1042/1042
f 1065/1065/1065 1020/1020/1020 1041/1041/1041
f 1043/1043/1043 1055/1055/1055 1066/1066/1066
f 1055/1055/1055 1043/1043/1043 1033/1033/1033
f 1044/1044/1044 1045/1045/1045 1024/1024/1024
f 1045/1045/1045 1044/1044/1044 1067/1067/1067
f 1068/1068/1068 1025/1025/1025 1045/1045/1045
f 1025/1025/1025 1068/1068/1068 1046/1046/1046
f 1069/1069/1069 1026/1026/1026 1046/1046/1046
f 1026/1026/1026 1069/1069/1069 1047/1047/1047
f 1070/1070/1070 1048/1048/1048 1047/1047/1047
f 1048/1048/1048 1070/1070/1070 1071/1071/1071
f 1048/1048/1048 1049/1049/1049 1027/1027/1027
f 1049/1049/1049 1048/1048/1048 1072/1072/1072
f 1049/1049/1049 1050/1050/1050 1028/1028/1028
f 1050/1050/1050 1049/1049/1049 1073/1073/1073
f 1029/1029/1029 1074/1074/1074 1051/1051/1051
f 1074/1074/1074 1029/1029/1029 1050/1050/1050
f 1030/1030/1030 1075/1075/1075 1052/1052/1052
f 1075/1075/1075 1030/1030/1030 1051/1051/1051
f 1031/1031/1031 1076/1076/1076 1053/1053/1053
f 1076/1076/1076 1031/1031/1031 1052/1052/1052
f 1032/1032/1032 1077/1077/1077 1054/1054/1054
f 1077/1077/1077 1032/1032/1032 1053/1053/1053
f 1055/1055/1055 1078/1078/1078 1079/1079/1079
f 1078/1078/1078 1055/1055/1055 1054/1054/1054
f 1066/1066/1066 1056/1056/1056 1043/1043/1043
f 1056/1056/1056 1066/1066/1066 1080/1080/1080
f 1056/1056/1056 1057/1057/1057 1034/1034/1034
f 1057/1057/1057 1056/1056/1056 1081/1081/1081
f 1057/1057/1057 1058/1058/1058 1035/1035/1035
f 1058/1058/1058 1057/1057/1057 1082/1082/1082
f 1083/1083/1083 1036/1036/1036 1058/1058/1058
f 1036/1036/1036 1083/1083/1083 1059/1059/1059
f 1084/1084/1084 1037/1037/1037 1059/1059/1059
f 1037/1037/1037 1084/1084/1084 1060/1060/1060
f 1085/1085/1085 1038/1038/1038 1060/1060/1060
f 1038/1038/1038 1085/1085/1085 1061/1061/1061
f 1086/1086/1086 1061/1061/1061 1087/1087/1087
f 1061/1061/1061 1086/1086/1086 1062/1062/1062
f 1062/1062/1062 1063/1063/1063 1039/1039/1039
f 1063/1063/1063 1062/1062/1062 1088/1088/1088
f 1063/1063/1063 1064/1064/1064 1040/1040/1040
f 1064/1064/1064 1063/1063/1063 1089/1089/1089
f 1064/1064/1064 1065/1065/1065 1041/1041/1041
f 1065/1065/1065 1064/1064/1064 1090/1090/1090
f 1066/1066/1066 1079/1079/1079 1091/1091/1091
f 1079/1079/1079 1066/1066/1066 1055/1055/1055
f 1092/1092/1092 1045/1045/1045 1067/1067/1067
f 1045/1045/1045 1092/1092/1092 1068/1068/1068
f 1093/1093/1093 1046/1046/1046 1068/1068/1068
f 1046/1046/1046 1093/1093/1093 1069/1069/1069
f 1094/1094/1094 1047/1047/1047 1069/1069/1069
f 1047/1047/1047 1094/1094/1094 1070/1070/1070
f 1095/1095/1095 1071/1071/1071 1070/1070/1070
f 1071/1071/1071 1095/1095/1095 1096/1096/1096
f 1071/1071/1071 1072/1072/1072 1048/1048/1048
f 1072/1072/1072 1071/1071/1071 1097/1097/1097
f 1072/1072/1072 1073/1073/1073 1049/1049/1049
f 1073/1073/1073 1072/1072/1072 1098/1098/1098
f 1073/1073/1073 1074/1074/1074 1050/1050/1050
f 1074/1074/1074 1073/1073/1073 1099/1099/1099
f 1051/1051/1051 1100/1100/1100 1075/1075/1075
f 1100/1100/1100 1051/1051/1051 1074/1074/1074
f 1052/1052/1052 1101/1101/1101 1076/1076/1076
f 1101/1101/1101 1052/1052/1052 1075/1075/1075
f 1053/1053/1053 1102/1102/1102 1077/1077/1077
f 1102/1102/1102 1053/1053/1053 1076/1076/1076
f 1054/1054/1054 1103/1103/1103 1078/1078/1078
f 1103/1103/1103 1054/1054/1054 1077/1077/1077
f 1079/1079/1079 1104/1104/1104 1105/1105/1105
f 1104/1104/1104 1079/1079/1079 1078/1078/1078
f 1091/1091/1091 1080/1080/1080 1066/1066/1066
f 1080/1080/1080 1091/1091/1091 1106/1106/1106
f 1080/1080/1080 1081/1081/1081 1056/1056/1056
f 1081/1081/1081 1080/1080/1080 1107/1107/1107
f 1081/1081/1081 1082/1082/1082 1057/1057/1057
f 1082/1082/1082 1081/1081/1081 1108/1108/1108
f 1109/1109/1109 1058/1058/1058 1082/1082/1082
f 1058/1058/1058 1109/1109/1109 1083/1083/1083
f 1110/1110/1110 1059/1059/1059 1083/1083/1083
f 1059/1059/1059 1110/1110/1110 1084/1084/1084
f 1111/1111/1111 1060/1060/1060 1084/1084/1084
f 1060/1060/1060 1111/1111/1111 1085/1085/1085
f 1087/1087/1087 1085/1085/1085 1112/1112/1112
f 1085/1085/1085 1087/1087/1087 1061/1061/1061
f 1113/1113/1113 1087/1087/1087 1114/1114/1114
f 1087/1087/1087 1113/1113/1113 1086/1086/1086
f 1115/1115/1115 1062/1062/1062 1086/1086/1086
f 1062/1062/1062 1115/1115/1115 1088/1088/1088
f 1088/1088/1088 1089/1089/1089 1063/1063/1063
f 1089/1089/1089 1088/1088/1088 1116/1116/1116
f 1089/1089/1089 1090/1090/1090 1064/1064/1064
f 1090/1090/1090 1089/1089/1089 1117/1117/1117
f 1091/1091/1091 1105/1105/1105 1118/1118/1118
f 1105/1105/1105 1091/1091/1091 1079/1079/1079
f 1119/1119/1119 1068/1068/1068 1092/1092/1092
f 1068/1068/1068 1119/1119/1119 1093/1093/1093
f 1120/1120/1120 1069/1069/1069 1093/1093/1093
f 1069/1069/1069 1120/1120/1120 1094/1094/1094
f 1121/1121/1121 1070/1070/1070 1094/1094/1094
f 1070/1070/1070 1121/1121/1121 1095/1095/1095
f 1095/1095/1095 1122/1122/1122 1096/1096/1096
f 1122/1122/1122 1095/1095/1095 1123/1123/1123
f 1096/1096/1096 1097/1097/1097 1071/1071/1071
f 1097/1097/1097 1096/1096/1096 1124/1124/1124
f 1097/1097/1097 1098/1098/1098 1072/1072/1072
f 1098/1098/1098 1097/1097/1097 1125/1125/1125
f 1098/1098/1098 1099/1099/1099 1073/1073/1073
f 1099/1099/1099 1098/1098/1098 1126/1126/1126
f 1099/1099/1099 1100/1100/1100 1074/1074/1074
f 1100/1100/1100 1099/1099/1099 1127/1127/1127
f 1075/1075/1075 1128/1128/1128 1101/1101/1101
f 1128/1128/1128 1075/1075/1075 1100/1100/1100
f 1076/1076/1076 1129/1129/1129 1102/1102/1102
f 1129/1129/1129 1076/1076/1076 1101/1101/1101
f 1077/1077/1077 1130/1130/1130 1103/1103/1103
f 1130/1130/1130 1077/1077/1077 1102/1102/1102
f 1078/1078/1078 1131/1131/1131 1104/1104/1104
f 1131/1131/1131 1078/1078/1078 1103/1103/1103
f 1118/1118/1118 1106/1106/1106 1091/1091/1091
f 1106/1106/1106 1118/1118/1118 1132/1132/1132
f 1106/1106/1106 1107/1107/1107 1080/1080/1080
f 1107/1107/1107 1106/1106/1106 1133/1133/1133
f 1107/1107/1107 1108/1108/1108 1081/1081/1081
f 1108/1108/1108 1107/1107/1107 1134/1134/1134
f 1135/1135/1135 1082/1082/1082 1108/1108/1108
f 1082/1082/1082 1135/1135/1135 1109/1109/1109
f 1136/1136/1136 1083/1083/1083 1109/1109/1109
f 1083/1083/1083 1136/1136/1136 1110/1110/1110
f 1137/1137/1137 1084/1084/1084 1110/1110/1110
f 1084/1084/1084 1137/1137/1137 1111/1111/1111
f 1112/1112/1112 1111/1111/1111 1138/1138/1138
f 1111/1111/1111 1112/1112/1112 1085/1085/1085
f 1114/1114/1114 1112/1112/1112 1139/1139/1139
f 1112/1112/1112 1114/1114/1114 1087/1087/1087
f 1140/1140/1140 1114/1114/1114 1141/1141/1141
f 1114/1114/1114 1140/1140/1140 1113/1113/1113
f 1142/1142/1142 1086/1086/1086 1113/1113/1113
f 1086/1086/1086 1142/1142/1142 1115/1115/1115
f 1143/1143/1143 1088/1088/1088 1115/1115/1115
f 1088/1088/1088 1143/1143/1143 1116/1116/1116
f 1116/1116/1116 1117/1117/1117 1089/1089/1089
f 1117/1117/1117 1116/1116/1116 1144/1144/1144
f 1145/1145/1145 1093/1093/1093 1119/1119/1119
f 1093/1093/1093 1145/1145/1145 1120/1120/1120
f 1146/1146/1146 1094/1094/1094 1120/1120/1120
f 1094/1094/1094 1146/1146/1146 1121/1121/1121
f 1121/1121/1121 1123/1123/1123 1095/1095/1095
f 1123/1123/1123 1121/1121/1121 1147/1147/1147
f 1123/1123/1123 1148/1148/1148 1122/1122/1122
f 1148/1148/1148 1123/1123/1123 1149/1149/1149
f 1096/1096/1096 1150/1150/1150 1124/1124/1124
f 1150/1150/1150 1096/1096/1096 1122/1122/1122
f 1124/1124/1124 1125/1125/1125 1097/1097/1097
f 1125/1125/1125 1124/1124/1124 1151/1151/1151
f 1125/1125/1125 1126/1126/1126 1098/1098/1098
f 1126/1126/1126 1125/1125/1125 1152/1152/1152
f 1126/1126/1126 1127/1127/1127 1099/1099/1099
f 1127/1127/1127 1126/1126/1126 1153/1153/1153
f 1127/1127/1127 1128/1128/1128 1100/1100/1100
f 1128/1128/1128 1127/1127/1127 1154/1154/1154
f 1101/1101/1101 1155/1155/1155 1129/1129/1129
f 1155/1155/1155 1101/1101/1101 1128/1128/1128
f 1102/1102/1102 1156/1156/1156 1130/1130/1130
f 1156/1156/1156 1102/1102/1102 1129/1129/1129
f 1103/1103/1103 1157/1157/1157 1131/1131/1131
f 1157/1157/1157 1103/1103/1103 1130/1130/1130
f 1132/1132/1132 1133/1133/1133 1106/1106/1106
f 1133/1133/1133 1132/1132/1132 1158/1158/1158
f 1133/1133/1133 1134/1134/1134 1107/1107/1107
f 1134/1134/1134 1133/1133/1133 1159/1159/1159
f 1160/1160/1160 1108/1108/1108 1134/1134/1134
f 1108/1108/1108 1160/1160/1160 1135/1135/1135
f 1161/1161/1161 1109/1109/1109 1135/1135/1135
f 1109/1109/1109 1161/1161/1161 1136/1136/1136
f 1162/1162/1162 1110/1110/1110 1136/1136/1136
f 1110/1110/1110 1162/1162/1162 1137/1137/1137
f 1138/1138/1138 1137/1137/1137 1163/1163/1163
f 1137/1137/1137 1138/1138/1138 1111/1111/1111
f 1139/1139/1139 1138/1138/1138 1164/1164/1164
f 1138/1138/1138 1139/1139/1139 1112/1112/1112
f 1141/1141/1141 1139/1139/1139 1165/1165/1165
f 1139/1139/1139 1141/1141/1141 1114/1114/1114
f 1166/1166/1166 1141/1141/1141 1167/1167/1167
f 1141/1141/1141 1166/1166/1166 1140/1140/1140
f 1168/1168/1168 1113/1113/1113 1140/1140/1140
f 1113/1113/1113 1168/1168/1168 1142/1142/1142
f 1169/1169/1169 1115/1115/1115 1142/1142/1142
f 1115/1115/1115 1169/1169/1169 1143/1143/1143
f 1170/1170/1170 1116/1116/1116 1143/1143/1143
f 1116/1116/1116 1170/1170/1170 1144/1144/1144
f 1171/1171/1171 1120/1120/1120 1145/1145/1145
f 1120/1120/1120 1171/1171/1171 1146/1146/1146
f 1146/1146/1146 1147/1147/1147 1121/1121/1121
f 1147/1147/1147 1146/1146/1146 1172/1172/1172
f 1147/1147/1147 1149/1149/1149 1123/1123/1123
f 1149/1149/1149 1147/1147/1147 1173/1173/1173
f 1149/1149/1149 1174/1174/1174 1148/1148/1148
f 1174/1174/1174 1149/1149/1149 1175/1175/1175
f 1122/1122/1122 1176/1176/1176 1150/1150/1150
f 1176/1176/1176 1122/1122/1122 1148/1148/1148
f 1124/1124/1124 1177/1177/1177 1151/1151/1151
f 1177/1177/1177 1124/1124/1124 1150/1150/1150
f 1151/1151/1151 1152/1152/1152 1125/1125/1125
f 1152/1152/1152 1151/1151/1151 1178/1178/1178
f 1152/1152/1152 1153/1153/1153 1126/1126/1126
f 1153/1153/1153 1152/1152/1152 1179/1179/1179
f 1153/1153/1153 1154/1154/1154 1127/1127/1127
f 1154/1154/1154 1153/1153/1153 1180/1180/1180
f 1154/1154/1154 1155/1155/1155 1128/1128/1128
f 1155/1155/1155 1154/1154/1154 1181/1181/1181
f 1129/1129/1129 1182/1182/1182 1156/1156/1156
f 1182/1182/1182 1129/1129/1129 1155/1155/1155
f 1130/1130/1130 1183/1183/1183 1157/1157/1157
f 1183/1183/1183 1130/1130/1130 1156/1156/1156
f 1158/1158/1158 1159/1159/1159 1133/1133/1133
f 1159/1159/1159 1158/1158/1158 1184/1184/1184
f 1185/1185/1185 1134/1134/1134 1159/1159/1159
f 1134/1134/1134 1185/1185/1185 1160/1160/1160
f 1186/1186/1186 1135/1135/1135 1160/1160/1160
f 1135/1135/1135 1186/1186/1186 1161/1161/1161
f 1187/1187/1187 1136/1136/1136 1161/1161/1161
f 1136/1136/1136 1187/1187/1187 1162/1162/1162
f 1163/1163/1163 1162/1162/1162 1188/1188/1188
f 1162/1162/1162 1163/1163/1163 1137/1137/1137
f 1164/1164/1164 1163/1163/1163 1189/1189/1189
f 1163/1163/1163 1164/1164/1164 1138/1138/1138
f 1165/1165/1165 1164/1164/1164 1190/1190/1190
f 1164/1164/1164 1165/1165/1165 1139/1139/1139
f 1167/1167/1167 1165/1165/1165 1191/1191/1191
f 1165/1165/1165 1167/1167/1167 1141/1141/1141
f 1175/1175/1175 1167/1167/1167 1174/1174/1174
f 1167/1167/1167 1175/1175/1175 1166/1166/1166
f 1192/1192/1192 1140/1140/1140 1166/1166/1166
f 1140/1140/1140 1192/1192/1192 1168/1168/1168
f 1193/1193/1193 1142/1142/1142 1168/1168/1168
f 1142/1142/1142 1193/1193/1193 1169/1169/1169
f 1194/1194/1194 1143/1143/1143 1169/1169/1169
f 1143/1143/1143 1194/1194/1194 1170/1170/1170
f 1171/1171/1171 1172/1172/1172 1146/1146/1146
f 1172/1172/1172 1171/1171/1171 1195/1195/1195
f 1172/1172/1172 1173/1173/1173 1147/1147/1147
f 1173/1173/1173 1172/1172/1172 1196/1196/1196
f 1173/1173/1173 1175/1175/1175 1149/1149/1149
f 1175/1175/1175 1173/1173/1173 1197/1197/1197
f 1148/1148/1148 1198/1198/1198 1176/1176/1176
f 1198/1198/1198 1148/1148/1148 1174/1174/1174
f 1150/1150/1150 1199/1199/1199 1177/1177/1177
f 1199/1199/1199 1150/1150/1150 1176/1176/1176
f 1151/1151/1151 1200/1200/1200 1178/1178/1178
f 1200/1200/1200 1151/1151/1151 1177/1177/1177
f 1178/1178/1178 1179/1179/1179 1152/1152/1152
f 1179/1179/1179 1178/1178/1178 1201/1201/1201
f 1179/1179/1179 1180/1180/1180 1153/1153/1153
f 1180/1180/1180 1179/1179/1179 1202/1202/1202
f 1180/1180/1180 1181/1181/1181 1154/1154/1154
f 1181/1181/1181 1180/1180/1180 1203/1203/1203
f 1181/1181/1181 1182/1182/1182 1155/1155/1155
f 1182/1182/1182 1181/1181/1181 1204/1204/1204
f 1156/1156/1156 1205/1205/1205 1183/1183/1183
f 1205/1205/1205 1156/1156/1156 1182/1182/1182
f 1206/1206/1206 1159/1159/1159 1184/1184/1184
f 1159/1159/1159 1206/1206/1206 1185/1185/1185
f 1207/1207/1207 1160/1160/1160 1185/1185/1185
f 1160/1160/1160 1207/1207/1207 1186/1186/1186
f 1208/1208/1208 1161/1161/1161 1186/1186/1186
f 1161/1161/1161 1208/1208/1208 1187/1187/1187
f 1188/1188/1188 1187/1187/1187 1209/1209/1209
f 1187/1187/1187 1188/1188/1188 1162/1162/1162
f 1189/1189/1189 1188/1188/1188 1210/1210/1210
f 1188/1188/1188 1189/1189/1189 1163/1163/1163
f 1190/1190/1190 1189/1189/1189 1211/1211/1211
f 1189/1189/1189 1190/1190/1190 1164/1164/1164
f 1191/1191/1191 1190/1190/1190 1212/1212/1212
f 1190/1190/1190 1191/1191/1191 1165/1165/1165
f 1174/1174/1174 1191/1191/1191 1198/1198/1198
f 1191/1191/1191 1174/1174/1174 1167/1167/1167
f 1197/1197/1197 1166/1166/1166 1175/1175/1175
f 1166/1166/1166 1197/1197/1197 1192/1192/1192
f 1213/1213/1213 1168/1168/1168 1192/1192/1192
f 1168/1168/1168 1213/1213/1213 1193/1193/1193
f 1214/1214/1214 1169/1169/1169 1193/1193/1193
f 1169/1169/1169 1214/1214/1214 1194/1194/1194
f 1195/1195/1195 1196/1196/1196 1172/1172/1172
f 1196/1196/1196 1195/1195/1195 1215/1215/1215
f 1196/1196/1196 1197/1197/1197 1173/1173/1173
f 1197/1197/1197 1196/1196/1196 1216/1216/1216
f 1176/1176/1176 1217/1217/1217 1199/1199/1199
f 1217/1217/1217 1176/1176/1176 1198/1198/1198
f 1177/1177/1177 1218/1218/1218 1200/1200/1200
f 1218/1218/1218 1177/1177/1177 1199/1199/1199
f 1178/1178/1178 1219/1219/1219 1201/1201/1201
f 1219/1219/1219 1178/1178/1178 1200/1200/1200
f 1201/1201/1201 1202/1202/1202 1179/1179/1179
f 1202/1202/1202 1201/1201/1201 1220/1220/1220
f 1202/1202/1202 1203/1203/1203 1180/1180/1180
f 1203/1203/1203 1202/1202/1202 1221/1221/1221
f 1203/1203/1203 1204/1204/1204 1181/1181/1181
f 1204/1204/1204 1203/1203/1203 1222/1222/1222
f 1204/1204/1204 1205/1205/1205 1182/1182/1182
f 1205/1205/1205 1204/1204/1204 1223/1223/1223
f 1224/1224/1224 1185/1185/1185 1206/1206/1206
f 1185/1185/1185 1224/1224/1224 1207/1207/1207
f 1225/1225/1225 1186/1186/1186 1207/1207/1207
f 1186/1186/1186 1225/1225/1225 1208/1208/1208
f 1209/1209/1209 1208/1208/1208 1226/1226/1226
f 1208/1208/1208 1209/1209/1209 1187/1187/1187
f 1210/1210/1210 1209/1209/1209 1227/1227/1227
f 1209/1209/1209 1210/1210/1210 1188/1188/1188
f 1211/1211/1211 1210/1210/1210 1228/1228/1228
f 1210/1210/1210 1211/1211/1211 1189/1189/1189
f 1212/1212/1212 1211/1211/1211 1229/1229/1229
f 1211/1211/1211 1212/1212/1212 1190/1190/1190
f 1198/1198/1198 1212/1212/1212 1217/1217/1217
f 1212/1212/1212 1198/1198/1198 1191/1191/1191
f 1216/1216/1216 1192/1192/1192 1197/1197/1197
f 1192/1192/1192 1216/1216/1216 1213/1213/1213
f 1230/1230/1230 1193/1193/1193 1213/1213/1213
f 1193/1193/1193 1230/1230/1230 1214/1214/1214
f 1215/1215/1215 1216/1216/1216 1196/1196/1196
f 1216/1216/1216 1215/1215/1215 1231/1231/1231
f 1199/1199/1199 1232/1232/1232 1218/1218/1218
f 1232/1232/1232 1199/1199/1199 1217/1217/1217
f 1200/1200/1200 1233/1233/1233 1219/1219/1219
f 1233/1233/1233 1200/1200/1200 1218/1218/1218
f 1201/1201/1201 1234/1234/1234 1220/1220/1220
f 1234/1234/1234 1201/1201/1201 1219/1219/1219
f 1220/1220/1220 1221/1221/1221 1202/1202/1202
f 1221/1221/1221 1220/1220/1220 1235/1235/1235
f 1221/1221/1221 1222/1222/1222 1203/1203/1203
f 1222/1222/1222 1221/1221/1221 1236/1236/1236
f 1222/1222/1222 1223/1223/1223 1204/1204/1204
f 1223/1223/1223 1222/1222/1222 1237/1237/1237
f 1238/1238/1238 1207/1207/1207 1224/1224/1224
f 1207/1207/1207 1238/1238/1238 1225/1225/1225
f 1226/1226/1226 1225/1225/1225 1239/1239/1239
f 1225/1225/1225 1226/1226/1226 1208/1208/1208
f 1227/1227/1227 1226/1226/1226 1240/1240/1240
f 1226/1226/1226 1227/1227/1227 1209/1209/1209
f 1228/1228/1228 1227/1227/1227 1241/1241/1241
f 1227/1227/1227 1228/1228/1228 1210/1210/1210
f 1229/1229/1229 1228/1228/1228 1242/1242/1242
f 1228/1228/1228 1229/1229/1229 1211/1211/1211
f 1217/1217/1217 1229/1229/1229 1232/1232/1232
f 1229/1229/1229 1217/1217/1217 1212/1212/1212
f 1231/1231/1231 1213/1213/1213 1216/1216/1216
f 1213/1213/1213 1231/1231/1231 1230/1230/1230
f 1218/1218/1218 1243/1243/1243 1233/1233/1233
f 1243/1243/1243 1218/1218/1218 1232/1232/1232
f 1219/1219/1219 1244/1244/1244 1234/1234/1234
f 1244/1244/1244 1219/1219/1219 1233/1233/1233
f 1220/1220/1220 1245/1245/1245 1235/1235/1235
f 1245/1245/1245 1220/1220/1220 1234/1234/1234
f 1235/1235/1235 1236/1236/1236 1221/1221/1221
f 1236/1236/1236 1235/1235/1235 1246/1246/1246
f 1236/1236/1236 1237/1237/1237 1222/1222/1222
f 1237/1237/1237 1236/1236/1236 1247/1247/1247
f 1239/1239/1239 1238/1238/1238 1248/1248/1248
f 1238/1238/1238 1239/1239/1239 1225/1225/1225
f 1240/1240/1240 1239/1239/1239 1249/1249/1249
f 1239/1239/1239 1240/1240/1240 1226/1226/1226
f 1241/1241/1241 1240/1240/1240 1250/1250/1250
f 1240/1240/1240 1241/1241/1241 1227/1227/1227
f 1242/1242/1242 1241/1241/1241 1251/1251/1251
f 1241/1241/1241 1242/1242/1242 1228/1228/1228
f 1232/1232/1232 1242/1242/1242 1243/1243/1243
f 1242/1242/1242 1232/1232/1232 1229/1229/1229
f 1233/1233/1233 1252/1252/1252 1244/1244/1244
f 1252/1252/1252 1233/1233/1233 1243/1243/1243
f 1234/1234/1234 1253/1253/1253 1245/1245/1245
f 1253/1253/1253 1234/1234/1234 1244/1244/1244
f 1235/1235/1235 1254/1254/1254 1246/1246/1246
f 1254/1254/1254 1235/1235/1235 1245/1245/1245
f 1246/1246/1246 1247/1247/1247 1236/1236/1236
f 1247/1247/1247 1246/1246/1246 1255/1255/1255
f 1249/1249/1249 1248/1248/1248 1256/1256/1256
f 1248/1248/1248 1249/1249/1249 1239/1239/1239
f 1250/1250/1250 1249/1249/1249 1257/1257/1257
f 1249/1249/1249 1250/1250/1250 1240/1240/1240
f 1251/1251/1251 1250/1250/1250 1258/1258/1258
f 1250/1250/1250 1251/1251/1251 1241/1241/1241
f 1243/1243/1243 1251/1251/1251 1252/1252/1252
f 1251/1251/1251 1243/1243/1243 1242/1242/1242
f 1244/1244/1244 1259/1259/1259 1253/1253/1253
f 1259/1259/1259 1244/1244/1244 1252/1252/1252
f 1245/1245/1245 1260/1260/1260 1254/1254/1254
f 1260/1260/1260 1245/1245/1245 1253/1253/1253
f 1246/1246/1246 1261/1261/1261 1255/1255/1255
f 1261/1261/1261 1246/1246/1246 1254/1254/1254
f 1257/1257/1257 1256/1256/1256 1262/1262/1262
f 1256/1256/1256 1257/1257/1257 1249/1249/1249
f 1258/1258/1258 1257/1257/1257 1263/1263/1263
f 1257/1257/1257 1258/1258/1258 1250/1250/1250
f 1252/1252/1252 1258/1258/1258 1259/1259/1259
f 1258/1258/1258 1252/1252/1252 1251/1251/1251
f 1253/1253/1253 1264/1264/1264 1260/1260/1260
f 1264/1264/1264 1253/1253/1253 1259/1259/1259
f 1254/1254/1254 1265/1265/1265 1261/1261/1261
f 1265/1265/1265 1254/1254/1254 1260/1260/1260
f 1263/1263/1263 1262/1262/1262 1266/1266/1266
f 1262/1262/1262 1263/1263/1263 1257/1257/1257
f 1259/1259/1259 1263/1263/1263 1264/1264/1264
f 1263/1263/1263 1259/1259/1259 1258/1258/1258
f 1260/1260/1260 1267/1267/1267 1265/1265/1265
f 1267/1267/1267 1260/1260/1260 1264/1264/1264
f 1264/1264/1264 1266/1266/1266 1267/1267/1267
f 1266/1266/1266 1264/1264/1264 1263/1263/1263
f 1268/1268/1268 1269/1269/1269 1270/1270/1270
f 1269/1269/1269 1268/1268/1268 1271/1271/1271
f 1272/1272/1272 1270/1270/1270 1273/1273/1273
f 1270/1270/1270 1272/1272/1272 1268/1268/1268
f 1274/1274/1274 1271/1271/1271 1268/1268/1268
f 1271/1271/1271 1274/1274/1274 1275/1275/1275
f 1269/1269/1269 1276/1276/1276 1277/1277/1277
f 1276/1276/1276 1269/1269/1269 1271/1271/1271
f 1270/1270/1270 1278/1278/1278 1279/1279/1279
f 1278/1278/1278 1270/1270/1270 1269/1269/1269
f 1280/1280/1280 1273/1273/1273 1281/1281/1281
f 1273/1273/1273 1280/1280/1280 1272/1272/1272
f 1282/1282/1282 1268/1268/1268 1272/1272/1272
f 1268/1268/1268 1282/1282/1282 1274/1274/1274
f 1273/1273/1273 1279/1279/1279 1283/1283/1283
f 1279/1279/1279 1273/1273/1273 1270/1270/1270
f 1284/1284/1284 1275/1275/1275 1274/1274/1274
f 1275/1275/1275 1284/1284/1284 1285/1285/1285
f 1271/1271/1271 1286/1286/1286 1276/1276/1276
f 1286/1286/1286 1271/1271/1271 1275/1275/1275
f 1278/1278/1278 1277/1277/1277 1287/1287/1287
f 1277/1277/1277 1278/1278/1278 1269/1269/1269
f 1277/1277/1277 1288/1288/1288 1289/1289/1289
f 1288/1288/1288 1277/1277/1277 1276/1276/1276
f 1279/1279/1279 1290/1290/1290 1291/1291/1291
f 1290/1290/1290 1279/1279/1279 1278/1278/1278
f 1292/1292/1292 1281/1281/1281 1293/1293/1293
f 1281/1281/1281 1292/1292/1292 1280/1280/1280
f 1294/1294/1294 1272/1272/1272 1280/1280/1280
f 1272/1272/1272 1294/1294/1294 1282/1282/1282
f 1281/1281/1281 1283/1283/1283 1295/1295/1295
f 1283/1283/1283 1281/1281/1281 1273/1273/1273
f 1296/1296/1296 1274/1274/1274 1282/1282/1282
f 1274/1274/1274 1296/1296/1296 1284/1284/1284
f 1283/1283/1283 1291/1291/1291 1297/1297/1297
f 1291/1291/1291 1283/1283/1283 1279/1279/1279
f 1275/1275/1275 1298/1298/1298 1286/1286/1286
f 1298/1298/1298 1275/1275/1275 1285/1285/1285
f 1276/1276/1276 1299/1299/1299 1288/1288/1288
f 1299/1299/1299 1276/1276/1276 1286/1286/1286
f 1290/1290/1290 1287/1287/1287 1300/1300/1300
f 1287/1287/1287 1290/1290/1290 1278/1278/1278
f 1287/1287/1287 1289/1289/1289 1301/1301/1301
f 1289/1289/1289 1287/1287/1287 1277/1277/1277
f 1289/1289/1289 1302/1302/1302 1303/1303/1303
f 1302/1302/1302 1289/1289/1289 1288/1288/1288
f 1291/1291/1291 1304/1304/1304 1305/1305/1305
f 1304/1304/1304 1291/1291/1291 1290/1290/1290
f 1306/1306/1306 1293/1293/1293 1307/1307/1307
f 1293/1293/1293 1306/1306/1306 1292/1292/1292
f 1308/1308/1308 1280/1280/1280 1292/1292/1292
f 1280/1280/1280 1308/1308/1308 1294/1294/1294
f 1293/1293/1293 1295/1295/1295 1309/1309/1309
f 1295/1295/1295 1293/1293/1293 1281/1281/1281
f 1310/1310/1310 1282/1282/1282 1294/1294/1294
f 1282/1282/1282 1310/1310/1310 1296/1296/1296
f 1295/1295/1295 1297/1297/1297 1311/1311/1311
f 1297/1297/1297 1295/1295/1295 1283/1283/1283
f 1297/1297/1297 1305/1305/1305 1312/1312/1312
f 1305/1305/1305 1297/1297/1297 1291/1291/1291
f 1286/1286/1286 1313/1313/1313 1299/1299/1299
f 1313/1313/1313 1286/1286/1286 1298/1298/1298
f 1288/1288/1288 1314/1314/1314 1302/1302/1302
f 1314/1314/1314 1288/1288/1288 1299/1299/1299
f 1304/1304/1304 1300/1300/1300 1315/1315/1315
f 1300/1300/1300 1304/1304/1304 1290/1290/1290
f 1300/1300/1300 1301/1301/1301 1316/1316/1316
f 1301/1301/1301 1300/1300/1300 1287/1287/1287
f 1301/1301/1301 1303/1303/1303 1317/1317/1317
f 1303/1303/1303 1301/1301/1301 1289/1289/1289
f 1318/1318/1318 1302/1302/1302 1319/1319/1319
f 1302/1302/1302 1318/1318/1318 1303/1303/1303
f 1305/1305/1305 1320/1320/1320 1321/1321/1321
f 1320/1320/1320 1305/1305/1305 1304/1304/1304
f 1322/1322/1322 1307/1307/1307 1323/1323/1323
f 1307/1307/1307 1322/1322/1322 1306/1306/1306
f 1324/1324/1324 1292/1292/1292 1306/1306/1306
f 1292/1292/1292 1324/1324/1324 1308/1308/1308
f 1307/1307/1307 1309/1309/1309 1325/1325/1325
f 1309/1309/1309 1307/1307/1307 1293/1293/1293
f 1326/1326/1326 1294/1294/1294 1308/1308/1308
f 1294/1294/1294 1326/1326/1326 1310/1310/1310
f 1309/1309/1309 1311/1311/1311 1327/1327/1327
f 1311/1311/1311 1309/1309/1309 1295/1295/1295
f 1311/1311/1311 1312/1312/1312 1328/1328/1328
f 1312/1312/1312 1311/1311/1311 1297/1297/1297
f 1312/1312/1312 1321/1321/1321 1329/1329/1329
f 1321/1321/1321 1312/1312/1312 1305/1305/1305
f 1299/1299/1299 1330/1330/1330 1314/1314/1314
f 1330/1330/1330 1299/1299/1299 1313/1313/1313
f 1319/1319/1319 1314/1314/1314 1331/1331/1331
f 1314/1314/1314 1319/1319/1319 1302/1302/1302
f 1320/1320/1320 1315/1315/1315 1332/1332/1332
f 1315/1315/1315 1320/1320/1320 1304/1304/1304
f 1315/1315/1315 1316/1316/1316 1333/1333/1333
f 1316/1316/1316 1315/1315/1315 1300/1300/1300
f 1316/1316/1316 1317/1317/1317 1334/1334/1334
f 1317/1317/1317 1316/1316/1316 1301/1301/1301
f 1335/1335/1335 1303/1303/1303 1318/1318/1318
f 1303/1303/1303 1335/1335/1335 1317/1317/1317
f 1336/1336/1336 1319/1319/1319 1337/1337/1337
f 1319/1319/1319 1336/1336/1336 1318/1318/1318
f 1321/1321/1321 1338/1338/1338 1339/1339/1339
f 1338/1338/1338 1321/1321/1321 1320/1320/1320
f 1340/1340/1340 1323/1323/1323 1341/1341/1341
f 1323/1323/1323 1340/1340/1340 1322/1322/1322
f 1342/1342/1342 1306/1306/1306 1322/1322/1322
f 1306/1306/1306 1342/1342/1342 1324/1324/1324
f 1323/1323/1323 1325/1325/1325 1343/1343/1343
f 1325/1325/1325 1323/1323/1323 1307/1307/1307
f 1344/1344/1344 1308/1308/1308 1324/1324/1324
f 1308/1308/1308 1344/1344/1344 1326/1326/1326
f 1325/1325/1325 1327/1327/1327 1345/1345/1345
f 1327/1327/1327 1325/1325/1325 1309/1309/1309
f 1327/1327/1327 1328/1328/1328 1346/1346/1346
f 1328/1328/1328 1327/1327/1327 1311/1311/1311
f 1328/1328/1328 1329/1329/1329 1347/1347/1347
f 1329/1329/1329 1328/1328/1328 1312/1312/1312
f 1329/1329/1329 1339/1339/1339 1348/1348/1348
f 1339/1339/1339 1329/1329/1329 1321/1321/1321
f 1331/1331/1331 1330/1330/1330 1349/1349/1349
f 1330/1330/1330 1331/1331/1331 1314/1314/1314
f 1337/1337/1337 1331/1331/1331 1350/1350/1350
f 1331/1331/1331 1337/1337/1337 1319/1319/1319
f 1338/1338/1338 1332/1332/1332 1351/1351/1351
f 1332/1332/1332 1338/1338/1338 1320/1320/1320
f 1332/1332/1332 1333/1333/1333 1352/1352/1352
f 1333/1333/1333 1332/1332/1332 1315/1315/1315
f 1333/1333/1333 1334/1334/1334 1353/1353/1353
f 1334/1334/1334 1333/1333/1333 1316/1316/1316
f 1354/1354/1354 1317/1317/1317 1335/1335/1335
f 1317/1317/1317 1354/1354/1354 1334/1334/1334
f 1355/1355/1355 1318/1318/1318 1336/1336/1336
f 1318/1318/1318 1355/1355/1355 1335/1335/1335
f 1356/1356/1356 1337/1337/1337 1357/1357/1357
f 1337/1337/1337 1356/1356/1356 1336/1336/1336
f 1339/1339/1339 1358/1358/1358 1359/1359/1359
f 1358/1358/1358 1339/1339/1339 1338/1338/1338
f 1360/1360/1360 1341/1341/1341 1361/1361/1361
f 1341/1341/1341 1360/1360/1360 1340/1340/1340
f 1362/1362/1362 1322/1322/1322 1340/1340/1340
f 1322/1322/1322 1362/1362/1362 1342/1342/1342
f 1341/1341/1341 1343/1343/1343 1363/1363/1363
f 1343/1343/1343 1341/1341/1341 1323/1323/1323
f 1364/1364/1364 1324/1324/1324 1342/1342/1342
f 1324/1324/1324 1364/1364/1364 1344/1344/1344
f 1343/1343/1343 1345/1345/1345 1365/1365/1365
f 1345/1345/1345 1343/1343/1343 1325/1325/1325
f 1345/1345/1345 1346/1346/1346 1366/1366/1366
f 1346/1346/1346 1345/1345/1345 1327/1327/1327
f 1346/1346/1346 1347/1347/1347 1367/1367/1367
f 1347/1347/1347 1346/1346/1346 1328/1328/1328
f 1347/1347/1347 1348/1348/1348 1368/1368/1368
f 1348/1348/1348 1347/1347/1347 1329/1329/1329
f 1348/1348/1348 1359/1359/1359 1369/1369/1369
f 1359/1359/1359 1348/1348/1348 1339/1339/1339
f 1350/1350/1350 1349/1349/1349 1370/1370/1370
f 1349/1349/1349 1350/1350/1350 1331/1331/1331
f 1357/1357/1357 1350/1350/1350 1371/1371/1371
f 1350/1350/1350 1357/1357/1357 1337/1337/1337
f 1358/1358/1358 1351/1351/1351 1372/1372/1372
f 1351/1351/1351 1358/1358/1358 1338/1338/1338
f 1351/1351/1351 1352/1352/1352 1373/1373/1373
f 1352/1352/1352 1351/1351/1351 1332/1332/1332
f 1352/1352/1352 1353/1353/1353 1374/1374/1374
f 1353/1353/1353 1352/1352/1352 1333/1333/1333
f 1375/1375/1375 1334/1334/1334 1354/1354/1354
f 1334/1334/1334 1375/1375/1375 1353/1353/1353
f 1376/1376/1376 1335/1335/1335 1355/1355/1355
f 1335/1335/1335 1376/1376/1376 1354/1354/1354
f 1377/1377/1377 1336/1336/1336 1356/1356/1356
f 1336/1336/1336 1377/1377/1377 1355/1355/1355
f 1357/1357/1357 1378/1378/1378 1356/1356/1356
f 1378/1378/1378 1357/1357/1357 1379/1379/1379
f 1359/1359/1359 1380/1380/1380 1381/1381/1381
f 1380/1380/1380 1359/1359/1359 1358/1358/1358
f 1360/1360/1360 1382/1382/1382 1383/1383/1383
f 1382/1382/1382 1360/1360/1360 1361/1361/1361
f 1384/1384/1384 1340/1340/1340 1360/1360/1360
f 1340/1340/1340 1384/1384/1384 1362/1362/1362
f 1361/1361/1361 1363/1363/1363 1385/1385/1385
f 1363/1363/1363 1361/1361/1361 1341/1341/1341
f 1386/1386/1386 1342/1342/1342 1362/1362/1362
f 1342/1342/1342 1386/1386/1386 1364/1364/1364
f 1363/1363/1363 1365/1365/1365 1387/1387/1387
f 1365/1365/1365 1363/1363/1363 1343/1343/1343
f 1365/1365/1365 1366/1366/1366 1388/1388/1388
f 1366/1366/1366 1365/1365/1365 1345/1345/1345
f 1366/1366/1366 1367/1367/1367 1389/1389/1389
f 1367/1367/1367 1366/1366/1366 1346/1346/1346
f 1367/1367/1367 1368/1368/1368 1390/1390/1390
f 1368/1368/1368 1367/1367/1367 1347/1347/1347
f 1368/1368/1368 1369/1369/1369 1391/1391/1391
f 1369/1369/1369 1368/1368/1368 1348/1348/1348
f 1369/1369/1369 1381/1381/1381 1392/1392/1392
f 1381/1381/1381 1369/1369/1369 1359/1359/1359
f 1371/1371/1371 1370/1370/1370 1393/1393/1393
f 1370/1370/1370 1371/1371/1371 1350/1350/1350
f 1371/1371/1371 1379/1379/1379 1357/1357/1357
f 1379/1379/1379 1371/1371/1371 1394/1394/1394
f 1380/1380/1380 1372/1372/1372 1395/1395/1395
f 1372/1372/1372 1380/1380/1380 1358/1358/1358
f 1372/1372/1372 1373/1373/1373 1396/1396/1396
f 1373/1373/1373 1372/1372/1372 1351/1351/1351
f 1373/1373/1373 1374/1374/1374 1397/1397/1397
f 1374/1374/1374 1373/1373/1373 1352/1352/1352
f 1398/1398/1398 1353/1353/1353 1375/1375/1375
f 1353/1353/1353 1398/1398/1398 1374/1374/1374
f 1399/1399/1399 1354/1354/1354 1376/1376/1376
f 1354/1354/1354 1399/1399/1399 1375/1375/1375
f 1400/1400/1400 1355/1355/1355 1377/1377/1377
f 1355/1355/1355 1400/1400/1400 1376/1376/1376
f 1356/1356/1356 1401/1401/1401 1377/1377/1377
f 1401/1401/1401 1356/1356/1356 1378/1378/1378
f 1379/1379/1379 1402/1402/1402 1378/1378/1378
f 1402/1402/1402 1379/1379/1379 1403/1403/1403
f 1381/1381/1381 1404/1404/1404 1405/1405/1405
f 1404/1404/1404 1381/1381/1381 1380/1380/1380
f 1384/1384/1384 1383/1383/1383 1406/1406/1406
f 1383/1383/1383 1384/1384/1384 1360/1360/1360
f 1361/1361/1361 1407/1407/1407 1382/1382/1382
f 1407/1407/1407 1361/1361/1361 1385/1385/1385
f 1383/1383/1383 1408/1408/1408 1409/1409/1409
f 1408/1408/1408 1383/1383/1383 1382/1382/1382
f 1410/1410/1410 1362/1362/1362 1384/1384/1384
f 1362/1362/1362 1410/1410/1410 1386/1386/1386
f 1385/1385/1385 1387/1387/1387 1411/1411/1411
f 1387/1387/1387 1385/1385/1385 1363/1363/1363
f 1387/1387/1387 1388/1388/1388 1412/1412/1412
f 1388/1388/1388 1387/1387/1387 1365/1365/1365
f 1388/1388/1388 1389/1389/1389 1413/1413/1413
f 1389/1389/1389 1388/1388/1388 1366/1366/1366
f 1389/1389/1389 1390/1390/1390 1414/1414/1414
f 1390/1390/1390 1389/1389/1389 1367/1367/1367
f 1390/1390/1390 1391/1391/1391 1415/1415/1415
f 1391/1391/1391 1390/1390/1390 1368/1368/1368
f 1391/1391/1391 1392/1392/1392 1416/1416/1416
f 1392/1392/1392 1391/1391/1391 1369/1369/1369
f 1392/1392/1392 1405/1405/1405 1417/1417/1417
f 1405/1405/1405 1392/1392/1392 1381/1381/1381
f 1393/1393/1393 1394/1394/1394 1371/1371/1371
f 1394/1394/1394 1393/1393/1393 1418/1418/1418
f 1394/1394/1394 1403/1403/1403 1379/1379/1379
f 1403/1403/1403 1394/1394/1394 1419/1419/1419
f 1404/1404/1404 1395/1395/1395 1420/1420/1420
f 1395/1395/1395 1404/1404/1404 1380/1380/1380
f 1395/1395/1395 1396/1396/1396 1421/1421/1421
f 1396/1396/1396 1395/1395/1395 1372/1372/1372
f 1396/1396/1396 1397/1397/1397 1422/1422/1422
f 1397/1397/1397 1396/1396/1396 1373/1373/1373
f 1423/1423/1423 1374/1374/1374 1398/1398/1398
f 1374/1374/1374 1423/1423/1423 1397/1397/1397
f 1424/1424/1424 1375/1375/1375 1399/1399/1399
f 1375/1375/1375 1424/1424/1424 1398/1398/1398
f 1425/1425/1425 1376/1376/1376 1400/1400/1400
f 1376/1376/1376 1425/1425/1425 1399/1399/1399
f 1377/1377/1377 1426/1426/1426 1400/1400/1400
f 1426/1426/1426 1377/1377/1377 1401/1401/1401
f 1378/1378/1378 1427/1427/1427 1401/1401/1401
f 1427/1427/1427 1378/1378/1378 1402/1402/1402
f 1403/1403/1403 1428/1428/1428 1402/1402/1402
f 1428/1428/1428 1403/1403/1403 1429/1429/1429
f 1405/1405/1405 1430/1430/1430 1431/1431/1431
f 1430/1430/1430 1405/1405/1405 1404/1404/1404
f 1410/1410/1410 1406/1406/1406 1432/1432/1432
f 1406/1406/1406 1410/1410/1410 1384/1384/1384
f 1406/1406/1406 1409/1409/1409 1433/1433/1433
f 1409/1409/1409 1406/1406/1406 1383/1383/1383
f 1385/1385/1385 1434/1434/1434 1407/1407/1407
f 1434/1434/1434 1385/1385/1385 1411/1411/1411
f 1382/1382/1382 1435/1435/1435 1408/1408/1408
f 1435/1435/1435 1382/1382/1382 1407/1407/1407
f 1409/1409/1409 1436/1436/1436 1437/1437/1437
f 1436/1436/1436 1409/1409/1409 1408/1408/1408
f 1411/1411/1411 1412/1412/1412 1438/1438/1438
f 1412/1412/1412 1411/1411/1411 1387/1387/1387
f 1412/1412/1412 1413/1413/1413 1439/1439/1439
f 1413/1413/1413 1412/1412/1412 1388/1388/1388
f 1413/1413/1413 1414/1414/1414 1440/1440/1440
f 1414/1414/1414 1413/1413/1413 1389/1389/1389
f 1414/1414/1414 1415/1415/1415 1441/1441/1441
f 1415/1415/1415 1414/1414/1414 1390/1390/1390
f 1415/1415/1415 1416/1416/1416 1442/1442/1442
f 1416/1416/1416 1415/1415/1415 1391/1391/1391
f 1416/1416/1416 1417/1417/1417 1443/1443/1443
f 1417/1417/1417 1416/1416/1416 1392/1392/1392
f 1417/1417/1417 1431/1431/1431 1444/1444/1444
f 1431/1431/1431 1417/1417/1417 1405/1405/1405
f 1418/1418/1418 1419/1419/1419 1394/1394/1394
f 1419/1419/1419 1418/1418/1418 1445/1445/1445
f 1419/1419/1419 1429/1429/1429 1403/1403/1403
f 1429/1429/1429 1419/1419/1419 1446/1446/1446
f 1430/1430/1430 1420/1420/1420 1447/1447/1447
f 1420/1420/1420 1430/1430/1430 1404/1404/1404
f 1420/1420/1420 1421/1421/1421 1448/1448/1448
f 1421/1421/1421 1420/1420/1420 1395/1395/1395
f 1421/1421/1421 1422/1422/1422 1449/1449/1449
f 1422/1422/1422 1421/1421/1421 1396/1396/1396
f 1450/1450/1450 1397/1397/1397 1423/1423/1423
f 1397/1397/1397 1450/1450/1450 1422/1422/1422
f 1451/1451/1451 1398/1398/1398 1424/1424/1424
f 1398/1398/1398 1451/1451/1451 1423/1423/1423
f 1452/1452/1452 1399/1399/1399 1425/1425/1425
f 1399/1399/1399 1452/1452/1452 1424/1424/1424
f 1400/1400/1400 1453/1453/1453 1425/1425/1425
f 1453/1453/1453 1400/1400/1400 1426/1426/1426
f 1401/1401/1401 1454/1454/1454 1426/1426/1426
f 1454/1454/1454 1401/1401/1401 1427/1427/1427
f 1402/1402/1402 1455/1455/1455 1427/1427/1427
f 1455/1455/1455 1402/1402/1402 1428/1428/1428
f 1429/1429/1429 1456/1456/1456 1428/1428/1428
f 1456/1456/1456 1429/1429/1429 1457/1457/1457
f 1432/1432/1432 1433/1433/1433 1458/1458/1458
f 1433/1433/1433 1432/1432/1432 1406/1406/1406
f 1433/1433/1433 1437/1437/1437 1459/1459/1459
f 1437/1437/1437 1433/1433/1433 1409/1409/1409
f 1411/1411/1411 1460/1460/1460 1434/1434/1434
f 1460/1460/1460 1411/1411/1411 1438/1438/1438
f 1407/1407/1407 1461/1461/1461 1435/1435/1435
f 1461/1461/1461 1407/1407/1407 1434/1434/1434
f 1408/1408/1408 1462/1462/1462 1436/1436/1436
f 1462/1462/1462 1408/1408/1408 1435/1435/1435
f 1437/1437/1437 1463/1463/1463 1464/1464/1464
f 1463/1463/1463 1437/1437/1437 1436/1436/1436
f 1438/1438/1438 1439/1439/1439 1465/1465/1465
f 1439/1439/1439 1438/1438/1438 1412/1412/1412
f 1439/1439/1439 1440/1440/1440 1466/1466/1466
f 1440/1440/1440 1439/1439/1439 1413/1413/1413
f 1440/1440/1440 1441/1441/1441 1467/1467/1467
f 1441/1441/1441 1440/1440/1440 1414/1414/1414
f 1441/1441/1441 1442/1442/1442 1468/1468/1468
f 1442/1442/1442 1441/1441/1441 1415/1415/1415
f 1442/1442/1442 1443/1443/1443 1469/1469/1469
f 1443/1443/1443 1442/1442/1442 1416/1416/1416
f 1443/1443/1443 1444/1444/1444 1470/1470/1470
f 1444/1444/1444 1443/1443/1443 1417/1417/1417
f 1445/1445/1445 1446/1446/1446 1419/1419/1419
f 1446/1446/1446 1445/1445/1445 1471/1471/1471
f 1446/1446/1446 1457/1457/1457 1429/1429/1429
f 1457/1457/1457 1446/1446/1446 1472/1472/1472
f 1447/1447/1447 1448/1448/1448 1473/1473/1473
f 1448/1448/1448 1447/1447/1447 1420/1420/1420
f 1448/1448/1448 1449/1449/1449 1474/1474/1474
f 1449/1449/1449 1448/1448/1448 1421/1421/1421
f 1475/1475/1475 1422/1422/1422 1450/1450/1450
f 1422/1422/1422 1475/1475/1475 1449/1449/1449
f 1476/1476/1476 1423/1423/1423 1451/1451/1451
f 1423/1423/1423 1476/1476/1476 1450/1450/1450
f 1477/1477/1477 1424/1424/1424 1452/1452/1452
f 1424/1424/1424 1477/1477/1477 1451/1451/1451
f 1425/1425/1425 1478/1478/1478 1452/1452/1452
f 1478/1478/1478 1425/1425/1425 1453/1453/1453
f 1426/1426/1426 1479/1479/1479 1453/1453/1453
f 1479/1479/1479 1426/1426/1426 1454/1454/1454
f 1427/1427/1427 1480/1480/1480 1454/1454/1454
f 1480/1480/1480 1427/1427/1427 1455/1455/1455
f 1428/1428/1428 1481/1481/1481 1455/1455/1455
f 1481/1481/1481 1428/1428/1428 1456/1456/1456
f 1457/1457/1457 1482/1482/1482 1456/1456/1456
f 1482/1482/1482 1457/1457/1457 1483/1483/1483
f 1458/1458/1458 1459/1459/1459 1484/1484/1484
f 1459/1459/1459 1458/1458/1458 1433/1433/1433
f 1459/1459/1459 1464/1464/1464 1485/1485/1485
f 1464/1464/1464 1459/1459/1459 1437/1437/1437
f 1438/1438/1438 1486/1486/1486 1460/1460/1460
f 1486/1486/1486 1438/1438/1438 1465/1465/1465
f 1434/1434/1434 1487/1487/1487 1461/1461/1461
f 1487/1487/1487 1434/1434/1434 1460/1460/1460
f 1435/1435/1435 1488/1488/1488 1462/1462/1462
f 1488/1488/1488 1435/1435/1435 1461/1461/1461
f 1436/1436/1436 1489/1489/1489 1463/1463/1463
f 1489/1489/1489 1436/1436/1436 1462/1462/1462
f 1483/1483/1483 1463/1463/1463 1482/1482/1482
f 1463/1463/1463 1483/1483/1483 1464/1464/1464
f 1465/1465/1465 1466/1466/1466 1490/1490/1490
f 1466/1466/1466 1465/1465/1465 1439/1439/1439
f 1466/1466/1466 1467/1467/1467 1491/1491/1491
f 1467/1467/1467 1466/1466/1466 1440/1440/1440
f 1467/1467/1467 1468/1468/1468 1492/1492/1492
f 1468/1468/1468 1467/1467/1467 1441/1441/1441
f 1468/1468/1468 1469/1469/1469 1493/1493/1493
f 1469/1469/1469 1468/1468/1468 1442/1442/1442
f 1469/1469/1469 1470/1470/1470 1494/1494/1494
f 1470/1470/1470 1469/1469/1469 1443/1443/1443
f 1471/1471/1471 1472/1472/1472 1446/1446/1446
f 1472/1472/1472 1471/1471/1471 1495/1495/1495
f 1472/1472/1472 1483/1483/1483 1457/1457/1457
f 1483/1483/1483 1472/1472/1472 1496/1496/1496
f 1473/1473/1473 1474/1474/1474 1497/1497/1497
f 1474/1474/1474 1473/1473/1473 1448/1448/1448
f 1498/1498/1498 1449/1449/1449 1475/1475/1475
f 1449/1449/1449 1498/1498/1498 1474/1474/1474
f 1499/1499/1499 1450/1450/1450 1476/1476/1476
f 1450/1450/1450 1499/1499/1499 1475/1475/1475
f 1500/1500/1500 1451/1451/1451 1477/1477/1477
f 1451/1451/1451 1500/1500/1500 1476/1476/1476
f 1452/1452/1452 1501/1501/1501 1477/1477/1477
f 1501/1501/1501 1452/1452/1452 1478/1478/1478
f 1453/1453/1453 1502/1502/1502 1478/1478/1478
f 1502/1502/1502 1453/1453/1453 1479/1479/1479
f 1454/1454/1454 1503/1503/1503 1479/1479/1479
f 1503/1503/1503 1454/1454/1454 1480/1480/1480
f 1455/1455/1455 1504/1504/1504 1480/1480/1480
f 1504/1504/1504 1455/1455/1455 1481/1481/1481
f 1456/1456/1456 1505/1505/1505 1481/1481/1481
f 1505/1505/1505 1456/1456/1456 1482/1482/1482
f 1484/1484/1484 1485/1485/1485 1506/1506/1506
f 1485/1485/1485 1484/1484/1484 1459/1459/1459
f 1496/1496/1496 1464/1464/1464 1483/1483/1483
f 1464/1464/1464 1496/1496/1496 1485/1485/1485
f 1465/1465/1465 1507/1507/1507 1486/1486/1486
f 1507/1507/1507 1465/1465/1465 1490/1490/1490
f 1460/1460/1460 1508/1508/1508 1487/1487/1487
f 1508/1508/1508 1460/1460/1460 1486/1486/1486
f 1461/1461/1461 1509/1509/1509 1488/1488/1488
f 1509/1509/1509 1461/1461/1461 1487/1487/1487
f 1462/1462/1462 1510/1510/1510 1489/1489/1489
f 1510/1510/1510 1462/1462/1462 1488/1488/1488
f 1482/1482/1482 1489/1489/1489 1505/1505/1505
f 1489/1489/1489 1482/1482/1482 1463/1463/1463
f 1490/1490/1490 1491/1491/1491 1511/1511/1511
f 1491/1491/1491 1490/1490/1490 1466/1466/1466
f 1491/1491/1491 1492/1492/1492 1512/1512/1512
f 1492/1492/1492 1491/1491/1491 1467/1467/1467
f 1492/1492/1492 1493/1493/1493 1513/1513/1513
f 1493/1493/1493 1492/1492/1492 1468/1468/1468
f 1493/1493/1493 1494/1494/1494 1514/1514/1514
f 1494/1494/1494 1493/1493/1493 1469/1469/1469
f 1495/1495/1495 1496/1496/1496 1472/1472/1472
f 1496/1496/1496 1495/1495/1495 1515/1515/1515
f 1516/1516/1516 1474/1474/1474 1498/1498/1498
f 1474/1474/1474 1516/1516/1516 1497/1497/1497
f 1517/1517/1517 1475/1475/1475 1499/1499/1499
f 1475/1475/1475 1517/1517/1517 1498/1498/1498
f 1518/1518/1518 1476/1476/1476 1500/1500/1500
f 1476/1476/1476 1518/1518/1518 1499/1499/1499
f 1477/1477/1477 1519/1519/1519 1500/1500/1500
f 1519/1519/1519 1477/1477/1477 1501/1501/1501
f 1478/1478/1478 1520/1520/1520 1501/1501/1501
f 1520/1520/1520 1478/1478/1478 1502/1502/1502
f 1479/1479/1479 1521/1521/1521 1502/1502/1502
f 1521/1521/1521 1479/1479/1479 1503/1503/1503
f 1480/1480/1480 1522/1522/1522 1503/1503/1503
f 1522/1522/1522 1480/1480/1480 1504/1504/1504
f 1481/1481/1481 1523/1523/1523 1504/1504/1504
f 1523/1523/1523 1481/1481/1481 1505/1505/1505
f 1515/1515/1515 1485/1485/1485 1496/1496/1496
f 1485/1485/1485 1515/1515/1515 1506/1506/1506
f 1486/1486/1486 1524/1524/1524 1508/1508/1508
f 1524/1524/1524 1486/1486/1486 1507/1507/1507
f 1490/1490/1490 1525/1525/1525 1507/1507/1507
f 1525/1525/1525 1490/1490/1490 1511/1511/1511
f 1487/1487/1487 1526/1526/1526 1509/1509/1509
f 1526/1526/1526 1487/1487/1487 1508/1508/1508
f 1488/1488/1488 1527/1527/1527 1510/1510/1510
f 1527/1527/1527 1488/1488/1488 1509/1509/1509
f 1505/1505/1505 1510/1510/1510 1523/1523/1523
f 1510/1510/1510 1505/1505/1505 1489/1489/1489
f 1511/1511/1511 1512/1512/1512 1528/1528/1528
f 1512/1512/1512 1511/1511/1511 1491/1491/1491
f 1512/1512/1512 1513/1513/1513 1529/1529/1529
f 1513/1513/1513 1512/1512/1512 1492/1492/1492
f 1513/1513/1513 1514/1514/1514 1530/1530/1530
f 1514/1514/1514 1513/1513/1513 1493/1493/1493
f 1531/1531/1531 1498/1498/1498 1517/1517/1517
f 1498/1498/1498 1531/1531/1531 1516/1516/1516
f 1532/1532/1532 1499/1499/1499 1518/1518/1518
f 1499/1499/1499 1532/1532/1532 1517/1517/1517
f 1500/1500/1500 1533/1533/1533 1518/1518/1518
f 1533/1533/1533 1500/1500/1500 1519/1519/1519
f 1501/1501/1501 1534/1534/1534 1519/1519/1519
f 1534/1534/1534 1501/1501/1501 1520/1520/1520
f 1502/1502/1502 1535/1535/1535 1520/1520/1520
f 1535/1535/1535 1502/1502/1502 1521/1521/1521
f 1503/1503/1503 1536/1536/1536 1521/1521/1521
f 1536/1536/1536 1503/1503/1503 1522/1522/1522
f 1504/1504/1504 1537/1537/1537 1522/1522/1522
f 1537/1537/1537 1504/1504/1504 1523/1523/1523
f 1507/1507/1507 1538/1538/1538 1524/1524/1524
f 1538/1538/1538 1507/1507/1507 1525/1525/1525
f 1508/1508/1508 1539/1539/1539 1526/1526/1526
f 1539/1539/1539 1508/1508/1508 1524/1524/1524
f 1511/1511/1511 1540/1540/1540 1525/1525/1525
f 1540/1540/1540 1511/1511/1511 1528/1528/1528
f 1509/1509/1509 1541/1541/1541 1527/1527/1527
f 1541/1541/1541 1509/1509/1509 1526/1526/1526
f 1523/1523/1523 1527/1527/1527 1537/1537/1537
f 1527/1527/1527 1523/1523/1523 1510/1510/1510
f 1528/1528/1528 1529/1529/1529 1542/1542/1542
f 1529/1529/1529 1528/1528/1528 1512/1512/1512
f 1529/1529/1529 1530/1530/1530 1543/1543/1543
f 1530/1530/1530 1529/1529/1529 1513/1513/1513
f 1544/1544/1544 1517/1517/1517 1532/1532/1532
f 1517/1517/1517 1544/1544/1544 1531/1531/1531
f 1518/1518/1518 1545/1545/1545 1532/1532/1532
f 1545/1545/1545 1518/1518/1518 1533/1533/1533
f 1519/1519/1519 1546/1546/1546 1533/1533/1533
f 1546/1546/1546 1519/1519/1519 1534/1534/1534
f 1520/1520/1520 1547/1547/1547 1534/1534/1534
f 1547/1547/1547 1520/1520/1520 1535/1535/1535
f 1521/1521/1521 1548/1548/1548 1535/1535/1535
f 1548/1548/1548 1521/1521/1521 1536/1536/1536
f 1522/1522/1522 1549/1549/1549 1536/1536/1536
f 1549/1549/1549 1522/1522/1522 1537/1537/1537
f 1525/1525/1525 1550/1550/1550 1538/1538/1538
f 1550/1550/1550 1525/1525/1525 1540/1540/1540
f 1524/1524/1524 1551/1551/1551 1539/1539/1539
f 1551/1551/1551 1524/1524/1524 1538/1538/1538
f 1526/1526/1526 1552/1552/1552 1541/1541/1541
f 1552/1552/1552 1526/1526/1526 1539/1539/1539
f 1528/1528/1528 1553/1553/1553 1540/1540/1540
f 1553/1553/1553 1528/1528/1528 1542/1542/1542
f 1537/1537/1537 1541/1541/1541 1549/1549/1549
f 1541/1541/1541 1537/1537/1537 1527/1527/1527
f 1542/1542/1542 1543/1543/1543 1554/1554/1554
f 1543/1543/1543 1542/1542/1542 1529/1529/1529
f 1532/1532/1532 1555/1555/1555 1544/1544/1544
f 1555/1555/1555 1532/1532/1532 1545/1545/1545
f 1533/1533/1533 1556/1556/1556 1545/1545/1545
f 1556/1556/1556 1533/1533/1533 1546/1546/1546
f 1534/1534/1534 1557/1557/1557 1546/1546/1546
f 1557/1557/1557 1534/1534/1534 1547/1547/1547
f 1535/1535/1535 1558/1558/1558 1547/1547/1547
f 1558/1558/1558 1535/1535/1535 1548/1548/1548
f 1536/1536/1536 1559/1559/1559 1548/1548/1548
f 1559/1559/1559 1536/1536/1536 1549/1549/1549
f 1540/1540/1540 1560/1560/1560 1550/1550/1550
f 1560/1560/1560 1540/1540/1540 1553/1553/1553
f 1538/1538/1538 1561/1561/1561 1551/1551/1551
f 1561/1561/1561 1538/1538/1538 1550/1550/1550
f 1539/1539/1539 1562/1562/1562 1552/1552/1552
f 1562/1562/1562 1539/1539/1539 1551/1551/1551
f 1549/1549/1549 1552/1552/1552 1559/1559/1559
f 1552/1552/1552 1549/1549/1549 1541/1541/1541
f 1542/1542/1542 1563/1563/1563 1553/1553/1553
f 1563/1563/1563 1542/1542/1542 1554/1554/1554
f 1545/1545/1545 1564/1564/1564 1555/1555/1555
f 1564/1564/1564 1545/1545/1545 1556/1556/1556
f 1546/1546/1546 1565/1565/1565 1556/1556/1556
f 1565/1565/1565 1546/1546/1546 1557/1557/1557
f 1547/1547/1547 1566/1566/1566 1557/1557/1557
f 1566/1566/1566 1547/1547/1547 1558/1558/1558
f 1548/1548/1548 1567/1567/1567 1558/1558/1558
f 1567/1567/1567 1548/1548/1548 1559/1559/1559
f 1553/1553/1553 1568/1568/1568 1560/1560/1560
f 1568/1568/1568 1553/1553/1553 1563/1563/1563
f 1550/1550/1550 1569/1569/1569 1561/1561/1561
f 1569/1569/1569 1550/1550/1550 1560/1560/1560
f 1551/1551/1551 1570/1570/1570 1562/1562/1562
f 1570/1570/1570 1551/1551/1551 1561/1561/1561
f 1559/1559/1559 1562/1562/1562 1567/1567/1567
f 1562/1562/1562 1559/1559/1559 1552/1552/1552
f 1556/1556/1556 1571/1571/1571 1564/1564/1564
f 1571/1571/1571 1556/1556/1556 1565/1565/1565
f 1557/1557/1557 1572/1572/1572 1565/1565/1565
f 1572/1572/1572 1557/1557/1557 1566/1566/1566
f 1558/1558/1558 1573/1573/1573 1566/1566/1566
f 1573/1573/1573 1558/1558/1558 1567/1567/1567
f 1560/1560/1560 1574/1574/1574 1569/1569/1569
f 1574/1574/1574 1560/1560/1560 1568/1568/1568
f 1561/1561/1561 1575/1575/1575 1570/1570/1570
f 1575/1575/1575 1561/1561/1561 1569/1569/1569
f 1567/1567/1567 1570/1570/1570 1573/1573/1573
f 1570/1570/1570 1567/1567/1567 1562/1562/1562
f 1565/1565/1565 1576/1576/1576 1571/1571/1571
f 1576/1576/1576 1565/1565/1565 1572/1572/1572
f 1566/1566/1566 1577/1577/1577 1572/1572/1572
f 1577/1577/1577 1566/1566/1566 1573/1573/1573
f 1569/1569/1569 1578/1578/1578 1575/1575/1575
f 1578/1578/1578 1569/1569/1569 1574/1574/1574
f 1573/1573/1573 1575/1575/1575 1577/1577/1577
f 1575/1575/1575 1573/1573/1573 1570/1570/1570
f 1572/1572/1572 1579/1579/1579 1576/1576/1576
f 1579/1579/1579 1572/1572/1572 1577/1577/1577
f 1577/1577/1577 1578/1578/1578 1579/1579/1579
f 1578/1578/1578 1577/1577/1577 1575/1575/1575
f 1580/1580/1580 1581/1581/1581 1582/1582/1582
f 1581/1581/1581 1580/1580/1580 1583/1583/1583
f 1581/1581/1581 1583/1583/1583 1584/1584/1584
f 1584/1584/1584 1583/1583/1583 1585/1585/1585
f 1585/1585/1585 1583/1583/1583 1586/1586/1586
f 1586/1586/1586 1583/1583/1583 1587/1587/1587
f 1586/1586/1586 1587/1587/1587 1588/1588/1588
f 1588/1588/1588 1587/1587/1587 1589/1589/1589
f 1588/1588/1588 1589/1589/1589 1590/1590/1590
f 1590/1590/1590 1589/1589/1589 1591/1591/1591
f 1590/1590/1590 1591/1591/1591 1592/1592/1592
f 1592/1592/1592 1591/1591/1591 1593/1593/1593
f 1592/1592/1592 1593/1593/1593 1594/1594/1594
f 1594/1594/1594 1593/1593/1593 1595/1595/1595
f 1594/1594/1594 1595/1595/1595 1596/1596/1596
f 1596/1596/1596 1595/1595/1595 1597/1597/1597
f 1597/1597/1597 1595/1595/1595 1598/1598/1598
f 1597/1597/1597 1598/1598/1598 1599/1599/1599
f 1599/1599/1599 1598/1598/1598 1600/1600/1600
f 1599/1599/1599 1600/1600/1600 1601/1601/1601
f 1601/1601/1601 1600/1600/1600 1602/1602/1602
f 1601/1601/1601 1602/1602/1602 1603/1603/1603
f 1603/1603/1603 1602/1602/1602 1604/1604/1604
f 1603/1603/1603 1604/1604/1604 1605/1605/1605
f 1584/1584/1584 1606/1606/1606 1581/1581/1581
f 1606/1606/1606 1584/1584/1584 1607/1607/1607
f 1606/1606/1606 1607/1607/1607 1608/1608/1608
f 1606/1606/1606 1608/1608/1608 1609/1609/1609
f 1609/1609/1609 1608/1608/1608 1610/1610/1610
f 1609/1609/1609 1610/1610/1610 1611/1611/1611
f 1611/1611/1611 1610/1610/1610 1612/1612/1612
f 1611/1611/1611 1612/1612/1612 1613/1613/1613
f 1613/1613/1613 1612/1612/1612 1614/1614/1614
f 1613/1613/1613 1614/1614/1614 1615/1615/1615
f 1615/1615/1615 1614/1614/1614 1616/1616/1616
f 1615/1615/1615 1616/1616/1616 1617/1617/1617
f 1615/1615/1615 1617/1617/1617 1618/1618/1618
f 1618/1618/1618 1617/1617/1617 1619/1619/1619
f 1618/1618/1618 1619/1619/1619 1620/1620/1620
f 1620/1620/1620 1619/1619/1619 1621/1621/1621
f 1620/1620/1620 1621/1621/1621 1622/1622/1622
f 1622/1622/1622 1621/1621/1621 1623/1623/1623
f 1622/1622/1622 1623/1623/1623 1624/1624/1624
f 1624/1624/1624 1623/1623/1623 1625/1625/1625
f 1624/1624/1624 1625/1625/1625 1626/1626/1626
f 1626/1626/1626 1625/1625/1625 1605/1605/1605
f 1626/1626/1626 1605/1605/1605 1604/1604/1604
f 1626/1626/1626 1604/1604/1604 1627/1627/1627
f 1628/1628/1628 1629/1629/1629 1630/1630/1630
f 1631/1631/1631 1630/1630/1630 1629/1629/1629
f 1632/1632/1632 1633/1633/1633 1634/1634/1634
f 1635/1635/1635 1634/1634/1634 1633/1633/1633
f 1636/1636/1636 1637/1637/1637 1638/1638/1638
f 1639/1639/1639 1638/1638/1638 1637/1637/1637
f 1640/1640/1640 1641/1641/1641 1642/1642/1642
f 1641/1641/1641 1640/1640/1640 1643/1643/1643
f 1644/1644/1644 1645/1645/1645 1646/1646/1646
f 1645/1645/1645 1644/1644/1644 1647/1647/1647
f 1648/1648/1648 1649/1649/1649 1650/1650/1650
f 1649/1649/1649 1648/1648/1648 1651/1651/1651
f 1652/1652/1652 1653/1653/1653 1654/1654/1654
f 1653/1653/1653 1652/1652/1652 1655/1655/1655
f 1656/1656/1656 1657/1657/1657 1658/1658/1658
f 1657/1657/1657 1656/1656/1656 1659/1659/1659
f 1660/1660/1660 1661/1661/1661 1662/1662/1662
f 1661/1661/1661 1660/1660/1660 1663/1663/1663
f 1664/1664/1664 1665/1665/1665 1666/1666/1666
f 1665/1665/1665 1664/1664/1664 1667/1667/1667
f 1668/1668/1668 1669/1669/1669 1670/1670/1670
f 1669/1669/1669 1668/1668/1668 1671/1671/1671
f 1672/1672/1672 1673/1673/1673 1674/1674/1674
f 1673/1673/1673 1672/1672/1672 1675/1675/1675

# BEGIN_MODEL_TREE
# MODELNODE Sketchfab_model
# LOCALTRANS -8.34465e-08 0.1 0 0 -0.1 -8.34465e-08 0 0 0 0 0.1 0 9.7 -20.04 -0.4 1
# MESH 0
# CHILDREN 1
#     MODELNODE Collada visual scene group
#     LOCALTRANS 1 0 0 0 0 1 0 0 0 0 1 0 -3.15742e-05 0 0 1
#     MESH 0
#     CHILDREN 1
#         MODELNODE SketchUp
#         LOCALTRANS 1 0 0 0 0 1 0 0 0 0 1 0 -1.63154e-05 0 0 1
#         MESH 0
#         CHILDREN 5
#             MODELNODE Material2
#             LOCALTRANS 0.4 0 0 0 0 0.4 0 0 0 0 0.4 0 200.4 96.9999 4 1
#             MESH 1 0
#             CHILDREN 0
#             MODELNODE Material2.001
#             LOCALTRANS 0.4 0 0 0 0 0.4 0 0 0 0 0.4 0 200.4 96.9999 4 1
#             MESH 1 1
#             CHILDREN 0
#             MODELNODE Material2.002
#             LOCALTRANS 0.4 0 0 0 0 0.4 0 0 0 0 0.4 0 200.4 96.9999 4 1
#             MESH 1 2
#             CHILDREN 0
#             MODELNODE Material2.003
#             LOCALTRANS 1 0 0 0 0 1 0 0 0 0 1 0 0 0 0 1
#             MESH 0
#             CHILDREN 0
#             MODELNODE skp_camera_Last_Saved_SketchUp_View
#             LOCALTRANS 0.725384 0.688345 2.56175e-07 0 -0.0501518 0.0528499 0.997342 0 0.686515 -0.723456 0.0728582 0 387.345 -175.973 15.5334 1
#             MESH 0
#             CHILDREN 1
#                 MODELNODE ID1.001
#                 LOCALTRANS 1 0 0 0 0 1 0 0 0 0 1 0 -4.67379e-05 0 -1.25766e-05 1
#                 MESH 0
#                 CHILDREN 0
# END_MODEL_TREE
